cluster_id,cluster_label,clip_filename,video_name,clip_start,clip_end,clip_duration,session,run,video_onset,video_duration,clip_onset,clip_duration_actual,clip_onset_TR,clip_end_TR
0,stardust,ses-03_run-03_order-03_content-stardust_chunk_0089.mp4,stardust,178,180,2,ses-03,run-03,254.526,196.878,432.526,2,940.2739130434783,944.6217391304348
0,stardust,ses-03_run-03_order-03_content-stardust_chunk_0090.mp4,stardust,180,182,2,ses-03,run-03,254.526,196.878,434.526,2,944.6217391304348,948.9695652173913
0,stardust,ses-03_run-03_order-03_content-stardust_chunk_0094.mp4,stardust,188,190,2,ses-03,run-03,254.526,196.878,442.526,2,962.0130434782609,966.3608695652174
0,stardust,ses-03_run-03_order-03_content-stardust_chunk_0097.mp4,stardust,194,196,2,ses-03,run-03,254.526,196.878,448.526,2,975.0565217391304,979.4043478260869
0,stardust,ses-03_run-03_order-03_content-stardust_chunk_0095.mp4,stardust,190,192,2,ses-03,run-03,254.526,196.878,444.526,2,966.3608695652174,970.7086956521739
0,stardust,ses-03_run-03_order-03_content-stardust_chunk_0096.mp4,stardust,192,194,2,ses-03,run-03,254.526,196.878,446.526,2,970.7086956521739,975.0565217391304
0,stardust,ses-03_run-03_order-03_content-stardust_chunk_0093.mp4,stardust,186,188,2,ses-03,run-03,254.526,196.878,440.526,2,957.6652173913043,962.0130434782609
0,stardust,ses-03_run-03_order-03_content-stardust_chunk_0091.mp4,stardust,182,184,2,ses-03,run-03,254.526,196.878,436.526,2,948.9695652173913,953.3173913043478
0,stardust,ses-03_run-03_order-03_content-stardust_chunk_0092.mp4,stardust,184,186,2,ses-03,run-03,254.526,196.878,438.526,2,953.3173913043478,957.6652173913043
1,stardust,ses-03_run-03_order-03_content-stardust_chunk_0062.mp4,stardust,124,126,2,ses-03,run-03,254.526,196.878,378.526,2,822.8826086956522,827.2304347826087
1,stardust,ses-03_run-03_order-03_content-stardust_chunk_0060.mp4,stardust,120,122,2,ses-03,run-03,254.526,196.878,374.526,2,814.1869565217391,818.5347826086957
1,stardust,ses-03_run-03_order-03_content-stardust_chunk_0061.mp4,stardust,122,124,2,ses-03,run-03,254.526,196.878,376.526,2,818.5347826086957,822.8826086956522
1,stardust,ses-03_run-03_order-03_content-stardust_chunk_0065.mp4,stardust,130,132,2,ses-03,run-03,254.526,196.878,384.526,2,835.9260869565218,840.2739130434783
1,stardust,ses-03_run-03_order-03_content-stardust_chunk_0063.mp4,stardust,126,128,2,ses-03,run-03,254.526,196.878,380.526,2,827.2304347826087,831.5782608695652
1,stardust,ses-03_run-03_order-03_content-stardust_chunk_0064.mp4,stardust,128,130,2,ses-03,run-03,254.526,196.878,382.526,2,831.5782608695652,835.9260869565218
1,stardust,ses-03_run-03_order-03_content-stardust_chunk_0066.mp4,stardust,132,134,2,ses-03,run-03,254.526,196.878,386.526,2,840.2739130434783,844.6217391304348
1,stardust,ses-03_run-03_order-03_content-stardust_chunk_0067.mp4,stardust,134,136,2,ses-03,run-03,254.526,196.878,388.526,2,844.6217391304348,848.9695652173913
1,stardust,ses-03_run-03_order-03_content-stardust_chunk_0059.mp4,stardust,118,120,2,ses-03,run-03,254.526,196.878,372.526,2,809.8391304347826,814.1869565217391
1,stardust,ses-03_run-03_order-03_content-stardust_chunk_0058.mp4,stardust,116,118,2,ses-03,run-03,254.526,196.878,370.526,2,805.491304347826,809.8391304347826
1,stardust,ses-03_run-03_order-03_content-stardust_chunk_0056.mp4,stardust,112,114,2,ses-03,run-03,254.526,196.878,366.526,2,796.795652173913,801.1434782608695
1,stardust,ses-03_run-03_order-03_content-stardust_chunk_0057.mp4,stardust,114,116,2,ses-03,run-03,254.526,196.878,368.526,2,801.1434782608695,805.491304347826
1,stardust,ses-03_run-03_order-03_content-stardust_chunk_0055.mp4,stardust,110,112,2,ses-03,run-03,254.526,196.878,364.526,2,792.4478260869565,796.795652173913
1,stardust,ses-03_run-03_order-03_content-stardust_chunk_0053.mp4,stardust,106,108,2,ses-03,run-03,254.526,196.878,360.526,2,783.7521739130435,788.1
1,stardust,ses-03_run-03_order-03_content-stardust_chunk_0054.mp4,stardust,108,110,2,ses-03,run-03,254.526,196.878,362.526,2,788.1,792.4478260869565
1,stardust,ses-03_run-03_order-03_content-stardust_chunk_0047.mp4,stardust,94,96,2,ses-03,run-03,254.526,196.878,348.526,2,757.6652173913043,762.0130434782609
1,stardust,ses-03_run-03_order-03_content-stardust_chunk_0048.mp4,stardust,96,98,2,ses-03,run-03,254.526,196.878,350.526,2,762.0130434782609,766.3608695652174
1,stardust,ses-03_run-03_order-03_content-stardust_chunk_0049.mp4,stardust,98,100,2,ses-03,run-03,254.526,196.878,352.526,2,766.3608695652174,770.7086956521739
1,stardust,ses-03_run-03_order-03_content-stardust_chunk_0052.mp4,stardust,104,106,2,ses-03,run-03,254.526,196.878,358.526,2,779.4043478260869,783.7521739130435
1,stardust,ses-03_run-03_order-03_content-stardust_chunk_0050.mp4,stardust,100,102,2,ses-03,run-03,254.526,196.878,354.526,2,770.7086956521739,775.0565217391304
1,stardust,ses-03_run-03_order-03_content-stardust_chunk_0051.mp4,stardust,102,104,2,ses-03,run-03,254.526,196.878,356.526,2,775.0565217391304,779.4043478260869
2,stardust,ses-03_run-03_order-03_content-stardust_chunk_0072.mp4,stardust,144,146,2,ses-03,run-03,254.526,196.878,398.526,2,866.3608695652174,870.7086956521739
2,stardust,ses-03_run-03_order-03_content-stardust_chunk_0073.mp4,stardust,146,148,2,ses-03,run-03,254.526,196.878,400.526,2,870.7086956521739,875.0565217391304
2,stardust,ses-03_run-03_order-03_content-stardust_chunk_0074.mp4,stardust,148,150,2,ses-03,run-03,254.526,196.878,402.526,2,875.0565217391304,879.4043478260869
2,stardust,ses-03_run-03_order-03_content-stardust_chunk_0075.mp4,stardust,150,152,2,ses-03,run-03,254.526,196.878,404.526,2,879.4043478260869,883.7521739130434
2,stardust,ses-03_run-03_order-03_content-stardust_chunk_0068.mp4,stardust,136,138,2,ses-03,run-03,254.526,196.878,390.526,2,848.9695652173913,853.3173913043478
2,stardust,ses-03_run-03_order-03_content-stardust_chunk_0069.mp4,stardust,138,140,2,ses-03,run-03,254.526,196.878,392.526,2,853.3173913043478,857.6652173913043
2,stardust,ses-03_run-03_order-03_content-stardust_chunk_0070.mp4,stardust,140,142,2,ses-03,run-03,254.526,196.878,394.526,2,857.6652173913043,862.0130434782609
2,stardust,ses-03_run-03_order-03_content-stardust_chunk_0071.mp4,stardust,142,144,2,ses-03,run-03,254.526,196.878,396.526,2,862.0130434782609,866.3608695652174
2,stardust,ses-03_run-03_order-03_content-stardust_chunk_0088.mp4,stardust,176,178,2,ses-03,run-03,254.526,196.878,430.526,2,935.9260869565218,940.2739130434783
2,stardust,ses-03_run-03_order-03_content-stardust_chunk_0086.mp4,stardust,172,174,2,ses-03,run-03,254.526,196.878,426.526,2,927.2304347826087,931.5782608695652
2,stardust,ses-03_run-03_order-03_content-stardust_chunk_0087.mp4,stardust,174,176,2,ses-03,run-03,254.526,196.878,428.526,2,931.5782608695652,935.9260869565218
2,stardust,ses-03_run-03_order-03_content-stardust_chunk_0083.mp4,stardust,166,168,2,ses-03,run-03,254.526,196.878,420.526,2,914.1869565217391,918.5347826086957
2,stardust,ses-03_run-03_order-03_content-stardust_chunk_0084.mp4,stardust,168,170,2,ses-03,run-03,254.526,196.878,422.526,2,918.5347826086957,922.8826086956522
2,stardust,ses-03_run-03_order-03_content-stardust_chunk_0085.mp4,stardust,170,172,2,ses-03,run-03,254.526,196.878,424.526,2,922.8826086956522,927.2304347826087
2,stardust,ses-03_run-03_order-03_content-stardust_chunk_0081.mp4,stardust,162,164,2,ses-03,run-03,254.526,196.878,416.526,2,905.491304347826,909.8391304347826
2,stardust,ses-03_run-03_order-03_content-stardust_chunk_0082.mp4,stardust,164,166,2,ses-03,run-03,254.526,196.878,418.526,2,909.8391304347826,914.1869565217391
2,stardust,ses-03_run-03_order-03_content-stardust_chunk_0079.mp4,stardust,158,160,2,ses-03,run-03,254.526,196.878,412.526,2,896.795652173913,901.1434782608695
2,stardust,ses-03_run-03_order-03_content-stardust_chunk_0080.mp4,stardust,160,162,2,ses-03,run-03,254.526,196.878,414.526,2,901.1434782608695,905.491304347826
2,stardust,ses-03_run-03_order-03_content-stardust_chunk_0078.mp4,stardust,156,158,2,ses-03,run-03,254.526,196.878,410.526,2,892.4478260869565,896.795652173913
2,stardust,ses-03_run-03_order-03_content-stardust_chunk_0076.mp4,stardust,152,154,2,ses-03,run-03,254.526,196.878,406.526,2,883.7521739130434,888.1
2,stardust,ses-03_run-03_order-03_content-stardust_chunk_0077.mp4,stardust,154,156,2,ses-03,run-03,254.526,196.878,408.526,2,888.1,892.4478260869565
3,stardust,ses-03_run-03_order-03_content-stardust_chunk_0005.mp4,stardust,10,12,2,ses-03,run-03,254.526,196.878,264.526,2,575.0565217391304,579.4043478260869
3,stardust,ses-03_run-03_order-03_content-stardust_chunk_0009.mp4,stardust,18,20,2,ses-03,run-03,254.526,196.878,272.526,2,592.4478260869565,596.795652173913
3,stardust,ses-03_run-03_order-03_content-stardust_chunk_0006.mp4,stardust,12,14,2,ses-03,run-03,254.526,196.878,266.526,2,579.4043478260869,583.7521739130435
3,stardust,ses-03_run-03_order-03_content-stardust_chunk_0007.mp4,stardust,14,16,2,ses-03,run-03,254.526,196.878,268.526,2,583.7521739130435,588.1
3,stardust,ses-03_run-03_order-03_content-stardust_chunk_0008.mp4,stardust,16,18,2,ses-03,run-03,254.526,196.878,270.526,2,588.1,592.4478260869565
3,stardust,ses-03_run-03_order-03_content-stardust_chunk_0000.mp4,stardust,0,2,2,ses-03,run-03,254.526,196.878,254.526,2,553.3173913043478,557.6652173913044
3,stardust,ses-03_run-03_order-03_content-stardust_chunk_0001.mp4,stardust,2,4,2,ses-03,run-03,254.526,196.878,256.526,2,557.6652173913044,562.0130434782609
3,stardust,ses-03_run-03_order-03_content-stardust_chunk_0002.mp4,stardust,4,6,2,ses-03,run-03,254.526,196.878,258.526,2,562.0130434782609,566.3608695652174
3,stardust,ses-03_run-03_order-03_content-stardust_chunk_0003.mp4,stardust,6,8,2,ses-03,run-03,254.526,196.878,260.526,2,566.3608695652174,570.7086956521739
3,stardust,ses-03_run-03_order-03_content-stardust_chunk_0004.mp4,stardust,8,10,2,ses-03,run-03,254.526,196.878,262.526,2,570.7086956521739,575.0565217391304
3,stardust,ses-03_run-03_order-03_content-stardust_chunk_0022.mp4,stardust,44,46,2,ses-03,run-03,254.526,196.878,298.526,2,648.9695652173913,653.3173913043478
3,stardust,ses-03_run-03_order-03_content-stardust_chunk_0023.mp4,stardust,46,48,2,ses-03,run-03,254.526,196.878,300.526,2,653.3173913043478,657.6652173913044
3,stardust,ses-03_run-03_order-03_content-stardust_chunk_0020.mp4,stardust,40,42,2,ses-03,run-03,254.526,196.878,294.526,2,640.2739130434783,644.6217391304348
3,stardust,ses-03_run-03_order-03_content-stardust_chunk_0021.mp4,stardust,42,44,2,ses-03,run-03,254.526,196.878,296.526,2,644.6217391304348,648.9695652173913
3,stardust,ses-03_run-03_order-03_content-stardust_chunk_0018.mp4,stardust,36,38,2,ses-03,run-03,254.526,196.878,290.526,2,631.5782608695652,635.9260869565218
3,stardust,ses-03_run-03_order-03_content-stardust_chunk_0019.mp4,stardust,38,40,2,ses-03,run-03,254.526,196.878,292.526,2,635.9260869565218,640.2739130434783
3,stardust,ses-03_run-03_order-03_content-stardust_chunk_0010.mp4,stardust,20,22,2,ses-03,run-03,254.526,196.878,274.526,2,596.795652173913,601.1434782608695
3,stardust,ses-03_run-03_order-03_content-stardust_chunk_0011.mp4,stardust,22,24,2,ses-03,run-03,254.526,196.878,276.526,2,601.1434782608695,605.491304347826
3,stardust,ses-03_run-03_order-03_content-stardust_chunk_0012.mp4,stardust,24,26,2,ses-03,run-03,254.526,196.878,278.526,2,605.491304347826,609.8391304347826
3,stardust,ses-03_run-03_order-03_content-stardust_chunk_0013.mp4,stardust,26,28,2,ses-03,run-03,254.526,196.878,280.526,2,609.8391304347826,614.1869565217391
3,stardust,ses-03_run-03_order-03_content-stardust_chunk_0016.mp4,stardust,32,34,2,ses-03,run-03,254.526,196.878,286.526,2,622.8826086956522,627.2304347826087
3,stardust,ses-03_run-03_order-03_content-stardust_chunk_0017.mp4,stardust,34,36,2,ses-03,run-03,254.526,196.878,288.526,2,627.2304347826087,631.5782608695652
3,stardust,ses-03_run-03_order-03_content-stardust_chunk_0014.mp4,stardust,28,30,2,ses-03,run-03,254.526,196.878,282.526,2,614.1869565217391,618.5347826086957
3,stardust,ses-03_run-03_order-03_content-stardust_chunk_0015.mp4,stardust,30,32,2,ses-03,run-03,254.526,196.878,284.526,2,618.5347826086957,622.8826086956522
3,stardust,ses-03_run-03_order-03_content-stardust_chunk_0042.mp4,stardust,84,86,2,ses-03,run-03,254.526,196.878,338.526,2,735.9260869565218,740.2739130434783
3,stardust,ses-03_run-03_order-03_content-stardust_chunk_0043.mp4,stardust,86,88,2,ses-03,run-03,254.526,196.878,340.526,2,740.2739130434783,744.6217391304348
3,stardust,ses-03_run-03_order-03_content-stardust_chunk_0046.mp4,stardust,92,94,2,ses-03,run-03,254.526,196.878,346.526,2,753.3173913043478,757.6652173913043
3,stardust,ses-03_run-03_order-03_content-stardust_chunk_0044.mp4,stardust,88,90,2,ses-03,run-03,254.526,196.878,342.526,2,744.6217391304348,748.9695652173913
3,stardust,ses-03_run-03_order-03_content-stardust_chunk_0045.mp4,stardust,90,92,2,ses-03,run-03,254.526,196.878,344.526,2,748.9695652173913,753.3173913043478
3,stardust,ses-03_run-03_order-03_content-stardust_chunk_0038.mp4,stardust,76,78,2,ses-03,run-03,254.526,196.878,330.526,2,718.5347826086957,722.8826086956522
3,stardust,ses-03_run-03_order-03_content-stardust_chunk_0039.mp4,stardust,78,80,2,ses-03,run-03,254.526,196.878,332.526,2,722.8826086956522,727.2304347826087
3,stardust,ses-03_run-03_order-03_content-stardust_chunk_0040.mp4,stardust,80,82,2,ses-03,run-03,254.526,196.878,334.526,2,727.2304347826087,731.5782608695652
3,stardust,ses-03_run-03_order-03_content-stardust_chunk_0041.mp4,stardust,82,84,2,ses-03,run-03,254.526,196.878,336.526,2,731.5782608695652,735.9260869565218
3,stardust,ses-03_run-03_order-03_content-stardust_chunk_0024.mp4,stardust,48,50,2,ses-03,run-03,254.526,196.878,302.526,2,657.6652173913044,662.0130434782609
3,stardust,ses-03_run-03_order-03_content-stardust_chunk_0025.mp4,stardust,50,52,2,ses-03,run-03,254.526,196.878,304.526,2,662.0130434782609,666.3608695652174
3,stardust,ses-03_run-03_order-03_content-stardust_chunk_0026.mp4,stardust,52,54,2,ses-03,run-03,254.526,196.878,306.526,2,666.3608695652174,670.7086956521739
3,stardust,ses-03_run-03_order-03_content-stardust_chunk_0027.mp4,stardust,54,56,2,ses-03,run-03,254.526,196.878,308.526,2,670.7086956521739,675.0565217391304
3,stardust,ses-03_run-03_order-03_content-stardust_chunk_0028.mp4,stardust,56,58,2,ses-03,run-03,254.526,196.878,310.526,2,675.0565217391304,679.4043478260869
3,stardust,ses-03_run-03_order-03_content-stardust_chunk_0029.mp4,stardust,58,60,2,ses-03,run-03,254.526,196.878,312.526,2,679.4043478260869,683.7521739130435
3,stardust,ses-03_run-03_order-03_content-stardust_chunk_0030.mp4,stardust,60,62,2,ses-03,run-03,254.526,196.878,314.526,2,683.7521739130435,688.1
3,stardust,ses-03_run-03_order-03_content-stardust_chunk_0037.mp4,stardust,74,76,2,ses-03,run-03,254.526,196.878,328.526,2,714.1869565217391,718.5347826086957
3,stardust,ses-03_run-03_order-03_content-stardust_chunk_0035.mp4,stardust,70,72,2,ses-03,run-03,254.526,196.878,324.526,2,705.491304347826,709.8391304347826
3,stardust,ses-03_run-03_order-03_content-stardust_chunk_0036.mp4,stardust,72,74,2,ses-03,run-03,254.526,196.878,326.526,2,709.8391304347826,714.1869565217391
3,stardust,ses-03_run-03_order-03_content-stardust_chunk_0031.mp4,stardust,62,64,2,ses-03,run-03,254.526,196.878,316.526,2,688.1,692.4478260869565
3,stardust,ses-03_run-03_order-03_content-stardust_chunk_0032.mp4,stardust,64,66,2,ses-03,run-03,254.526,196.878,318.526,2,692.4478260869565,696.795652173913
3,stardust,ses-03_run-03_order-03_content-stardust_chunk_0033.mp4,stardust,66,68,2,ses-03,run-03,254.526,196.878,320.526,2,696.795652173913,701.1434782608695
3,stardust,ses-03_run-03_order-03_content-stardust_chunk_0034.mp4,stardust,68,70,2,ses-03,run-03,254.526,196.878,322.526,2,701.1434782608695,705.491304347826
4,wanderers,ses-01_run-01_order-02_content-wanderers_chunk_0096.mp4,wanderers,192,194,2,ses-01,run-01,87.286,198.135,279.286,2,607.1434782608695,611.491304347826
4,wanderers,ses-01_run-01_order-02_content-wanderers_chunk_0097.mp4,wanderers,194,196,2,ses-01,run-01,87.286,198.135,281.286,2,611.491304347826,615.8391304347825
4,wanderers,ses-01_run-01_order-02_content-wanderers_chunk_0098.mp4,wanderers,196,198,2,ses-01,run-01,87.286,198.135,283.286,2,615.8391304347825,620.1869565217391
4,wanderers,ses-01_run-01_order-02_content-wanderers_chunk_0094.mp4,wanderers,188,190,2,ses-01,run-01,87.286,198.135,275.286,2,598.4478260869565,602.795652173913
4,wanderers,ses-01_run-01_order-02_content-wanderers_chunk_0095.mp4,wanderers,190,192,2,ses-01,run-01,87.286,198.135,277.286,2,602.795652173913,607.1434782608695
4,wanderers,ses-01_run-01_order-02_content-wanderers_chunk_0092.mp4,wanderers,184,186,2,ses-01,run-01,87.286,198.135,271.286,2,589.7521739130434,594.1
4,wanderers,ses-01_run-01_order-02_content-wanderers_chunk_0093.mp4,wanderers,186,188,2,ses-01,run-01,87.286,198.135,273.286,2,594.1,598.4478260869565
4,wanderers,ses-01_run-01_order-02_content-wanderers_chunk_0089.mp4,wanderers,178,180,2,ses-01,run-01,87.286,198.135,265.286,2,576.7086956521739,581.0565217391304
4,wanderers,ses-01_run-01_order-02_content-wanderers_chunk_0090.mp4,wanderers,180,182,2,ses-01,run-01,87.286,198.135,267.286,2,581.0565217391304,585.4043478260869
4,wanderers,ses-01_run-01_order-02_content-wanderers_chunk_0091.mp4,wanderers,182,184,2,ses-01,run-01,87.286,198.135,269.286,2,585.4043478260869,589.7521739130434
4,wanderers,ses-01_run-01_order-02_content-wanderers_chunk_0079.mp4,wanderers,158,160,2,ses-01,run-01,87.286,198.135,245.286,2,533.2304347826087,537.5782608695652
4,wanderers,ses-01_run-01_order-02_content-wanderers_chunk_0080.mp4,wanderers,160,162,2,ses-01,run-01,87.286,198.135,247.286,2,537.5782608695652,541.9260869565218
4,wanderers,ses-01_run-01_order-02_content-wanderers_chunk_0081.mp4,wanderers,162,164,2,ses-01,run-01,87.286,198.135,249.286,2,541.9260869565218,546.2739130434783
4,wanderers,ses-01_run-01_order-02_content-wanderers_chunk_0082.mp4,wanderers,164,166,2,ses-01,run-01,87.286,198.135,251.286,2,546.2739130434783,550.6217391304348
4,wanderers,ses-01_run-01_order-02_content-wanderers_chunk_0088.mp4,wanderers,176,178,2,ses-01,run-01,87.286,198.135,263.286,2,572.3608695652174,576.7086956521739
4,wanderers,ses-01_run-01_order-02_content-wanderers_chunk_0086.mp4,wanderers,172,174,2,ses-01,run-01,87.286,198.135,259.286,2,563.6652173913043,568.0130434782609
4,wanderers,ses-01_run-01_order-02_content-wanderers_chunk_0087.mp4,wanderers,174,176,2,ses-01,run-01,87.286,198.135,261.286,2,568.0130434782609,572.3608695652174
4,wanderers,ses-01_run-01_order-02_content-wanderers_chunk_0083.mp4,wanderers,166,168,2,ses-01,run-01,87.286,198.135,253.286,2,550.6217391304348,554.9695652173913
4,wanderers,ses-01_run-01_order-02_content-wanderers_chunk_0084.mp4,wanderers,168,170,2,ses-01,run-01,87.286,198.135,255.286,2,554.9695652173913,559.3173913043478
4,wanderers,ses-01_run-01_order-02_content-wanderers_chunk_0085.mp4,wanderers,170,172,2,ses-01,run-01,87.286,198.135,257.286,2,559.3173913043478,563.6652173913043
4,wanderers,ses-01_run-01_order-02_content-wanderers_chunk_0077.mp4,wanderers,154,156,2,ses-01,run-01,87.286,198.135,241.286,2,524.5347826086957,528.8826086956522
4,wanderers,ses-01_run-01_order-02_content-wanderers_chunk_0078.mp4,wanderers,156,158,2,ses-01,run-01,87.286,198.135,243.286,2,528.8826086956522,533.2304347826087
4,wanderers,ses-01_run-01_order-02_content-wanderers_chunk_0075.mp4,wanderers,150,152,2,ses-01,run-01,87.286,198.135,237.286,2,515.8391304347825,520.1869565217391
4,wanderers,ses-01_run-01_order-02_content-wanderers_chunk_0076.mp4,wanderers,152,154,2,ses-01,run-01,87.286,198.135,239.286,2,520.1869565217391,524.5347826086957
4,wanderers,ses-01_run-01_order-02_content-wanderers_chunk_0068.mp4,wanderers,136,138,2,ses-01,run-01,87.286,198.135,223.286,2,485.40434782608696,489.75217391304346
4,wanderers,ses-01_run-01_order-02_content-wanderers_chunk_0069.mp4,wanderers,138,140,2,ses-01,run-01,87.286,198.135,225.286,2,489.75217391304346,494.09999999999997
4,wanderers,ses-01_run-01_order-02_content-wanderers_chunk_0070.mp4,wanderers,140,142,2,ses-01,run-01,87.286,198.135,227.286,2,494.09999999999997,498.4478260869565
4,wanderers,ses-01_run-01_order-02_content-wanderers_chunk_0071.mp4,wanderers,142,144,2,ses-01,run-01,87.286,198.135,229.286,2,498.4478260869565,502.795652173913
4,wanderers,ses-01_run-01_order-02_content-wanderers_chunk_0074.mp4,wanderers,148,150,2,ses-01,run-01,87.286,198.135,235.286,2,511.4913043478261,515.8391304347825
4,wanderers,ses-01_run-01_order-02_content-wanderers_chunk_0072.mp4,wanderers,144,146,2,ses-01,run-01,87.286,198.135,231.286,2,502.795652173913,507.14347826086953
4,wanderers,ses-01_run-01_order-02_content-wanderers_chunk_0073.mp4,wanderers,146,148,2,ses-01,run-01,87.286,198.135,233.286,2,507.14347826086953,511.4913043478261
4,wanderers,ses-01_run-01_order-02_content-wanderers_chunk_0065.mp4,wanderers,130,132,2,ses-01,run-01,87.286,198.135,217.286,2,472.3608695652174,476.7086956521739
4,wanderers,ses-01_run-01_order-02_content-wanderers_chunk_0066.mp4,wanderers,132,134,2,ses-01,run-01,87.286,198.135,219.286,2,476.7086956521739,481.0565217391304
4,wanderers,ses-01_run-01_order-02_content-wanderers_chunk_0067.mp4,wanderers,134,136,2,ses-01,run-01,87.286,198.135,221.286,2,481.0565217391304,485.40434782608696
4,wanderers,ses-01_run-01_order-02_content-wanderers_chunk_0063.mp4,wanderers,126,128,2,ses-01,run-01,87.286,198.135,213.286,2,463.66521739130434,468.01304347826084
4,wanderers,ses-01_run-01_order-02_content-wanderers_chunk_0064.mp4,wanderers,128,130,2,ses-01,run-01,87.286,198.135,215.286,2,468.01304347826084,472.3608695652174
4,wanderers,ses-01_run-01_order-02_content-wanderers_chunk_0060.mp4,wanderers,120,122,2,ses-01,run-01,87.286,198.135,207.286,2,450.6217391304348,454.9695652173913
4,wanderers,ses-01_run-01_order-02_content-wanderers_chunk_0061.mp4,wanderers,122,124,2,ses-01,run-01,87.286,198.135,209.286,2,454.9695652173913,459.31739130434784
4,wanderers,ses-01_run-01_order-02_content-wanderers_chunk_0062.mp4,wanderers,124,126,2,ses-01,run-01,87.286,198.135,211.286,2,459.31739130434784,463.66521739130434
4,wanderers,ses-01_run-01_order-02_content-wanderers_chunk_0051.mp4,wanderers,102,104,2,ses-01,run-01,87.286,198.135,189.286,2,411.4913043478261,415.8391304347826
4,wanderers,ses-01_run-01_order-02_content-wanderers_chunk_0052.mp4,wanderers,104,106,2,ses-01,run-01,87.286,198.135,191.286,2,415.8391304347826,420.1869565217391
4,wanderers,ses-01_run-01_order-02_content-wanderers_chunk_0048.mp4,wanderers,96,98,2,ses-01,run-01,87.286,198.135,183.286,2,398.4478260869565,402.795652173913
4,wanderers,ses-01_run-01_order-02_content-wanderers_chunk_0049.mp4,wanderers,98,100,2,ses-01,run-01,87.286,198.135,185.286,2,402.795652173913,407.14347826086953
4,wanderers,ses-01_run-01_order-02_content-wanderers_chunk_0050.mp4,wanderers,100,102,2,ses-01,run-01,87.286,198.135,187.286,2,407.14347826086953,411.4913043478261
4,wanderers,ses-01_run-01_order-02_content-wanderers_chunk_0053.mp4,wanderers,106,108,2,ses-01,run-01,87.286,198.135,193.286,2,420.1869565217391,424.53478260869565
4,wanderers,ses-01_run-01_order-02_content-wanderers_chunk_0054.mp4,wanderers,108,110,2,ses-01,run-01,87.286,198.135,195.286,2,424.53478260869565,428.88260869565215
4,wanderers,ses-01_run-01_order-02_content-wanderers_chunk_0055.mp4,wanderers,110,112,2,ses-01,run-01,87.286,198.135,197.286,2,428.88260869565215,433.23043478260865
4,wanderers,ses-01_run-01_order-02_content-wanderers_chunk_0056.mp4,wanderers,112,114,2,ses-01,run-01,87.286,198.135,199.286,2,433.23043478260865,437.5782608695652
4,wanderers,ses-01_run-01_order-02_content-wanderers_chunk_0057.mp4,wanderers,114,116,2,ses-01,run-01,87.286,198.135,201.286,2,437.5782608695652,441.9260869565217
4,wanderers,ses-01_run-01_order-02_content-wanderers_chunk_0058.mp4,wanderers,116,118,2,ses-01,run-01,87.286,198.135,203.286,2,441.9260869565217,446.2739130434782
4,wanderers,ses-01_run-01_order-02_content-wanderers_chunk_0059.mp4,wanderers,118,120,2,ses-01,run-01,87.286,198.135,205.286,2,446.2739130434782,450.6217391304348
4,wanderers,ses-01_run-01_order-02_content-wanderers_chunk_0047.mp4,wanderers,94,96,2,ses-01,run-01,87.286,198.135,181.286,2,394.09999999999997,398.4478260869565
4,wanderers,ses-01_run-01_order-02_content-wanderers_chunk_0045.mp4,wanderers,90,92,2,ses-01,run-01,87.286,198.135,177.286,2,385.40434782608696,389.75217391304346
4,wanderers,ses-01_run-01_order-02_content-wanderers_chunk_0046.mp4,wanderers,92,94,2,ses-01,run-01,87.286,198.135,179.286,2,389.75217391304346,394.09999999999997
4,wanderers,ses-01_run-01_order-02_content-wanderers_chunk_0042.mp4,wanderers,84,86,2,ses-01,run-01,87.286,198.135,171.286,2,372.3608695652174,376.7086956521739
4,wanderers,ses-01_run-01_order-02_content-wanderers_chunk_0043.mp4,wanderers,86,88,2,ses-01,run-01,87.286,198.135,173.286,2,376.7086956521739,381.0565217391304
4,wanderers,ses-01_run-01_order-02_content-wanderers_chunk_0044.mp4,wanderers,88,90,2,ses-01,run-01,87.286,198.135,175.286,2,381.0565217391304,385.40434782608696
4,wanderers,ses-01_run-01_order-02_content-wanderers_chunk_0040.mp4,wanderers,80,82,2,ses-01,run-01,87.286,198.135,167.286,2,363.66521739130434,368.01304347826084
4,wanderers,ses-01_run-01_order-02_content-wanderers_chunk_0041.mp4,wanderers,82,84,2,ses-01,run-01,87.286,198.135,169.286,2,368.01304347826084,372.3608695652174
4,wanderers,ses-01_run-01_order-02_content-wanderers_chunk_0038.mp4,wanderers,76,78,2,ses-01,run-01,87.286,198.135,163.286,2,354.9695652173913,359.31739130434784
4,wanderers,ses-01_run-01_order-02_content-wanderers_chunk_0039.mp4,wanderers,78,80,2,ses-01,run-01,87.286,198.135,165.286,2,359.31739130434784,363.66521739130434
4,wanderers,ses-01_run-01_order-02_content-wanderers_chunk_0033.mp4,wanderers,66,68,2,ses-01,run-01,87.286,198.135,153.286,2,333.2304347826087,337.5782608695652
4,wanderers,ses-01_run-01_order-02_content-wanderers_chunk_0034.mp4,wanderers,68,70,2,ses-01,run-01,87.286,198.135,155.286,2,337.5782608695652,341.9260869565217
4,wanderers,ses-01_run-01_order-02_content-wanderers_chunk_0035.mp4,wanderers,70,72,2,ses-01,run-01,87.286,198.135,157.286,2,341.9260869565217,346.2739130434783
4,wanderers,ses-01_run-01_order-02_content-wanderers_chunk_0036.mp4,wanderers,72,74,2,ses-01,run-01,87.286,198.135,159.286,2,346.2739130434783,350.6217391304348
4,wanderers,ses-01_run-01_order-02_content-wanderers_chunk_0037.mp4,wanderers,74,76,2,ses-01,run-01,87.286,198.135,161.286,2,350.6217391304348,354.9695652173913
4,wanderers,ses-01_run-01_order-02_content-wanderers_chunk_0028.mp4,wanderers,56,58,2,ses-01,run-01,87.286,198.135,143.286,2,311.4913043478261,315.8391304347826
4,wanderers,ses-01_run-01_order-02_content-wanderers_chunk_0026.mp4,wanderers,52,54,2,ses-01,run-01,87.286,198.135,139.286,2,302.795652173913,307.14347826086953
4,wanderers,ses-01_run-01_order-02_content-wanderers_chunk_0027.mp4,wanderers,54,56,2,ses-01,run-01,87.286,198.135,141.286,2,307.14347826086953,311.4913043478261
4,wanderers,ses-01_run-01_order-02_content-wanderers_chunk_0029.mp4,wanderers,58,60,2,ses-01,run-01,87.286,198.135,145.286,2,315.8391304347826,320.1869565217391
4,wanderers,ses-01_run-01_order-02_content-wanderers_chunk_0030.mp4,wanderers,60,62,2,ses-01,run-01,87.286,198.135,147.286,2,320.1869565217391,324.53478260869565
4,wanderers,ses-01_run-01_order-02_content-wanderers_chunk_0031.mp4,wanderers,62,64,2,ses-01,run-01,87.286,198.135,149.286,2,324.53478260869565,328.88260869565215
4,wanderers,ses-01_run-01_order-02_content-wanderers_chunk_0032.mp4,wanderers,64,66,2,ses-01,run-01,87.286,198.135,151.286,2,328.88260869565215,333.2304347826087
4,wanderers,ses-01_run-01_order-02_content-wanderers_chunk_0019.mp4,wanderers,38,40,2,ses-01,run-01,87.286,198.135,125.286,2,272.3608695652174,276.7086956521739
4,wanderers,ses-01_run-01_order-02_content-wanderers_chunk_0017.mp4,wanderers,34,36,2,ses-01,run-01,87.286,198.135,121.286,2,263.66521739130434,268.01304347826084
4,wanderers,ses-01_run-01_order-02_content-wanderers_chunk_0018.mp4,wanderers,36,38,2,ses-01,run-01,87.286,198.135,123.286,2,268.01304347826084,272.3608695652174
4,wanderers,ses-01_run-01_order-02_content-wanderers_chunk_0024.mp4,wanderers,48,50,2,ses-01,run-01,87.286,198.135,135.286,2,294.09999999999997,298.4478260869565
4,wanderers,ses-01_run-01_order-02_content-wanderers_chunk_0025.mp4,wanderers,50,52,2,ses-01,run-01,87.286,198.135,137.286,2,298.4478260869565,302.795652173913
4,wanderers,ses-01_run-01_order-02_content-wanderers_chunk_0022.mp4,wanderers,44,46,2,ses-01,run-01,87.286,198.135,131.286,2,285.40434782608696,289.75217391304346
4,wanderers,ses-01_run-01_order-02_content-wanderers_chunk_0023.mp4,wanderers,46,48,2,ses-01,run-01,87.286,198.135,133.286,2,289.75217391304346,294.09999999999997
4,wanderers,ses-01_run-01_order-02_content-wanderers_chunk_0020.mp4,wanderers,40,42,2,ses-01,run-01,87.286,198.135,127.286,2,276.7086956521739,281.0565217391304
4,wanderers,ses-01_run-01_order-02_content-wanderers_chunk_0021.mp4,wanderers,42,44,2,ses-01,run-01,87.286,198.135,129.286,2,281.0565217391304,285.40434782608696
4,wanderers,ses-01_run-01_order-02_content-wanderers_chunk_0001.mp4,wanderers,2,4,2,ses-01,run-01,87.286,198.135,89.286,2,194.1,198.44782608695652
4,wanderers,ses-01_run-01_order-02_content-wanderers_chunk_0002.mp4,wanderers,4,6,2,ses-01,run-01,87.286,198.135,91.286,2,198.44782608695652,202.79565217391303
4,wanderers,ses-01_run-01_order-02_content-wanderers_chunk_0005.mp4,wanderers,10,12,2,ses-01,run-01,87.286,198.135,97.286,2,211.4913043478261,215.8391304347826
4,wanderers,ses-01_run-01_order-02_content-wanderers_chunk_0003.mp4,wanderers,6,8,2,ses-01,run-01,87.286,198.135,93.286,2,202.79565217391303,207.14347826086956
4,wanderers,ses-01_run-01_order-02_content-wanderers_chunk_0004.mp4,wanderers,8,10,2,ses-01,run-01,87.286,198.135,95.286,2,207.14347826086956,211.4913043478261
4,wanderers,ses-01_run-01_order-02_content-wanderers_chunk_0013.mp4,wanderers,26,28,2,ses-01,run-01,87.286,198.135,113.286,2,246.27391304347825,250.62173913043478
4,wanderers,ses-01_run-01_order-02_content-wanderers_chunk_0016.mp4,wanderers,32,34,2,ses-01,run-01,87.286,198.135,119.286,2,259.31739130434784,263.66521739130434
4,wanderers,ses-01_run-01_order-02_content-wanderers_chunk_0014.mp4,wanderers,28,30,2,ses-01,run-01,87.286,198.135,115.286,2,250.62173913043478,254.9695652173913
4,wanderers,ses-01_run-01_order-02_content-wanderers_chunk_0015.mp4,wanderers,30,32,2,ses-01,run-01,87.286,198.135,117.286,2,254.9695652173913,259.31739130434784
4,wanderers,ses-01_run-01_order-02_content-wanderers_chunk_0006.mp4,wanderers,12,14,2,ses-01,run-01,87.286,198.135,99.286,2,215.8391304347826,220.18695652173912
4,wanderers,ses-01_run-01_order-02_content-wanderers_chunk_0010.mp4,wanderers,20,22,2,ses-01,run-01,87.286,198.135,107.286,2,233.23043478260868,237.5782608695652
4,wanderers,ses-01_run-01_order-02_content-wanderers_chunk_0011.mp4,wanderers,22,24,2,ses-01,run-01,87.286,198.135,109.286,2,237.5782608695652,241.92608695652174
4,wanderers,ses-01_run-01_order-02_content-wanderers_chunk_0012.mp4,wanderers,24,26,2,ses-01,run-01,87.286,198.135,111.286,2,241.92608695652174,246.27391304347825
4,wanderers,ses-01_run-01_order-02_content-wanderers_chunk_0007.mp4,wanderers,14,16,2,ses-01,run-01,87.286,198.135,101.286,2,220.18695652173912,224.53478260869565
4,wanderers,ses-01_run-01_order-02_content-wanderers_chunk_0008.mp4,wanderers,16,18,2,ses-01,run-01,87.286,198.135,103.286,2,224.53478260869565,228.88260869565218
4,wanderers,ses-01_run-01_order-02_content-wanderers_chunk_0009.mp4,wanderers,18,20,2,ses-01,run-01,87.286,198.135,105.286,2,228.88260869565218,233.23043478260868
5,snakes,ses-03_run-01_order-04_content-snakes_chunk_0000.mp4,snakes,0,2,2,ses-03,run-01,370.576,123.226,370.576,2,805.6,809.9478260869565
5,snakes,ses-03_run-01_order-04_content-snakes_chunk_0001.mp4,snakes,2,4,2,ses-03,run-01,370.576,123.226,372.576,2,809.9478260869565,814.295652173913
5,snakes,ses-03_run-01_order-04_content-snakes_chunk_0002.mp4,snakes,4,6,2,ses-03,run-01,370.576,123.226,374.576,2,814.295652173913,818.6434782608695
5,snakes,ses-03_run-01_order-04_content-snakes_chunk_0003.mp4,snakes,6,8,2,ses-03,run-01,370.576,123.226,376.576,2,818.6434782608695,822.9913043478261
5,snakes,ses-03_run-01_order-04_content-snakes_chunk_0009.mp4,snakes,18,20,2,ses-03,run-01,370.576,123.226,388.576,2,844.7304347826087,849.0782608695653
5,snakes,ses-03_run-01_order-04_content-snakes_chunk_0010.mp4,snakes,20,22,2,ses-03,run-01,370.576,123.226,390.576,2,849.0782608695653,853.4260869565218
5,snakes,ses-03_run-01_order-04_content-snakes_chunk_0007.mp4,snakes,14,16,2,ses-03,run-01,370.576,123.226,384.576,2,836.0347826086957,840.3826086956522
5,snakes,ses-03_run-01_order-04_content-snakes_chunk_0008.mp4,snakes,16,18,2,ses-03,run-01,370.576,123.226,386.576,2,840.3826086956522,844.7304347826087
5,snakes,ses-03_run-01_order-04_content-snakes_chunk_0004.mp4,snakes,8,10,2,ses-03,run-01,370.576,123.226,378.576,2,822.9913043478261,827.3391304347826
5,snakes,ses-03_run-01_order-04_content-snakes_chunk_0005.mp4,snakes,10,12,2,ses-03,run-01,370.576,123.226,380.576,2,827.3391304347826,831.6869565217391
5,snakes,ses-03_run-01_order-04_content-snakes_chunk_0006.mp4,snakes,12,14,2,ses-03,run-01,370.576,123.226,382.576,2,831.6869565217391,836.0347826086957
5,snakes,ses-03_run-01_order-04_content-snakes_chunk_0049.mp4,snakes,98,100,2,ses-03,run-01,370.576,123.226,468.576,2,1018.6434782608695,1022.9913043478261
5,snakes,ses-03_run-01_order-04_content-snakes_chunk_0047.mp4,snakes,94,96,2,ses-03,run-01,370.576,123.226,464.576,2,1009.9478260869565,1014.295652173913
5,snakes,ses-03_run-01_order-04_content-snakes_chunk_0048.mp4,snakes,96,98,2,ses-03,run-01,370.576,123.226,466.576,2,1014.295652173913,1018.6434782608695
5,snakes,ses-03_run-01_order-04_content-snakes_chunk_0057.mp4,snakes,114,116,2,ses-03,run-01,370.576,123.226,484.576,2,1053.4260869565217,1057.7739130434782
5,snakes,ses-03_run-01_order-04_content-snakes_chunk_0058.mp4,snakes,116,118,2,ses-03,run-01,370.576,123.226,486.576,2,1057.7739130434782,1062.121739130435
5,snakes,ses-03_run-01_order-04_content-snakes_chunk_0059.mp4,snakes,118,120,2,ses-03,run-01,370.576,123.226,488.576,2,1062.121739130435,1066.4695652173914
5,snakes,ses-03_run-01_order-04_content-snakes_chunk_0060.mp4,snakes,120,122,2,ses-03,run-01,370.576,123.226,490.576,2,1066.4695652173914,1070.817391304348
5,snakes,ses-03_run-01_order-04_content-snakes_chunk_0052.mp4,snakes,104,106,2,ses-03,run-01,370.576,123.226,474.576,2,1031.6869565217391,1036.0347826086957
5,snakes,ses-03_run-01_order-04_content-snakes_chunk_0053.mp4,snakes,106,108,2,ses-03,run-01,370.576,123.226,476.576,2,1036.0347826086957,1040.3826086956522
5,snakes,ses-03_run-01_order-04_content-snakes_chunk_0050.mp4,snakes,100,102,2,ses-03,run-01,370.576,123.226,470.576,2,1022.9913043478261,1027.3391304347826
5,snakes,ses-03_run-01_order-04_content-snakes_chunk_0051.mp4,snakes,102,104,2,ses-03,run-01,370.576,123.226,472.576,2,1027.3391304347826,1031.6869565217391
5,snakes,ses-03_run-01_order-04_content-snakes_chunk_0054.mp4,snakes,108,110,2,ses-03,run-01,370.576,123.226,478.576,2,1040.3826086956522,1044.7304347826087
5,snakes,ses-03_run-01_order-04_content-snakes_chunk_0055.mp4,snakes,110,112,2,ses-03,run-01,370.576,123.226,480.576,2,1044.7304347826087,1049.0782608695652
5,snakes,ses-03_run-01_order-04_content-snakes_chunk_0056.mp4,snakes,112,114,2,ses-03,run-01,370.576,123.226,482.576,2,1049.0782608695652,1053.4260869565217
5,snakes,ses-03_run-01_order-04_content-snakes_chunk_0018.mp4,snakes,36,38,2,ses-03,run-01,370.576,123.226,406.576,2,883.8608695652174,888.2086956521739
5,snakes,ses-03_run-01_order-04_content-snakes_chunk_0016.mp4,snakes,32,34,2,ses-03,run-01,370.576,123.226,402.576,2,875.1652173913044,879.5130434782609
5,snakes,ses-03_run-01_order-04_content-snakes_chunk_0017.mp4,snakes,34,36,2,ses-03,run-01,370.576,123.226,404.576,2,879.5130434782609,883.8608695652174
5,snakes,ses-03_run-01_order-04_content-snakes_chunk_0011.mp4,snakes,22,24,2,ses-03,run-01,370.576,123.226,392.576,2,853.4260869565218,857.7739130434783
5,snakes,ses-03_run-01_order-04_content-snakes_chunk_0012.mp4,snakes,24,26,2,ses-03,run-01,370.576,123.226,394.576,2,857.7739130434783,862.1217391304348
5,snakes,ses-03_run-01_order-04_content-snakes_chunk_0013.mp4,snakes,26,28,2,ses-03,run-01,370.576,123.226,396.576,2,862.1217391304348,866.4695652173913
5,snakes,ses-03_run-01_order-04_content-snakes_chunk_0014.mp4,snakes,28,30,2,ses-03,run-01,370.576,123.226,398.576,2,866.4695652173913,870.8173913043478
5,snakes,ses-03_run-01_order-04_content-snakes_chunk_0015.mp4,snakes,30,32,2,ses-03,run-01,370.576,123.226,400.576,2,870.8173913043478,875.1652173913044
5,snakes,ses-03_run-01_order-04_content-snakes_chunk_0038.mp4,snakes,76,78,2,ses-03,run-01,370.576,123.226,446.576,2,970.8173913043478,975.1652173913044
5,snakes,ses-03_run-01_order-04_content-snakes_chunk_0039.mp4,snakes,78,80,2,ses-03,run-01,370.576,123.226,448.576,2,975.1652173913044,979.5130434782609
5,snakes,ses-03_run-01_order-04_content-snakes_chunk_0042.mp4,snakes,84,86,2,ses-03,run-01,370.576,123.226,454.576,2,988.2086956521739,992.5565217391304
5,snakes,ses-03_run-01_order-04_content-snakes_chunk_0040.mp4,snakes,80,82,2,ses-03,run-01,370.576,123.226,450.576,2,979.5130434782609,983.8608695652174
5,snakes,ses-03_run-01_order-04_content-snakes_chunk_0041.mp4,snakes,82,84,2,ses-03,run-01,370.576,123.226,452.576,2,983.8608695652174,988.2086956521739
5,snakes,ses-03_run-01_order-04_content-snakes_chunk_0045.mp4,snakes,90,92,2,ses-03,run-01,370.576,123.226,460.576,2,1001.2521739130435,1005.6
5,snakes,ses-03_run-01_order-04_content-snakes_chunk_0046.mp4,snakes,92,94,2,ses-03,run-01,370.576,123.226,462.576,2,1005.6,1009.9478260869565
5,snakes,ses-03_run-01_order-04_content-snakes_chunk_0043.mp4,snakes,86,88,2,ses-03,run-01,370.576,123.226,456.576,2,992.5565217391304,996.9043478260869
5,snakes,ses-03_run-01_order-04_content-snakes_chunk_0044.mp4,snakes,88,90,2,ses-03,run-01,370.576,123.226,458.576,2,996.9043478260869,1001.2521739130435
5,snakes,ses-03_run-01_order-04_content-snakes_chunk_0030.mp4,snakes,60,62,2,ses-03,run-01,370.576,123.226,430.576,2,936.0347826086957,940.3826086956522
5,snakes,ses-03_run-01_order-04_content-snakes_chunk_0033.mp4,snakes,66,68,2,ses-03,run-01,370.576,123.226,436.576,2,949.0782608695653,953.4260869565218
5,snakes,ses-03_run-01_order-04_content-snakes_chunk_0031.mp4,snakes,62,64,2,ses-03,run-01,370.576,123.226,432.576,2,940.3826086956522,944.7304347826087
5,snakes,ses-03_run-01_order-04_content-snakes_chunk_0032.mp4,snakes,64,66,2,ses-03,run-01,370.576,123.226,434.576,2,944.7304347826087,949.0782608695653
5,snakes,ses-03_run-01_order-04_content-snakes_chunk_0034.mp4,snakes,68,70,2,ses-03,run-01,370.576,123.226,438.576,2,953.4260869565218,957.7739130434783
5,snakes,ses-03_run-01_order-04_content-snakes_chunk_0035.mp4,snakes,70,72,2,ses-03,run-01,370.576,123.226,440.576,2,957.7739130434783,962.1217391304348
5,snakes,ses-03_run-01_order-04_content-snakes_chunk_0036.mp4,snakes,72,74,2,ses-03,run-01,370.576,123.226,442.576,2,962.1217391304348,966.4695652173913
5,snakes,ses-03_run-01_order-04_content-snakes_chunk_0037.mp4,snakes,74,76,2,ses-03,run-01,370.576,123.226,444.576,2,966.4695652173913,970.8173913043478
5,snakes,ses-03_run-01_order-04_content-snakes_chunk_0022.mp4,snakes,44,46,2,ses-03,run-01,370.576,123.226,414.576,2,901.2521739130435,905.6
5,snakes,ses-03_run-01_order-04_content-snakes_chunk_0023.mp4,snakes,46,48,2,ses-03,run-01,370.576,123.226,416.576,2,905.6,909.9478260869565
5,snakes,ses-03_run-01_order-04_content-snakes_chunk_0019.mp4,snakes,38,40,2,ses-03,run-01,370.576,123.226,408.576,2,888.2086956521739,892.5565217391304
5,snakes,ses-03_run-01_order-04_content-snakes_chunk_0020.mp4,snakes,40,42,2,ses-03,run-01,370.576,123.226,410.576,2,892.5565217391304,896.904347826087
5,snakes,ses-03_run-01_order-04_content-snakes_chunk_0021.mp4,snakes,42,44,2,ses-03,run-01,370.576,123.226,412.576,2,896.904347826087,901.2521739130435
5,snakes,ses-03_run-01_order-04_content-snakes_chunk_0024.mp4,snakes,48,50,2,ses-03,run-01,370.576,123.226,418.576,2,909.9478260869565,914.295652173913
5,snakes,ses-03_run-01_order-04_content-snakes_chunk_0025.mp4,snakes,50,52,2,ses-03,run-01,370.576,123.226,420.576,2,914.295652173913,918.6434782608695
5,snakes,ses-03_run-01_order-04_content-snakes_chunk_0028.mp4,snakes,56,58,2,ses-03,run-01,370.576,123.226,426.576,2,927.3391304347826,931.6869565217391
5,snakes,ses-03_run-01_order-04_content-snakes_chunk_0029.mp4,snakes,58,60,2,ses-03,run-01,370.576,123.226,428.576,2,931.6869565217391,936.0347826086957
5,snakes,ses-03_run-01_order-04_content-snakes_chunk_0026.mp4,snakes,52,54,2,ses-03,run-01,370.576,123.226,422.576,2,918.6434782608695,922.9913043478261
5,snakes,ses-03_run-01_order-04_content-snakes_chunk_0027.mp4,snakes,54,56,2,ses-03,run-01,370.576,123.226,424.576,2,922.9913043478261,927.3391304347826
6,planetearth,ses-03_run-02_order-01_content-planetearth_chunk_0011.mp4,planetearth,22,24,2,ses-03,run-02,2.77,148.005,24.77,2,53.847826086956516,58.19565217391304
6,planetearth,ses-03_run-02_order-01_content-planetearth_chunk_0012.mp4,planetearth,24,26,2,ses-03,run-02,2.77,148.005,26.77,2,58.19565217391304,62.54347826086956
6,planetearth,ses-03_run-02_order-01_content-planetearth_chunk_0008.mp4,planetearth,16,18,2,ses-03,run-02,2.77,148.005,18.77,2,40.80434782608695,45.15217391304348
6,planetearth,ses-03_run-02_order-01_content-planetearth_chunk_0009.mp4,planetearth,18,20,2,ses-03,run-02,2.77,148.005,20.77,2,45.15217391304348,49.5
6,planetearth,ses-03_run-02_order-01_content-planetearth_chunk_0010.mp4,planetearth,20,22,2,ses-03,run-02,2.77,148.005,22.77,2,49.5,53.847826086956516
6,planetearth,ses-03_run-02_order-01_content-planetearth_chunk_0000.mp4,planetearth,0,2,2,ses-03,run-02,2.77,148.005,2.77,2,6.021739130434782,10.369565217391303
6,planetearth,ses-03_run-02_order-01_content-planetearth_chunk_0001.mp4,planetearth,2,4,2,ses-03,run-02,2.77,148.005,4.77,2,10.369565217391303,14.717391304347824
6,planetearth,ses-03_run-02_order-01_content-planetearth_chunk_0002.mp4,planetearth,4,6,2,ses-03,run-02,2.77,148.005,6.77,2,14.717391304347824,19.065217391304348
6,planetearth,ses-03_run-02_order-01_content-planetearth_chunk_0006.mp4,planetearth,12,14,2,ses-03,run-02,2.77,148.005,14.77,2,32.108695652173914,36.45652173913043
6,planetearth,ses-03_run-02_order-01_content-planetearth_chunk_0007.mp4,planetearth,14,16,2,ses-03,run-02,2.77,148.005,16.77,2,36.45652173913043,40.80434782608695
6,planetearth,ses-03_run-02_order-01_content-planetearth_chunk_0003.mp4,planetearth,6,8,2,ses-03,run-02,2.77,148.005,8.77,2,19.065217391304348,23.413043478260867
6,planetearth,ses-03_run-02_order-01_content-planetearth_chunk_0004.mp4,planetearth,8,10,2,ses-03,run-02,2.77,148.005,10.77,2,23.413043478260867,27.76086956521739
6,planetearth,ses-03_run-02_order-01_content-planetearth_chunk_0005.mp4,planetearth,10,12,2,ses-03,run-02,2.77,148.005,12.77,2,27.76086956521739,32.108695652173914
7,planetearth,ses-03_run-02_order-01_content-planetearth_chunk_0040.mp4,planetearth,80,82,2,ses-03,run-02,2.77,148.005,82.77,2,179.93478260869563,184.28260869565216
7,planetearth,ses-03_run-02_order-01_content-planetearth_chunk_0041.mp4,planetearth,82,84,2,ses-03,run-02,2.77,148.005,84.77,2,184.28260869565216,188.6304347826087
7,planetearth,ses-03_run-02_order-01_content-planetearth_chunk_0038.mp4,planetearth,76,78,2,ses-03,run-02,2.77,148.005,78.77,2,171.2391304347826,175.58695652173913
7,planetearth,ses-03_run-02_order-01_content-planetearth_chunk_0039.mp4,planetearth,78,80,2,ses-03,run-02,2.77,148.005,80.77,2,175.58695652173913,179.93478260869563
7,planetearth,ses-03_run-02_order-01_content-planetearth_chunk_0042.mp4,planetearth,84,86,2,ses-03,run-02,2.77,148.005,86.77,2,188.6304347826087,192.9782608695652
7,planetearth,ses-03_run-02_order-01_content-planetearth_chunk_0043.mp4,planetearth,86,88,2,ses-03,run-02,2.77,148.005,88.77,2,192.9782608695652,197.32608695652172
7,planetearth,ses-03_run-02_order-01_content-planetearth_chunk_0046.mp4,planetearth,92,94,2,ses-03,run-02,2.77,148.005,94.77,2,206.02173913043475,210.36956521739128
7,planetearth,ses-03_run-02_order-01_content-planetearth_chunk_0044.mp4,planetearth,88,90,2,ses-03,run-02,2.77,148.005,90.77,2,197.32608695652172,201.67391304347825
7,planetearth,ses-03_run-02_order-01_content-planetearth_chunk_0045.mp4,planetearth,90,92,2,ses-03,run-02,2.77,148.005,92.77,2,201.67391304347825,206.02173913043475
7,planetearth,ses-03_run-02_order-01_content-planetearth_chunk_0047.mp4,planetearth,94,96,2,ses-03,run-02,2.77,148.005,96.77,2,210.36956521739128,214.7173913043478
7,planetearth,ses-03_run-02_order-01_content-planetearth_chunk_0048.mp4,planetearth,96,98,2,ses-03,run-02,2.77,148.005,98.77,2,214.7173913043478,219.06521739130432
7,planetearth,ses-03_run-02_order-01_content-planetearth_chunk_0049.mp4,planetearth,98,100,2,ses-03,run-02,2.77,148.005,100.77,2,219.06521739130432,223.41304347826085
7,planetearth,ses-03_run-02_order-01_content-planetearth_chunk_0050.mp4,planetearth,100,102,2,ses-03,run-02,2.77,148.005,102.77,2,223.41304347826085,227.76086956521738
7,planetearth,ses-03_run-02_order-01_content-planetearth_chunk_0051.mp4,planetearth,102,104,2,ses-03,run-02,2.77,148.005,104.77,2,227.76086956521738,232.1086956521739
7,planetearth,ses-03_run-02_order-01_content-planetearth_chunk_0054.mp4,planetearth,108,110,2,ses-03,run-02,2.77,148.005,110.77,2,240.80434782608694,245.15217391304347
7,planetearth,ses-03_run-02_order-01_content-planetearth_chunk_0055.mp4,planetearth,110,112,2,ses-03,run-02,2.77,148.005,112.77,2,245.15217391304347,249.49999999999997
7,planetearth,ses-03_run-02_order-01_content-planetearth_chunk_0052.mp4,planetearth,104,106,2,ses-03,run-02,2.77,148.005,106.77,2,232.1086956521739,236.4565217391304
7,planetearth,ses-03_run-02_order-01_content-planetearth_chunk_0053.mp4,planetearth,106,108,2,ses-03,run-02,2.77,148.005,108.77,2,236.4565217391304,240.80434782608694
7,planetearth,ses-03_run-02_order-01_content-planetearth_chunk_0056.mp4,planetearth,112,114,2,ses-03,run-02,2.77,148.005,114.77,2,249.49999999999997,253.8478260869565
7,planetearth,ses-03_run-02_order-01_content-planetearth_chunk_0057.mp4,planetearth,114,116,2,ses-03,run-02,2.77,148.005,116.77,2,253.8478260869565,258.195652173913
7,planetearth,ses-03_run-02_order-01_content-planetearth_chunk_0060.mp4,planetearth,120,122,2,ses-03,run-02,2.77,148.005,122.77,2,266.89130434782606,271.23913043478257
7,planetearth,ses-03_run-02_order-01_content-planetearth_chunk_0058.mp4,planetearth,116,118,2,ses-03,run-02,2.77,148.005,118.77,2,258.195652173913,262.54347826086956
7,planetearth,ses-03_run-02_order-01_content-planetearth_chunk_0059.mp4,planetearth,118,120,2,ses-03,run-02,2.77,148.005,120.77,2,262.54347826086956,266.89130434782606
7,planetearth,ses-03_run-02_order-01_content-planetearth_chunk_0061.mp4,planetearth,122,124,2,ses-03,run-02,2.77,148.005,124.77,2,271.23913043478257,275.5869565217391
7,planetearth,ses-03_run-02_order-01_content-planetearth_chunk_0062.mp4,planetearth,124,126,2,ses-03,run-02,2.77,148.005,126.77,2,275.5869565217391,279.9347826086957
7,planetearth,ses-03_run-02_order-01_content-planetearth_chunk_0065.mp4,planetearth,130,132,2,ses-03,run-02,2.77,148.005,132.77,2,288.6304347826087,292.97826086956525
7,planetearth,ses-03_run-02_order-01_content-planetearth_chunk_0063.mp4,planetearth,126,128,2,ses-03,run-02,2.77,148.005,128.77,2,279.9347826086957,284.2826086956522
7,planetearth,ses-03_run-02_order-01_content-planetearth_chunk_0064.mp4,planetearth,128,130,2,ses-03,run-02,2.77,148.005,130.77,2,284.2826086956522,288.6304347826087
7,planetearth,ses-03_run-02_order-01_content-planetearth_chunk_0066.mp4,planetearth,132,134,2,ses-03,run-02,2.77,148.005,134.77,2,292.97826086956525,297.32608695652175
7,planetearth,ses-03_run-02_order-01_content-planetearth_chunk_0067.mp4,planetearth,134,136,2,ses-03,run-02,2.77,148.005,136.77,2,297.32608695652175,301.67391304347825
7,planetearth,ses-03_run-02_order-01_content-planetearth_chunk_0072.mp4,planetearth,144,146,2,ses-03,run-02,2.77,148.005,146.77,2,319.0652173913044,323.4130434782609
7,planetearth,ses-03_run-02_order-01_content-planetearth_chunk_0073.mp4,planetearth,146,148,2,ses-03,run-02,2.77,148.005,148.77,2,323.4130434782609,327.7608695652174
7,planetearth,ses-03_run-02_order-01_content-planetearth_chunk_0070.mp4,planetearth,140,142,2,ses-03,run-02,2.77,148.005,142.77,2,310.3695652173913,314.7173913043478
7,planetearth,ses-03_run-02_order-01_content-planetearth_chunk_0071.mp4,planetearth,142,144,2,ses-03,run-02,2.77,148.005,144.77,2,314.7173913043478,319.0652173913044
7,planetearth,ses-03_run-02_order-01_content-planetearth_chunk_0068.mp4,planetearth,136,138,2,ses-03,run-02,2.77,148.005,138.77,2,301.67391304347825,306.0217391304348
7,planetearth,ses-03_run-02_order-01_content-planetearth_chunk_0069.mp4,planetearth,138,140,2,ses-03,run-02,2.77,148.005,140.77,2,306.0217391304348,310.3695652173913
7,planetearth,ses-03_run-02_order-01_content-planetearth_chunk_0015.mp4,planetearth,30,32,2,ses-03,run-02,2.77,148.005,32.77,2,71.23913043478261,75.58695652173914
7,planetearth,ses-03_run-02_order-01_content-planetearth_chunk_0016.mp4,planetearth,32,34,2,ses-03,run-02,2.77,148.005,34.77,2,75.58695652173914,79.93478260869566
7,planetearth,ses-03_run-02_order-01_content-planetearth_chunk_0013.mp4,planetearth,26,28,2,ses-03,run-02,2.77,148.005,28.77,2,62.54347826086956,66.89130434782608
7,planetearth,ses-03_run-02_order-01_content-planetearth_chunk_0014.mp4,planetearth,28,30,2,ses-03,run-02,2.77,148.005,30.77,2,66.89130434782608,71.23913043478261
7,planetearth,ses-03_run-02_order-01_content-planetearth_chunk_0020.mp4,planetearth,40,42,2,ses-03,run-02,2.77,148.005,42.77,2,92.97826086956522,97.32608695652173
7,planetearth,ses-03_run-02_order-01_content-planetearth_chunk_0021.mp4,planetearth,42,44,2,ses-03,run-02,2.77,148.005,44.77,2,97.32608695652173,101.67391304347827
7,planetearth,ses-03_run-02_order-01_content-planetearth_chunk_0022.mp4,planetearth,44,46,2,ses-03,run-02,2.77,148.005,46.77,2,101.67391304347827,106.02173913043478
7,planetearth,ses-03_run-02_order-01_content-planetearth_chunk_0017.mp4,planetearth,34,36,2,ses-03,run-02,2.77,148.005,36.77,2,79.93478260869566,84.28260869565217
7,planetearth,ses-03_run-02_order-01_content-planetearth_chunk_0018.mp4,planetearth,36,38,2,ses-03,run-02,2.77,148.005,38.77,2,84.28260869565217,88.6304347826087
7,planetearth,ses-03_run-02_order-01_content-planetearth_chunk_0019.mp4,planetearth,38,40,2,ses-03,run-02,2.77,148.005,40.77,2,88.6304347826087,92.97826086956522
7,planetearth,ses-03_run-02_order-01_content-planetearth_chunk_0037.mp4,planetearth,74,76,2,ses-03,run-02,2.77,148.005,76.77,2,166.89130434782606,171.2391304347826
7,planetearth,ses-03_run-02_order-01_content-planetearth_chunk_0035.mp4,planetearth,70,72,2,ses-03,run-02,2.77,148.005,72.77,2,158.19565217391303,162.54347826086956
7,planetearth,ses-03_run-02_order-01_content-planetearth_chunk_0036.mp4,planetearth,72,74,2,ses-03,run-02,2.77,148.005,74.77,2,162.54347826086956,166.89130434782606
7,planetearth,ses-03_run-02_order-01_content-planetearth_chunk_0033.mp4,planetearth,66,68,2,ses-03,run-02,2.77,148.005,68.77,2,149.49999999999997,153.8478260869565
7,planetearth,ses-03_run-02_order-01_content-planetearth_chunk_0034.mp4,planetearth,68,70,2,ses-03,run-02,2.77,148.005,70.77,2,153.8478260869565,158.19565217391303
7,planetearth,ses-03_run-02_order-01_content-planetearth_chunk_0031.mp4,planetearth,62,64,2,ses-03,run-02,2.77,148.005,64.77,2,140.80434782608694,145.15217391304347
7,planetearth,ses-03_run-02_order-01_content-planetearth_chunk_0032.mp4,planetearth,64,66,2,ses-03,run-02,2.77,148.005,66.77,2,145.15217391304347,149.49999999999997
7,planetearth,ses-03_run-02_order-01_content-planetearth_chunk_0029.mp4,planetearth,58,60,2,ses-03,run-02,2.77,148.005,60.77,2,132.1086956521739,136.45652173913044
7,planetearth,ses-03_run-02_order-01_content-planetearth_chunk_0030.mp4,planetearth,60,62,2,ses-03,run-02,2.77,148.005,62.77,2,136.45652173913044,140.80434782608694
7,planetearth,ses-03_run-02_order-01_content-planetearth_chunk_0027.mp4,planetearth,54,56,2,ses-03,run-02,2.77,148.005,56.77,2,123.41304347826087,127.76086956521739
7,planetearth,ses-03_run-02_order-01_content-planetearth_chunk_0028.mp4,planetearth,56,58,2,ses-03,run-02,2.77,148.005,58.77,2,127.76086956521739,132.1086956521739
7,planetearth,ses-03_run-02_order-01_content-planetearth_chunk_0023.mp4,planetearth,46,48,2,ses-03,run-02,2.77,148.005,48.77,2,106.02173913043478,110.36956521739131
7,planetearth,ses-03_run-02_order-01_content-planetearth_chunk_0024.mp4,planetearth,48,50,2,ses-03,run-02,2.77,148.005,50.77,2,110.36956521739131,114.71739130434783
7,planetearth,ses-03_run-02_order-01_content-planetearth_chunk_0025.mp4,planetearth,50,52,2,ses-03,run-02,2.77,148.005,52.77,2,114.71739130434783,119.06521739130434
7,planetearth,ses-03_run-02_order-01_content-planetearth_chunk_0026.mp4,planetearth,52,54,2,ses-03,run-02,2.77,148.005,54.77,2,119.06521739130434,123.41304347826087
8,dancewithdeath,ses-01_run-03_order-04_content-dancewithdeath_chunk_0037.mp4,dancewithdeath,74,76,2,ses-01,run-03,293.47,136.648,367.47,2,798.8478260869565,803.1956521739131
8,dancewithdeath,ses-01_run-03_order-04_content-dancewithdeath_chunk_0038.mp4,dancewithdeath,76,78,2,ses-01,run-03,293.47,136.648,369.47,2,803.1956521739131,807.5434782608696
8,dancewithdeath,ses-01_run-03_order-04_content-dancewithdeath_chunk_0039.mp4,dancewithdeath,78,80,2,ses-01,run-03,293.47,136.648,371.47,2,807.5434782608696,811.8913043478261
8,dancewithdeath,ses-01_run-03_order-04_content-dancewithdeath_chunk_0040.mp4,dancewithdeath,80,82,2,ses-01,run-03,293.47,136.648,373.47,2,811.8913043478261,816.2391304347826
8,dancewithdeath,ses-01_run-03_order-04_content-dancewithdeath_chunk_0041.mp4,dancewithdeath,82,84,2,ses-01,run-03,293.47,136.648,375.47,2,816.2391304347826,820.5869565217391
8,dancewithdeath,ses-01_run-03_order-04_content-dancewithdeath_chunk_0046.mp4,dancewithdeath,92,94,2,ses-01,run-03,293.47,136.648,385.47,2,837.9782608695652,842.3260869565217
8,dancewithdeath,ses-01_run-03_order-04_content-dancewithdeath_chunk_0047.mp4,dancewithdeath,94,96,2,ses-01,run-03,293.47,136.648,387.47,2,842.3260869565217,846.6739130434783
8,dancewithdeath,ses-01_run-03_order-04_content-dancewithdeath_chunk_0042.mp4,dancewithdeath,84,86,2,ses-01,run-03,293.47,136.648,377.47,2,820.5869565217391,824.9347826086956
8,dancewithdeath,ses-01_run-03_order-04_content-dancewithdeath_chunk_0045.mp4,dancewithdeath,90,92,2,ses-01,run-03,293.47,136.648,383.47,2,833.6304347826087,837.9782608695652
8,dancewithdeath,ses-01_run-03_order-04_content-dancewithdeath_chunk_0043.mp4,dancewithdeath,86,88,2,ses-01,run-03,293.47,136.648,379.47,2,824.9347826086956,829.2826086956522
8,dancewithdeath,ses-01_run-03_order-04_content-dancewithdeath_chunk_0044.mp4,dancewithdeath,88,90,2,ses-01,run-03,293.47,136.648,381.47,2,829.2826086956522,833.6304347826087
9,dancewithdeath,ses-01_run-03_order-04_content-dancewithdeath_chunk_0067.mp4,dancewithdeath,134,136,2,ses-01,run-03,293.47,136.648,427.47,2,929.2826086956522,933.6304347826087
9,dancewithdeath,ses-01_run-03_order-04_content-dancewithdeath_chunk_0066.mp4,dancewithdeath,132,134,2,ses-01,run-03,293.47,136.648,425.47,2,924.9347826086956,929.2826086956522
9,dancewithdeath,ses-01_run-03_order-04_content-dancewithdeath_chunk_0064.mp4,dancewithdeath,128,130,2,ses-01,run-03,293.47,136.648,421.47,2,916.2391304347826,920.5869565217391
9,dancewithdeath,ses-01_run-03_order-04_content-dancewithdeath_chunk_0065.mp4,dancewithdeath,130,132,2,ses-01,run-03,293.47,136.648,423.47,2,920.5869565217391,924.9347826086956
9,dancewithdeath,ses-01_run-03_order-04_content-dancewithdeath_chunk_0058.mp4,dancewithdeath,116,118,2,ses-01,run-03,293.47,136.648,409.47,2,890.1521739130435,894.5
9,dancewithdeath,ses-01_run-03_order-04_content-dancewithdeath_chunk_0059.mp4,dancewithdeath,118,120,2,ses-01,run-03,293.47,136.648,411.47,2,894.5,898.8478260869565
9,dancewithdeath,ses-01_run-03_order-04_content-dancewithdeath_chunk_0062.mp4,dancewithdeath,124,126,2,ses-01,run-03,293.47,136.648,417.47,2,907.5434782608696,911.8913043478261
9,dancewithdeath,ses-01_run-03_order-04_content-dancewithdeath_chunk_0063.mp4,dancewithdeath,126,128,2,ses-01,run-03,293.47,136.648,419.47,2,911.8913043478261,916.2391304347826
9,dancewithdeath,ses-01_run-03_order-04_content-dancewithdeath_chunk_0060.mp4,dancewithdeath,120,122,2,ses-01,run-03,293.47,136.648,413.47,2,898.8478260869565,903.1956521739131
9,dancewithdeath,ses-01_run-03_order-04_content-dancewithdeath_chunk_0061.mp4,dancewithdeath,122,124,2,ses-01,run-03,293.47,136.648,415.47,2,903.1956521739131,907.5434782608696
10,dancewithdeath,ses-01_run-03_order-04_content-dancewithdeath_chunk_0048.mp4,dancewithdeath,96,98,2,ses-01,run-03,293.47,136.648,389.47,2,846.6739130434783,851.0217391304348
10,dancewithdeath,ses-01_run-03_order-04_content-dancewithdeath_chunk_0049.mp4,dancewithdeath,98,100,2,ses-01,run-03,293.47,136.648,391.47,2,851.0217391304348,855.3695652173914
10,dancewithdeath,ses-01_run-03_order-04_content-dancewithdeath_chunk_0050.mp4,dancewithdeath,100,102,2,ses-01,run-03,293.47,136.648,393.47,2,855.3695652173914,859.7173913043479
10,dancewithdeath,ses-01_run-03_order-04_content-dancewithdeath_chunk_0051.mp4,dancewithdeath,102,104,2,ses-01,run-03,293.47,136.648,395.47,2,859.7173913043479,864.0652173913044
10,dancewithdeath,ses-01_run-03_order-04_content-dancewithdeath_chunk_0052.mp4,dancewithdeath,104,106,2,ses-01,run-03,293.47,136.648,397.47,2,864.0652173913044,868.4130434782609
10,dancewithdeath,ses-01_run-03_order-04_content-dancewithdeath_chunk_0053.mp4,dancewithdeath,106,108,2,ses-01,run-03,293.47,136.648,399.47,2,868.4130434782609,872.7608695652174
10,dancewithdeath,ses-01_run-03_order-04_content-dancewithdeath_chunk_0056.mp4,dancewithdeath,112,114,2,ses-01,run-03,293.47,136.648,405.47,2,881.4565217391305,885.804347826087
10,dancewithdeath,ses-01_run-03_order-04_content-dancewithdeath_chunk_0057.mp4,dancewithdeath,114,116,2,ses-01,run-03,293.47,136.648,407.47,2,885.804347826087,890.1521739130435
10,dancewithdeath,ses-01_run-03_order-04_content-dancewithdeath_chunk_0054.mp4,dancewithdeath,108,110,2,ses-01,run-03,293.47,136.648,401.47,2,872.7608695652174,877.1086956521739
10,dancewithdeath,ses-01_run-03_order-04_content-dancewithdeath_chunk_0055.mp4,dancewithdeath,110,112,2,ses-01,run-03,293.47,136.648,403.47,2,877.1086956521739,881.4565217391305
11,dancewithdeath,ses-01_run-03_order-04_content-dancewithdeath_chunk_0000.mp4,dancewithdeath,0,2,2,ses-01,run-03,293.47,136.648,293.47,2,637.9782608695652,642.3260869565217
11,dancewithdeath,ses-01_run-03_order-04_content-dancewithdeath_chunk_0003.mp4,dancewithdeath,6,8,2,ses-01,run-03,293.47,136.648,299.47,2,651.0217391304349,655.3695652173914
11,dancewithdeath,ses-01_run-03_order-04_content-dancewithdeath_chunk_0004.mp4,dancewithdeath,8,10,2,ses-01,run-03,293.47,136.648,301.47,2,655.3695652173914,659.7173913043479
11,dancewithdeath,ses-01_run-03_order-04_content-dancewithdeath_chunk_0001.mp4,dancewithdeath,2,4,2,ses-01,run-03,293.47,136.648,295.47,2,642.3260869565217,646.6739130434783
11,dancewithdeath,ses-01_run-03_order-04_content-dancewithdeath_chunk_0002.mp4,dancewithdeath,4,6,2,ses-01,run-03,293.47,136.648,297.47,2,646.6739130434783,651.0217391304349
11,dancewithdeath,ses-01_run-03_order-04_content-dancewithdeath_chunk_0036.mp4,dancewithdeath,72,74,2,ses-01,run-03,293.47,136.648,365.47,2,794.5,798.8478260869565
11,dancewithdeath,ses-01_run-03_order-04_content-dancewithdeath_chunk_0034.mp4,dancewithdeath,68,70,2,ses-01,run-03,293.47,136.648,361.47,2,785.804347826087,790.1521739130435
11,dancewithdeath,ses-01_run-03_order-04_content-dancewithdeath_chunk_0035.mp4,dancewithdeath,70,72,2,ses-01,run-03,293.47,136.648,363.47,2,790.1521739130435,794.5
11,dancewithdeath,ses-01_run-03_order-04_content-dancewithdeath_chunk_0032.mp4,dancewithdeath,64,66,2,ses-01,run-03,293.47,136.648,357.47,2,777.108695652174,781.4565217391305
11,dancewithdeath,ses-01_run-03_order-04_content-dancewithdeath_chunk_0033.mp4,dancewithdeath,66,68,2,ses-01,run-03,293.47,136.648,359.47,2,781.4565217391305,785.804347826087
11,dancewithdeath,ses-01_run-03_order-04_content-dancewithdeath_chunk_0030.mp4,dancewithdeath,60,62,2,ses-01,run-03,293.47,136.648,353.47,2,768.4130434782609,772.7608695652174
11,dancewithdeath,ses-01_run-03_order-04_content-dancewithdeath_chunk_0031.mp4,dancewithdeath,62,64,2,ses-01,run-03,293.47,136.648,355.47,2,772.7608695652174,777.108695652174
11,dancewithdeath,ses-01_run-03_order-04_content-dancewithdeath_chunk_0022.mp4,dancewithdeath,44,46,2,ses-01,run-03,293.47,136.648,337.47,2,733.6304347826087,737.9782608695652
11,dancewithdeath,ses-01_run-03_order-04_content-dancewithdeath_chunk_0023.mp4,dancewithdeath,46,48,2,ses-01,run-03,293.47,136.648,339.47,2,737.9782608695652,742.3260869565217
11,dancewithdeath,ses-01_run-03_order-04_content-dancewithdeath_chunk_0028.mp4,dancewithdeath,56,58,2,ses-01,run-03,293.47,136.648,349.47,2,759.7173913043479,764.0652173913044
11,dancewithdeath,ses-01_run-03_order-04_content-dancewithdeath_chunk_0029.mp4,dancewithdeath,58,60,2,ses-01,run-03,293.47,136.648,351.47,2,764.0652173913044,768.4130434782609
11,dancewithdeath,ses-01_run-03_order-04_content-dancewithdeath_chunk_0024.mp4,dancewithdeath,48,50,2,ses-01,run-03,293.47,136.648,341.47,2,742.3260869565217,746.6739130434783
11,dancewithdeath,ses-01_run-03_order-04_content-dancewithdeath_chunk_0025.mp4,dancewithdeath,50,52,2,ses-01,run-03,293.47,136.648,343.47,2,746.6739130434783,751.0217391304348
11,dancewithdeath,ses-01_run-03_order-04_content-dancewithdeath_chunk_0026.mp4,dancewithdeath,52,54,2,ses-01,run-03,293.47,136.648,345.47,2,751.0217391304348,755.3695652173914
11,dancewithdeath,ses-01_run-03_order-04_content-dancewithdeath_chunk_0027.mp4,dancewithdeath,54,56,2,ses-01,run-03,293.47,136.648,347.47,2,755.3695652173914,759.7173913043479
11,dancewithdeath,ses-01_run-03_order-04_content-dancewithdeath_chunk_0009.mp4,dancewithdeath,18,20,2,ses-01,run-03,293.47,136.648,311.47,2,677.108695652174,681.4565217391305
11,dancewithdeath,ses-01_run-03_order-04_content-dancewithdeath_chunk_0010.mp4,dancewithdeath,20,22,2,ses-01,run-03,293.47,136.648,313.47,2,681.4565217391305,685.804347826087
11,dancewithdeath,ses-01_run-03_order-04_content-dancewithdeath_chunk_0011.mp4,dancewithdeath,22,24,2,ses-01,run-03,293.47,136.648,315.47,2,685.804347826087,690.1521739130435
11,dancewithdeath,ses-01_run-03_order-04_content-dancewithdeath_chunk_0007.mp4,dancewithdeath,14,16,2,ses-01,run-03,293.47,136.648,307.47,2,668.4130434782609,672.7608695652174
11,dancewithdeath,ses-01_run-03_order-04_content-dancewithdeath_chunk_0008.mp4,dancewithdeath,16,18,2,ses-01,run-03,293.47,136.648,309.47,2,672.7608695652174,677.108695652174
11,dancewithdeath,ses-01_run-03_order-04_content-dancewithdeath_chunk_0005.mp4,dancewithdeath,10,12,2,ses-01,run-03,293.47,136.648,303.47,2,659.7173913043479,664.0652173913044
11,dancewithdeath,ses-01_run-03_order-04_content-dancewithdeath_chunk_0006.mp4,dancewithdeath,12,14,2,ses-01,run-03,293.47,136.648,305.47,2,664.0652173913044,668.4130434782609
11,dancewithdeath,ses-01_run-03_order-04_content-dancewithdeath_chunk_0021.mp4,dancewithdeath,42,44,2,ses-01,run-03,293.47,136.648,335.47,2,729.2826086956522,733.6304347826087
11,dancewithdeath,ses-01_run-03_order-04_content-dancewithdeath_chunk_0019.mp4,dancewithdeath,38,40,2,ses-01,run-03,293.47,136.648,331.47,2,720.5869565217391,724.9347826086956
11,dancewithdeath,ses-01_run-03_order-04_content-dancewithdeath_chunk_0020.mp4,dancewithdeath,40,42,2,ses-01,run-03,293.47,136.648,333.47,2,724.9347826086956,729.2826086956522
11,dancewithdeath,ses-01_run-03_order-04_content-dancewithdeath_chunk_0018.mp4,dancewithdeath,36,38,2,ses-01,run-03,293.47,136.648,329.47,2,716.2391304347826,720.5869565217391
11,dancewithdeath,ses-01_run-03_order-04_content-dancewithdeath_chunk_0016.mp4,dancewithdeath,32,34,2,ses-01,run-03,293.47,136.648,325.47,2,707.5434782608696,711.8913043478261
11,dancewithdeath,ses-01_run-03_order-04_content-dancewithdeath_chunk_0017.mp4,dancewithdeath,34,36,2,ses-01,run-03,293.47,136.648,327.47,2,711.8913043478261,716.2391304347826
11,dancewithdeath,ses-01_run-03_order-04_content-dancewithdeath_chunk_0014.mp4,dancewithdeath,28,30,2,ses-01,run-03,293.47,136.648,321.47,2,698.8478260869565,703.1956521739131
11,dancewithdeath,ses-01_run-03_order-04_content-dancewithdeath_chunk_0015.mp4,dancewithdeath,30,32,2,ses-01,run-03,293.47,136.648,323.47,2,703.1956521739131,707.5434782608696
11,dancewithdeath,ses-01_run-03_order-04_content-dancewithdeath_chunk_0012.mp4,dancewithdeath,24,26,2,ses-01,run-03,293.47,136.648,317.47,2,690.1521739130435,694.5
11,dancewithdeath,ses-01_run-03_order-04_content-dancewithdeath_chunk_0013.mp4,dancewithdeath,26,28,2,ses-01,run-03,293.47,136.648,319.47,2,694.5,698.8478260869565
12,alwaysafamily,ses-02_run-04_order-03_content-alwaysafamily_chunk_0004.mp4,alwaysafamily,8,10,2,ses-02,run-04,168.174,146.075,176.174,2,382.9869565217391,387.33478260869566
12,alwaysafamily,ses-02_run-04_order-03_content-alwaysafamily_chunk_0005.mp4,alwaysafamily,10,12,2,ses-02,run-04,168.174,146.075,178.174,2,387.33478260869566,391.68260869565216
12,alwaysafamily,ses-02_run-04_order-03_content-alwaysafamily_chunk_0000.mp4,alwaysafamily,0,2,2,ses-02,run-04,168.174,146.075,168.174,2,365.59565217391304,369.94347826086954
12,alwaysafamily,ses-02_run-04_order-03_content-alwaysafamily_chunk_0001.mp4,alwaysafamily,2,4,2,ses-02,run-04,168.174,146.075,170.174,2,369.94347826086954,374.2913043478261
12,alwaysafamily,ses-02_run-04_order-03_content-alwaysafamily_chunk_0002.mp4,alwaysafamily,4,6,2,ses-02,run-04,168.174,146.075,172.174,2,374.2913043478261,378.6391304347826
12,alwaysafamily,ses-02_run-04_order-03_content-alwaysafamily_chunk_0003.mp4,alwaysafamily,6,8,2,ses-02,run-04,168.174,146.075,174.174,2,378.6391304347826,382.9869565217391
12,alwaysafamily,ses-02_run-04_order-03_content-alwaysafamily_chunk_0024.mp4,alwaysafamily,48,50,2,ses-02,run-04,168.174,146.075,216.174,2,469.94347826086954,474.2913043478261
12,alwaysafamily,ses-02_run-04_order-03_content-alwaysafamily_chunk_0022.mp4,alwaysafamily,44,46,2,ses-02,run-04,168.174,146.075,212.174,2,461.24782608695654,465.59565217391304
12,alwaysafamily,ses-02_run-04_order-03_content-alwaysafamily_chunk_0023.mp4,alwaysafamily,46,48,2,ses-02,run-04,168.174,146.075,214.174,2,465.59565217391304,469.94347826086954
12,alwaysafamily,ses-02_run-04_order-03_content-alwaysafamily_chunk_0021.mp4,alwaysafamily,42,44,2,ses-02,run-04,168.174,146.075,210.174,2,456.9,461.24782608695654
12,alwaysafamily,ses-02_run-04_order-03_content-alwaysafamily_chunk_0019.mp4,alwaysafamily,38,40,2,ses-02,run-04,168.174,146.075,206.174,2,448.204347826087,452.5521739130435
12,alwaysafamily,ses-02_run-04_order-03_content-alwaysafamily_chunk_0020.mp4,alwaysafamily,40,42,2,ses-02,run-04,168.174,146.075,208.174,2,452.5521739130435,456.9
12,alwaysafamily,ses-02_run-04_order-03_content-alwaysafamily_chunk_0017.mp4,alwaysafamily,34,36,2,ses-02,run-04,168.174,146.075,202.174,2,439.5086956521739,443.8565217391304
12,alwaysafamily,ses-02_run-04_order-03_content-alwaysafamily_chunk_0018.mp4,alwaysafamily,36,38,2,ses-02,run-04,168.174,146.075,204.174,2,443.8565217391304,448.204347826087
12,alwaysafamily,ses-02_run-04_order-03_content-alwaysafamily_chunk_0016.mp4,alwaysafamily,32,34,2,ses-02,run-04,168.174,146.075,200.174,2,435.1608695652174,439.5086956521739
12,alwaysafamily,ses-02_run-04_order-03_content-alwaysafamily_chunk_0014.mp4,alwaysafamily,28,30,2,ses-02,run-04,168.174,146.075,196.174,2,426.46521739130435,430.81304347826085
12,alwaysafamily,ses-02_run-04_order-03_content-alwaysafamily_chunk_0015.mp4,alwaysafamily,30,32,2,ses-02,run-04,168.174,146.075,198.174,2,430.81304347826085,435.1608695652174
12,alwaysafamily,ses-02_run-04_order-03_content-alwaysafamily_chunk_0010.mp4,alwaysafamily,20,22,2,ses-02,run-04,168.174,146.075,188.174,2,409.0739130434783,413.4217391304348
12,alwaysafamily,ses-02_run-04_order-03_content-alwaysafamily_chunk_0011.mp4,alwaysafamily,22,24,2,ses-02,run-04,168.174,146.075,190.174,2,413.4217391304348,417.7695652173913
12,alwaysafamily,ses-02_run-04_order-03_content-alwaysafamily_chunk_0012.mp4,alwaysafamily,24,26,2,ses-02,run-04,168.174,146.075,192.174,2,417.7695652173913,422.11739130434785
12,alwaysafamily,ses-02_run-04_order-03_content-alwaysafamily_chunk_0013.mp4,alwaysafamily,26,28,2,ses-02,run-04,168.174,146.075,194.174,2,422.11739130434785,426.46521739130435
12,alwaysafamily,ses-02_run-04_order-03_content-alwaysafamily_chunk_0008.mp4,alwaysafamily,16,18,2,ses-02,run-04,168.174,146.075,184.174,2,400.3782608695652,404.7260869565217
12,alwaysafamily,ses-02_run-04_order-03_content-alwaysafamily_chunk_0009.mp4,alwaysafamily,18,20,2,ses-02,run-04,168.174,146.075,186.174,2,404.7260869565217,409.0739130434783
12,alwaysafamily,ses-02_run-04_order-03_content-alwaysafamily_chunk_0006.mp4,alwaysafamily,12,14,2,ses-02,run-04,168.174,146.075,180.174,2,391.68260869565216,396.03043478260867
12,alwaysafamily,ses-02_run-04_order-03_content-alwaysafamily_chunk_0007.mp4,alwaysafamily,14,16,2,ses-02,run-04,168.174,146.075,182.174,2,396.03043478260867,400.3782608695652
12,alwaysafamily,ses-02_run-04_order-03_content-alwaysafamily_chunk_0030.mp4,alwaysafamily,60,62,2,ses-02,run-04,168.174,146.075,228.174,2,496.03043478260867,500.3782608695652
12,alwaysafamily,ses-02_run-04_order-03_content-alwaysafamily_chunk_0028.mp4,alwaysafamily,56,58,2,ses-02,run-04,168.174,146.075,224.174,2,487.33478260869566,491.68260869565216
12,alwaysafamily,ses-02_run-04_order-03_content-alwaysafamily_chunk_0029.mp4,alwaysafamily,58,60,2,ses-02,run-04,168.174,146.075,226.174,2,491.68260869565216,496.03043478260867
12,alwaysafamily,ses-02_run-04_order-03_content-alwaysafamily_chunk_0025.mp4,alwaysafamily,50,52,2,ses-02,run-04,168.174,146.075,218.174,2,474.2913043478261,478.6391304347826
12,alwaysafamily,ses-02_run-04_order-03_content-alwaysafamily_chunk_0026.mp4,alwaysafamily,52,54,2,ses-02,run-04,168.174,146.075,220.174,2,478.6391304347826,482.9869565217391
12,alwaysafamily,ses-02_run-04_order-03_content-alwaysafamily_chunk_0027.mp4,alwaysafamily,54,56,2,ses-02,run-04,168.174,146.075,222.174,2,482.9869565217391,487.33478260869566
12,alwaysafamily,ses-02_run-04_order-03_content-alwaysafamily_chunk_0042.mp4,alwaysafamily,84,86,2,ses-02,run-04,168.174,146.075,252.174,2,548.204347826087,552.5521739130435
12,alwaysafamily,ses-02_run-04_order-03_content-alwaysafamily_chunk_0043.mp4,alwaysafamily,86,88,2,ses-02,run-04,168.174,146.075,254.174,2,552.5521739130435,556.9
12,alwaysafamily,ses-02_run-04_order-03_content-alwaysafamily_chunk_0046.mp4,alwaysafamily,92,94,2,ses-02,run-04,168.174,146.075,260.174,2,565.595652173913,569.9434782608695
12,alwaysafamily,ses-02_run-04_order-03_content-alwaysafamily_chunk_0044.mp4,alwaysafamily,88,90,2,ses-02,run-04,168.174,146.075,256.174,2,556.9,561.2478260869565
12,alwaysafamily,ses-02_run-04_order-03_content-alwaysafamily_chunk_0045.mp4,alwaysafamily,90,92,2,ses-02,run-04,168.174,146.075,258.174,2,561.2478260869565,565.595652173913
12,alwaysafamily,ses-02_run-04_order-03_content-alwaysafamily_chunk_0031.mp4,alwaysafamily,62,64,2,ses-02,run-04,168.174,146.075,230.174,2,500.3782608695652,504.7260869565217
12,alwaysafamily,ses-02_run-04_order-03_content-alwaysafamily_chunk_0032.mp4,alwaysafamily,64,66,2,ses-02,run-04,168.174,146.075,232.174,2,504.7260869565217,509.0739130434782
12,alwaysafamily,ses-02_run-04_order-03_content-alwaysafamily_chunk_0033.mp4,alwaysafamily,66,68,2,ses-02,run-04,168.174,146.075,234.174,2,509.0739130434782,513.4217391304347
12,alwaysafamily,ses-02_run-04_order-03_content-alwaysafamily_chunk_0040.mp4,alwaysafamily,80,82,2,ses-02,run-04,168.174,146.075,248.174,2,539.5086956521739,543.8565217391305
12,alwaysafamily,ses-02_run-04_order-03_content-alwaysafamily_chunk_0041.mp4,alwaysafamily,82,84,2,ses-02,run-04,168.174,146.075,250.174,2,543.8565217391305,548.204347826087
12,alwaysafamily,ses-02_run-04_order-03_content-alwaysafamily_chunk_0038.mp4,alwaysafamily,76,78,2,ses-02,run-04,168.174,146.075,244.174,2,530.8130434782609,535.1608695652174
12,alwaysafamily,ses-02_run-04_order-03_content-alwaysafamily_chunk_0039.mp4,alwaysafamily,78,80,2,ses-02,run-04,168.174,146.075,246.174,2,535.1608695652174,539.5086956521739
12,alwaysafamily,ses-02_run-04_order-03_content-alwaysafamily_chunk_0036.mp4,alwaysafamily,72,74,2,ses-02,run-04,168.174,146.075,240.174,2,522.1173913043478,526.4652173913043
12,alwaysafamily,ses-02_run-04_order-03_content-alwaysafamily_chunk_0037.mp4,alwaysafamily,74,76,2,ses-02,run-04,168.174,146.075,242.174,2,526.4652173913043,530.8130434782609
12,alwaysafamily,ses-02_run-04_order-03_content-alwaysafamily_chunk_0034.mp4,alwaysafamily,68,70,2,ses-02,run-04,168.174,146.075,236.174,2,513.4217391304347,517.7695652173913
12,alwaysafamily,ses-02_run-04_order-03_content-alwaysafamily_chunk_0035.mp4,alwaysafamily,70,72,2,ses-02,run-04,168.174,146.075,238.174,2,517.7695652173913,522.1173913043478
12,alwaysafamily,ses-02_run-04_order-03_content-alwaysafamily_chunk_0064.mp4,alwaysafamily,128,130,2,ses-02,run-04,168.174,146.075,296.174,2,643.8565217391304,648.2043478260869
12,alwaysafamily,ses-02_run-04_order-03_content-alwaysafamily_chunk_0065.mp4,alwaysafamily,130,132,2,ses-02,run-04,168.174,146.075,298.174,2,648.2043478260869,652.5521739130434
12,alwaysafamily,ses-02_run-04_order-03_content-alwaysafamily_chunk_0061.mp4,alwaysafamily,122,124,2,ses-02,run-04,168.174,146.075,290.174,2,630.8130434782607,635.1608695652174
12,alwaysafamily,ses-02_run-04_order-03_content-alwaysafamily_chunk_0062.mp4,alwaysafamily,124,126,2,ses-02,run-04,168.174,146.075,292.174,2,635.1608695652174,639.5086956521739
12,alwaysafamily,ses-02_run-04_order-03_content-alwaysafamily_chunk_0063.mp4,alwaysafamily,126,128,2,ses-02,run-04,168.174,146.075,294.174,2,639.5086956521739,643.8565217391304
12,alwaysafamily,ses-02_run-04_order-03_content-alwaysafamily_chunk_0072.mp4,alwaysafamily,144,146,2,ses-02,run-04,168.174,146.075,312.174,2,678.6391304347825,682.9869565217391
12,alwaysafamily,ses-02_run-04_order-03_content-alwaysafamily_chunk_0070.mp4,alwaysafamily,140,142,2,ses-02,run-04,168.174,146.075,308.174,2,669.9434782608695,674.291304347826
12,alwaysafamily,ses-02_run-04_order-03_content-alwaysafamily_chunk_0071.mp4,alwaysafamily,142,144,2,ses-02,run-04,168.174,146.075,310.174,2,674.291304347826,678.6391304347825
12,alwaysafamily,ses-02_run-04_order-03_content-alwaysafamily_chunk_0068.mp4,alwaysafamily,136,138,2,ses-02,run-04,168.174,146.075,304.174,2,661.2478260869565,665.595652173913
12,alwaysafamily,ses-02_run-04_order-03_content-alwaysafamily_chunk_0069.mp4,alwaysafamily,138,140,2,ses-02,run-04,168.174,146.075,306.174,2,665.595652173913,669.9434782608695
12,alwaysafamily,ses-02_run-04_order-03_content-alwaysafamily_chunk_0066.mp4,alwaysafamily,132,134,2,ses-02,run-04,168.174,146.075,300.174,2,652.5521739130434,656.9
12,alwaysafamily,ses-02_run-04_order-03_content-alwaysafamily_chunk_0067.mp4,alwaysafamily,134,136,2,ses-02,run-04,168.174,146.075,302.174,2,656.9,661.2478260869565
12,alwaysafamily,ses-02_run-04_order-03_content-alwaysafamily_chunk_0050.mp4,alwaysafamily,100,102,2,ses-02,run-04,168.174,146.075,268.174,2,582.9869565217391,587.3347826086956
12,alwaysafamily,ses-02_run-04_order-03_content-alwaysafamily_chunk_0051.mp4,alwaysafamily,102,104,2,ses-02,run-04,168.174,146.075,270.174,2,587.3347826086956,591.6826086956521
12,alwaysafamily,ses-02_run-04_order-03_content-alwaysafamily_chunk_0052.mp4,alwaysafamily,104,106,2,ses-02,run-04,168.174,146.075,272.174,2,591.6826086956521,596.0304347826086
12,alwaysafamily,ses-02_run-04_order-03_content-alwaysafamily_chunk_0047.mp4,alwaysafamily,94,96,2,ses-02,run-04,168.174,146.075,262.174,2,569.9434782608695,574.291304347826
12,alwaysafamily,ses-02_run-04_order-03_content-alwaysafamily_chunk_0048.mp4,alwaysafamily,96,98,2,ses-02,run-04,168.174,146.075,264.174,2,574.291304347826,578.6391304347825
12,alwaysafamily,ses-02_run-04_order-03_content-alwaysafamily_chunk_0049.mp4,alwaysafamily,98,100,2,ses-02,run-04,168.174,146.075,266.174,2,578.6391304347825,582.9869565217391
12,alwaysafamily,ses-02_run-04_order-03_content-alwaysafamily_chunk_0055.mp4,alwaysafamily,110,112,2,ses-02,run-04,168.174,146.075,278.174,2,604.7260869565216,609.0739130434782
12,alwaysafamily,ses-02_run-04_order-03_content-alwaysafamily_chunk_0056.mp4,alwaysafamily,112,114,2,ses-02,run-04,168.174,146.075,280.174,2,609.0739130434782,613.4217391304347
12,alwaysafamily,ses-02_run-04_order-03_content-alwaysafamily_chunk_0053.mp4,alwaysafamily,106,108,2,ses-02,run-04,168.174,146.075,274.174,2,596.0304347826086,600.3782608695651
12,alwaysafamily,ses-02_run-04_order-03_content-alwaysafamily_chunk_0054.mp4,alwaysafamily,108,110,2,ses-02,run-04,168.174,146.075,276.174,2,600.3782608695651,604.7260869565216
12,alwaysafamily,ses-02_run-04_order-03_content-alwaysafamily_chunk_0060.mp4,alwaysafamily,120,122,2,ses-02,run-04,168.174,146.075,288.174,2,626.4652173913042,630.8130434782607
12,alwaysafamily,ses-02_run-04_order-03_content-alwaysafamily_chunk_0059.mp4,alwaysafamily,118,120,2,ses-02,run-04,168.174,146.075,286.174,2,622.1173913043477,626.4652173913042
12,alwaysafamily,ses-02_run-04_order-03_content-alwaysafamily_chunk_0057.mp4,alwaysafamily,114,116,2,ses-02,run-04,168.174,146.075,282.174,2,613.4217391304347,617.7695652173912
12,alwaysafamily,ses-02_run-04_order-03_content-alwaysafamily_chunk_0058.mp4,alwaysafamily,116,118,2,ses-02,run-04,168.174,146.075,284.174,2,617.7695652173912,622.1173913043477
13,mixed_13,ses-04_run-02_order-02_content-littleboat_chunk_0018.mp4,littleboat,36,38,2,ses-04,run-02,77.462,74.424,113.462,2,246.65652173913043,251.00434782608696
13,mixed_13,ses-04_run-02_order-02_content-littleboat_chunk_0019.mp4,littleboat,38,40,2,ses-04,run-02,77.462,74.424,115.462,2,251.00434782608696,255.3521739130435
13,mixed_13,ses-04_run-02_order-02_content-littleboat_chunk_0016.mp4,littleboat,32,34,2,ses-04,run-02,77.462,74.424,109.462,2,237.9608695652174,242.3086956521739
13,mixed_13,ses-04_run-02_order-02_content-littleboat_chunk_0017.mp4,littleboat,34,36,2,ses-04,run-02,77.462,74.424,111.462,2,242.3086956521739,246.65652173913043
13,mixed_13,ses-04_run-02_order-02_content-littleboat_chunk_0010.mp4,littleboat,20,22,2,ses-04,run-02,77.462,74.424,97.462,2,211.87391304347827,216.22173913043477
13,mixed_13,ses-04_run-02_order-02_content-littleboat_chunk_0014.mp4,littleboat,28,30,2,ses-04,run-02,77.462,74.424,105.462,2,229.26521739130433,233.61304347826086
13,mixed_13,ses-04_run-02_order-02_content-littleboat_chunk_0015.mp4,littleboat,30,32,2,ses-04,run-02,77.462,74.424,107.462,2,233.61304347826086,237.9608695652174
13,mixed_13,ses-04_run-02_order-02_content-littleboat_chunk_0011.mp4,littleboat,22,24,2,ses-04,run-02,77.462,74.424,99.462,2,216.22173913043477,220.5695652173913
13,mixed_13,ses-04_run-02_order-02_content-littleboat_chunk_0012.mp4,littleboat,24,26,2,ses-04,run-02,77.462,74.424,101.462,2,220.5695652173913,224.91739130434783
13,mixed_13,ses-04_run-02_order-02_content-littleboat_chunk_0013.mp4,littleboat,26,28,2,ses-04,run-02,77.462,74.424,103.462,2,224.91739130434783,229.26521739130433
13,mixed_13,ses-04_run-02_order-02_content-littleboat_chunk_0033.mp4,littleboat,66,68,2,ses-04,run-02,77.462,74.424,143.462,2,311.87391304347824,316.22173913043474
13,mixed_13,ses-04_run-02_order-02_content-littleboat_chunk_0034.mp4,littleboat,68,70,2,ses-04,run-02,77.462,74.424,145.462,2,316.22173913043474,320.56956521739124
13,mixed_13,ses-04_run-02_order-02_content-littleboat_chunk_0035.mp4,littleboat,70,72,2,ses-04,run-02,77.462,74.424,147.462,2,320.56956521739124,324.9173913043478
13,mixed_13,ses-04_run-02_order-02_content-littleboat_chunk_0036.mp4,littleboat,72,74,2,ses-04,run-02,77.462,74.424,149.462,2,324.9173913043478,329.2652173913043
13,mixed_13,ses-04_run-02_order-02_content-littleboat_chunk_0031.mp4,littleboat,62,64,2,ses-04,run-02,77.462,74.424,139.462,2,303.1782608695652,307.5260869565217
13,mixed_13,ses-04_run-02_order-02_content-littleboat_chunk_0032.mp4,littleboat,64,66,2,ses-04,run-02,77.462,74.424,141.462,2,307.5260869565217,311.87391304347824
13,mixed_13,ses-04_run-02_order-02_content-littleboat_chunk_0029.mp4,littleboat,58,60,2,ses-04,run-02,77.462,74.424,135.462,2,294.4826086956521,298.8304347826087
13,mixed_13,ses-04_run-02_order-02_content-littleboat_chunk_0030.mp4,littleboat,60,62,2,ses-04,run-02,77.462,74.424,137.462,2,298.8304347826087,303.1782608695652
13,mixed_13,ses-04_run-02_order-02_content-littleboat_chunk_0022.mp4,littleboat,44,46,2,ses-04,run-02,77.462,74.424,121.462,2,264.0478260869565,268.39565217391305
13,mixed_13,ses-04_run-02_order-02_content-littleboat_chunk_0020.mp4,littleboat,40,42,2,ses-04,run-02,77.462,74.424,117.462,2,255.3521739130435,259.7
13,mixed_13,ses-04_run-02_order-02_content-littleboat_chunk_0021.mp4,littleboat,42,44,2,ses-04,run-02,77.462,74.424,119.462,2,259.7,264.0478260869565
13,mixed_13,ses-04_run-02_order-02_content-littleboat_chunk_0028.mp4,littleboat,56,58,2,ses-04,run-02,77.462,74.424,133.462,2,290.1347826086956,294.4826086956521
13,mixed_13,ses-04_run-02_order-02_content-littleboat_chunk_0026.mp4,littleboat,52,54,2,ses-04,run-02,77.462,74.424,129.462,2,281.43913043478256,285.7869565217391
13,mixed_13,ses-04_run-02_order-02_content-littleboat_chunk_0027.mp4,littleboat,54,56,2,ses-04,run-02,77.462,74.424,131.462,2,285.7869565217391,290.1347826086956
13,mixed_13,ses-04_run-02_order-02_content-littleboat_chunk_0023.mp4,littleboat,46,48,2,ses-04,run-02,77.462,74.424,123.462,2,268.39565217391305,272.74347826086955
13,mixed_13,ses-04_run-02_order-02_content-littleboat_chunk_0024.mp4,littleboat,48,50,2,ses-04,run-02,77.462,74.424,125.462,2,272.74347826086955,277.0913043478261
13,mixed_13,ses-04_run-02_order-02_content-littleboat_chunk_0025.mp4,littleboat,50,52,2,ses-04,run-02,77.462,74.424,127.462,2,277.0913043478261,281.43913043478256
13,mixed_13,ses-04_run-02_order-02_content-littleboat_chunk_0005.mp4,littleboat,10,12,2,ses-04,run-02,77.462,74.424,87.462,2,190.13478260869564,194.48260869565217
13,mixed_13,ses-04_run-02_order-02_content-littleboat_chunk_0006.mp4,littleboat,12,14,2,ses-04,run-02,77.462,74.424,89.462,2,194.48260869565217,198.8304347826087
13,mixed_13,ses-04_run-02_order-02_content-littleboat_chunk_0007.mp4,littleboat,14,16,2,ses-04,run-02,77.462,74.424,91.462,2,198.8304347826087,203.1782608695652
13,mixed_13,ses-04_run-02_order-02_content-littleboat_chunk_0008.mp4,littleboat,16,18,2,ses-04,run-02,77.462,74.424,93.462,2,203.1782608695652,207.52608695652174
13,mixed_13,ses-04_run-02_order-02_content-littleboat_chunk_0009.mp4,littleboat,18,20,2,ses-04,run-02,77.462,74.424,95.462,2,207.52608695652174,211.87391304347827
13,mixed_13,ses-04_run-02_order-02_content-littleboat_chunk_0000.mp4,littleboat,0,2,2,ses-04,run-02,77.462,74.424,77.462,2,168.39565217391305,172.74347826086955
13,mixed_13,ses-04_run-02_order-02_content-littleboat_chunk_0003.mp4,littleboat,6,8,2,ses-04,run-02,77.462,74.424,83.462,2,181.4391304347826,185.78695652173914
13,mixed_13,ses-04_run-02_order-02_content-littleboat_chunk_0004.mp4,littleboat,8,10,2,ses-04,run-02,77.462,74.424,85.462,2,185.78695652173914,190.13478260869564
13,mixed_13,ses-04_run-02_order-02_content-littleboat_chunk_0001.mp4,littleboat,2,4,2,ses-04,run-02,77.462,74.424,79.462,2,172.74347826086955,177.09130434782608
13,mixed_13,ses-04_run-02_order-02_content-littleboat_chunk_0002.mp4,littleboat,4,6,2,ses-04,run-02,77.462,74.424,81.462,2,177.09130434782608,181.4391304347826
13,mixed_13,ses-04_run-01_order-04_content-cyclegraphics_chunk_0000.mp4,cyclegraphics,0,2,2,ses-04,run-01,395.007,147.599,395.007,2,858.7108695652173,863.0586956521739
13,mixed_13,ses-04_run-01_order-04_content-cyclegraphics_chunk_0001.mp4,cyclegraphics,2,4,2,ses-04,run-01,395.007,147.599,397.007,2,863.0586956521739,867.4065217391304
13,mixed_13,ses-04_run-01_order-04_content-cyclegraphics_chunk_0002.mp4,cyclegraphics,4,6,2,ses-04,run-01,395.007,147.599,399.007,2,867.4065217391304,871.7543478260869
13,mixed_13,ses-03_run-02_order-02_content-normativeprosocial3_chunk_0000.mp4,normativeprosocial3,0,2,2,ses-03,run-02,185.982,86.531,185.982,2,404.30869565217387,408.6565217391304
13,mixed_13,ses-02_run-02_order-02_content-photography_chunk_0000.mp4,photography,0,2,2,ses-02,run-02,157.075,207.869,157.075,2,341.4673913043478,345.8152173913043
13,mixed_13,ses-03_run-02_order-03_content-heartstop_chunk_0000.mp4,heartstop,0,2,2,ses-03,run-02,307.714,196.62,307.714,2,668.9434782608695,673.2913043478261
13,mixed_13,ses-02_run-01_order-02_content-freesolo_chunk_0000.mp4,freesolo,0,2,2,ses-02,run-01,64.725,71.409,64.725,2,140.7065217391304,145.05434782608694
13,mixed_13,ses-01_run-01_order-02_content-wanderers_chunk_0000.mp4,wanderers,0,2,2,ses-01,run-01,87.286,198.135,87.286,2,189.75217391304346,194.1
13,mixed_13,ses-03_run-02_order-04_content-beachsunrise_chunk_0009.mp4,beachsunrise,18,20,2,ses-03,run-02,539.502,35.125,557.502,2,1211.9608695652173,1216.3086956521738
13,mixed_13,ses-03_run-02_order-04_content-beachsunrise_chunk_0010.mp4,beachsunrise,20,22,2,ses-03,run-02,539.502,35.125,559.502,2,1216.3086956521738,1220.6565217391303
13,mixed_13,ses-03_run-02_order-04_content-beachsunrise_chunk_0011.mp4,beachsunrise,22,24,2,ses-03,run-02,539.502,35.125,561.502,2,1220.6565217391303,1225.0043478260868
13,mixed_13,ses-03_run-02_order-04_content-beachsunrise_chunk_0012.mp4,beachsunrise,24,26,2,ses-03,run-02,539.502,35.125,563.502,2,1225.0043478260868,1229.3521739130433
13,mixed_13,ses-03_run-02_order-04_content-beachsunrise_chunk_0013.mp4,beachsunrise,26,28,2,ses-03,run-02,539.502,35.125,565.502,2,1229.3521739130433,1233.6999999999998
13,mixed_13,ses-03_run-02_order-04_content-beachsunrise_chunk_0014.mp4,beachsunrise,28,30,2,ses-03,run-02,539.502,35.125,567.502,2,1233.6999999999998,1238.0478260869563
13,mixed_13,ses-03_run-02_order-04_content-beachsunrise_chunk_0015.mp4,beachsunrise,30,32,2,ses-03,run-02,539.502,35.125,569.502,2,1238.0478260869563,1242.3956521739128
13,mixed_13,ses-03_run-02_order-04_content-beachsunrise_chunk_0016.mp4,beachsunrise,32,34,2,ses-03,run-02,539.502,35.125,571.502,2,1242.3956521739128,1246.7434782608693
13,mixed_13,ses-03_run-02_order-04_content-beachsunrise_chunk_0007.mp4,beachsunrise,14,16,2,ses-03,run-02,539.502,35.125,553.502,2,1203.2652173913043,1207.6130434782608
13,mixed_13,ses-03_run-02_order-04_content-beachsunrise_chunk_0008.mp4,beachsunrise,16,18,2,ses-03,run-02,539.502,35.125,555.502,2,1207.6130434782608,1211.9608695652173
13,mixed_13,ses-03_run-02_order-04_content-beachsunrise_chunk_0005.mp4,beachsunrise,10,12,2,ses-03,run-02,539.502,35.125,549.502,2,1194.569565217391,1198.9173913043476
13,mixed_13,ses-03_run-02_order-04_content-beachsunrise_chunk_0006.mp4,beachsunrise,12,14,2,ses-03,run-02,539.502,35.125,551.502,2,1198.9173913043476,1203.2652173913043
13,mixed_13,ses-03_run-02_order-04_content-beachsunrise_chunk_0000.mp4,beachsunrise,0,2,2,ses-03,run-02,539.502,35.125,539.502,2,1172.8304347826086,1177.178260869565
13,mixed_13,ses-03_run-02_order-04_content-beachsunrise_chunk_0003.mp4,beachsunrise,6,8,2,ses-03,run-02,539.502,35.125,545.502,2,1185.873913043478,1190.2217391304346
13,mixed_13,ses-03_run-02_order-04_content-beachsunrise_chunk_0004.mp4,beachsunrise,8,10,2,ses-03,run-02,539.502,35.125,547.502,2,1190.2217391304346,1194.569565217391
13,mixed_13,ses-03_run-02_order-04_content-beachsunrise_chunk_0001.mp4,beachsunrise,2,4,2,ses-03,run-02,539.502,35.125,541.502,2,1177.178260869565,1181.5260869565216
13,mixed_13,ses-03_run-02_order-04_content-beachsunrise_chunk_0002.mp4,beachsunrise,4,6,2,ses-03,run-02,539.502,35.125,543.502,2,1181.5260869565216,1185.873913043478
13,mixed_13,ses-01_run-02_order-04_content-beachsunset_chunk_0013.mp4,beachsunset,26,28,2,ses-01,run-02,561.777,30.059,587.777,2,1277.7760869565218,1282.1239130434783
13,mixed_13,ses-01_run-02_order-04_content-beachsunset_chunk_0014.mp4,beachsunset,28,30,2,ses-01,run-02,561.777,30.059,589.777,2,1282.1239130434783,1286.4717391304348
13,mixed_13,ses-01_run-02_order-04_content-beachsunset_chunk_0010.mp4,beachsunset,20,22,2,ses-01,run-02,561.777,30.059,581.777,2,1264.7326086956523,1269.0804347826088
13,mixed_13,ses-01_run-02_order-04_content-beachsunset_chunk_0011.mp4,beachsunset,22,24,2,ses-01,run-02,561.777,30.059,583.777,2,1269.0804347826088,1273.4282608695653
13,mixed_13,ses-01_run-02_order-04_content-beachsunset_chunk_0012.mp4,beachsunset,24,26,2,ses-01,run-02,561.777,30.059,585.777,2,1273.4282608695653,1277.7760869565218
13,mixed_13,ses-01_run-02_order-04_content-beachsunset_chunk_0008.mp4,beachsunset,16,18,2,ses-01,run-02,561.777,30.059,577.777,2,1256.036956521739,1260.3847826086958
13,mixed_13,ses-01_run-02_order-04_content-beachsunset_chunk_0009.mp4,beachsunset,18,20,2,ses-01,run-02,561.777,30.059,579.777,2,1260.3847826086958,1264.7326086956523
13,mixed_13,ses-01_run-02_order-04_content-beachsunset_chunk_0006.mp4,beachsunset,12,14,2,ses-01,run-02,561.777,30.059,573.777,2,1247.341304347826,1251.6891304347826
13,mixed_13,ses-01_run-02_order-04_content-beachsunset_chunk_0007.mp4,beachsunset,14,16,2,ses-01,run-02,561.777,30.059,575.777,2,1251.6891304347826,1256.036956521739
13,mixed_13,ses-01_run-02_order-04_content-beachsunset_chunk_0000.mp4,beachsunset,0,2,2,ses-01,run-02,561.777,30.059,561.777,2,1221.254347826087,1225.6021739130435
13,mixed_13,ses-01_run-02_order-04_content-beachsunset_chunk_0001.mp4,beachsunset,2,4,2,ses-01,run-02,561.777,30.059,563.777,2,1225.6021739130435,1229.95
13,mixed_13,ses-01_run-02_order-04_content-beachsunset_chunk_0004.mp4,beachsunset,8,10,2,ses-01,run-02,561.777,30.059,569.777,2,1238.645652173913,1242.9934782608696
13,mixed_13,ses-01_run-02_order-04_content-beachsunset_chunk_0005.mp4,beachsunset,10,12,2,ses-01,run-02,561.777,30.059,571.777,2,1242.9934782608696,1247.341304347826
13,mixed_13,ses-01_run-02_order-04_content-beachsunset_chunk_0002.mp4,beachsunset,4,6,2,ses-01,run-02,561.777,30.059,565.777,2,1229.95,1234.2978260869565
13,mixed_13,ses-01_run-02_order-04_content-beachsunset_chunk_0003.mp4,beachsunset,6,8,2,ses-01,run-02,561.777,30.059,567.777,2,1234.2978260869565,1238.645652173913
13,mixed_13,ses-02_run-01_order-04_content-deer_chunk_0000.mp4,deer,0,2,2,ses-02,run-01,317.619,30.533,317.619,2,690.4760869565217,694.8239130434783
13,mixed_13,ses-02_run-01_order-04_content-deer_chunk_0001.mp4,deer,2,4,2,ses-02,run-01,317.619,30.533,319.619,2,694.8239130434783,699.1717391304348
13,mixed_13,ses-02_run-01_order-04_content-deer_chunk_0002.mp4,deer,4,6,2,ses-02,run-01,317.619,30.533,321.619,2,699.1717391304348,703.5195652173913
13,mixed_13,ses-02_run-01_order-04_content-deer_chunk_0008.mp4,deer,16,18,2,ses-02,run-01,317.619,30.533,333.619,2,725.258695652174,729.6065217391305
13,mixed_13,ses-02_run-01_order-04_content-deer_chunk_0009.mp4,deer,18,20,2,ses-02,run-01,317.619,30.533,335.619,2,729.6065217391305,733.954347826087
13,mixed_13,ses-02_run-01_order-04_content-deer_chunk_0010.mp4,deer,20,22,2,ses-02,run-01,317.619,30.533,337.619,2,733.954347826087,738.3021739130435
13,mixed_13,ses-02_run-01_order-04_content-deer_chunk_0013.mp4,deer,26,28,2,ses-02,run-01,317.619,30.533,343.619,2,746.9978260869566,751.3456521739131
13,mixed_13,ses-02_run-01_order-04_content-deer_chunk_0014.mp4,deer,28,30,2,ses-02,run-01,317.619,30.533,345.619,2,751.3456521739131,755.6934782608696
13,mixed_13,ses-02_run-01_order-04_content-deer_chunk_0011.mp4,deer,22,24,2,ses-02,run-01,317.619,30.533,339.619,2,738.3021739130435,742.65
13,mixed_13,ses-02_run-01_order-04_content-deer_chunk_0012.mp4,deer,24,26,2,ses-02,run-01,317.619,30.533,341.619,2,742.65,746.9978260869566
13,mixed_13,ses-02_run-01_order-04_content-deer_chunk_0006.mp4,deer,12,14,2,ses-02,run-01,317.619,30.533,329.619,2,716.5630434782609,720.9108695652175
13,mixed_13,ses-02_run-01_order-04_content-deer_chunk_0007.mp4,deer,14,16,2,ses-02,run-01,317.619,30.533,331.619,2,720.9108695652175,725.258695652174
13,mixed_13,ses-02_run-01_order-04_content-deer_chunk_0003.mp4,deer,6,8,2,ses-02,run-01,317.619,30.533,323.619,2,703.5195652173913,707.8673913043478
13,mixed_13,ses-02_run-01_order-04_content-deer_chunk_0004.mp4,deer,8,10,2,ses-02,run-01,317.619,30.533,325.619,2,707.8673913043478,712.2152173913043
13,mixed_13,ses-02_run-01_order-04_content-deer_chunk_0005.mp4,deer,10,12,2,ses-02,run-01,317.619,30.533,327.619,2,712.2152173913043,716.5630434782609
13,mixed_13,ses-04_run-02_order-04_content-tornado_chunk_0009.mp4,tornado,18,20,2,ses-04,run-02,360.947,27.023,378.947,2,823.7978260869565,828.145652173913
13,mixed_13,ses-04_run-02_order-04_content-tornado_chunk_0010.mp4,tornado,20,22,2,ses-04,run-02,360.947,27.023,380.947,2,828.145652173913,832.4934782608696
13,mixed_13,ses-04_run-02_order-04_content-tornado_chunk_0011.mp4,tornado,22,24,2,ses-04,run-02,360.947,27.023,382.947,2,832.4934782608696,836.841304347826
13,mixed_13,ses-04_run-02_order-04_content-tornado_chunk_0012.mp4,tornado,24,26,2,ses-04,run-02,360.947,27.023,384.947,2,836.841304347826,841.1891304347826
13,mixed_13,ses-04_run-02_order-04_content-tornado_chunk_0000.mp4,tornado,0,2,2,ses-04,run-02,360.947,27.023,360.947,2,784.6673913043478,789.0152173913043
13,mixed_13,ses-04_run-02_order-04_content-tornado_chunk_0001.mp4,tornado,2,4,2,ses-04,run-02,360.947,27.023,362.947,2,789.0152173913043,793.3630434782608
13,mixed_13,ses-04_run-02_order-04_content-tornado_chunk_0004.mp4,tornado,8,10,2,ses-04,run-02,360.947,27.023,368.947,2,802.0586956521739,806.4065217391304
13,mixed_13,ses-04_run-02_order-04_content-tornado_chunk_0002.mp4,tornado,4,6,2,ses-04,run-02,360.947,27.023,364.947,2,793.3630434782608,797.7108695652173
13,mixed_13,ses-04_run-02_order-04_content-tornado_chunk_0003.mp4,tornado,6,8,2,ses-04,run-02,360.947,27.023,366.947,2,797.7108695652173,802.0586956521739
13,mixed_13,ses-04_run-02_order-04_content-tornado_chunk_0005.mp4,tornado,10,12,2,ses-04,run-02,360.947,27.023,370.947,2,806.4065217391304,810.7543478260869
13,mixed_13,ses-04_run-02_order-04_content-tornado_chunk_0006.mp4,tornado,12,14,2,ses-04,run-02,360.947,27.023,372.947,2,810.7543478260869,815.1021739130434
13,mixed_13,ses-04_run-02_order-04_content-tornado_chunk_0007.mp4,tornado,14,16,2,ses-04,run-02,360.947,27.023,374.947,2,815.1021739130434,819.4499999999999
13,mixed_13,ses-04_run-02_order-04_content-tornado_chunk_0008.mp4,tornado,16,18,2,ses-04,run-02,360.947,27.023,376.947,2,819.4499999999999,823.7978260869565
13,mixed_13,ses-03_run-01_order-03_content-fireplace_chunk_0013.mp4,fireplace,26,28,2,ses-03,run-01,305.337,30.088,331.337,2,720.2978260869564,724.6456521739129
13,mixed_13,ses-03_run-01_order-03_content-fireplace_chunk_0014.mp4,fireplace,28,30,2,ses-03,run-01,305.337,30.088,333.337,2,724.6456521739129,728.9934782608696
13,mixed_13,ses-03_run-01_order-03_content-fireplace_chunk_0011.mp4,fireplace,22,24,2,ses-03,run-01,305.337,30.088,327.337,2,711.6021739130434,715.9499999999999
13,mixed_13,ses-03_run-01_order-03_content-fireplace_chunk_0012.mp4,fireplace,24,26,2,ses-03,run-01,305.337,30.088,329.337,2,715.9499999999999,720.2978260869564
13,mixed_13,ses-03_run-01_order-03_content-fireplace_chunk_0009.mp4,fireplace,18,20,2,ses-03,run-01,305.337,30.088,323.337,2,702.9065217391304,707.2543478260869
13,mixed_13,ses-03_run-01_order-03_content-fireplace_chunk_0010.mp4,fireplace,20,22,2,ses-03,run-01,305.337,30.088,325.337,2,707.2543478260869,711.6021739130434
13,mixed_13,ses-03_run-01_order-03_content-fireplace_chunk_0007.mp4,fireplace,14,16,2,ses-03,run-01,305.337,30.088,319.337,2,694.2108695652173,698.5586956521738
13,mixed_13,ses-03_run-01_order-03_content-fireplace_chunk_0008.mp4,fireplace,16,18,2,ses-03,run-01,305.337,30.088,321.337,2,698.5586956521738,702.9065217391304
13,mixed_13,ses-03_run-01_order-03_content-fireplace_chunk_0005.mp4,fireplace,10,12,2,ses-03,run-01,305.337,30.088,315.337,2,685.5152173913043,689.8630434782608
13,mixed_13,ses-03_run-01_order-03_content-fireplace_chunk_0006.mp4,fireplace,12,14,2,ses-03,run-01,305.337,30.088,317.337,2,689.8630434782608,694.2108695652173
13,mixed_13,ses-03_run-01_order-03_content-fireplace_chunk_0000.mp4,fireplace,0,2,2,ses-03,run-01,305.337,30.088,305.337,2,663.7760869565217,668.1239130434782
13,mixed_13,ses-03_run-01_order-03_content-fireplace_chunk_0003.mp4,fireplace,6,8,2,ses-03,run-01,305.337,30.088,311.337,2,676.8195652173913,681.1673913043478
13,mixed_13,ses-03_run-01_order-03_content-fireplace_chunk_0004.mp4,fireplace,8,10,2,ses-03,run-01,305.337,30.088,313.337,2,681.1673913043478,685.5152173913043
13,mixed_13,ses-03_run-01_order-03_content-fireplace_chunk_0001.mp4,fireplace,2,4,2,ses-03,run-01,305.337,30.088,307.337,2,668.1239130434782,672.4717391304347
13,mixed_13,ses-03_run-01_order-03_content-fireplace_chunk_0002.mp4,fireplace,4,6,2,ses-03,run-01,305.337,30.088,309.337,2,672.4717391304347,676.8195652173913
13,mixed_13,ses-02_run-02_order-03_content-menrunning_chunk_0000.mp4,menrunning,0,2,2,ses-02,run-02,400.112,203.85,400.112,2,869.8086956521739,874.1565217391304
13,mixed_13,ses-02_run-02_order-03_content-menrunning_chunk_0003.mp4,menrunning,6,8,2,ses-02,run-02,400.112,203.85,406.112,2,882.8521739130435,887.2
13,mixed_13,ses-02_run-02_order-03_content-menrunning_chunk_0001.mp4,menrunning,2,4,2,ses-02,run-02,400.112,203.85,402.112,2,874.1565217391304,878.5043478260869
13,mixed_13,ses-02_run-02_order-03_content-menrunning_chunk_0002.mp4,menrunning,4,6,2,ses-02,run-02,400.112,203.85,404.112,2,878.5043478260869,882.8521739130435
13,mixed_13,ses-02_run-02_order-03_content-menrunning_chunk_0012.mp4,menrunning,24,26,2,ses-02,run-02,400.112,203.85,424.112,2,921.9826086956522,926.3304347826087
13,mixed_13,ses-02_run-02_order-03_content-menrunning_chunk_0010.mp4,menrunning,20,22,2,ses-02,run-02,400.112,203.85,420.112,2,913.2869565217392,917.6347826086957
13,mixed_13,ses-02_run-02_order-03_content-menrunning_chunk_0011.mp4,menrunning,22,24,2,ses-02,run-02,400.112,203.85,422.112,2,917.6347826086957,921.9826086956522
13,mixed_13,ses-02_run-02_order-03_content-menrunning_chunk_0009.mp4,menrunning,18,20,2,ses-02,run-02,400.112,203.85,418.112,2,908.9391304347827,913.2869565217392
13,mixed_13,ses-02_run-02_order-03_content-menrunning_chunk_0007.mp4,menrunning,14,16,2,ses-02,run-02,400.112,203.85,414.112,2,900.2434782608696,904.591304347826
13,mixed_13,ses-02_run-02_order-03_content-menrunning_chunk_0008.mp4,menrunning,16,18,2,ses-02,run-02,400.112,203.85,416.112,2,904.591304347826,908.9391304347827
13,mixed_13,ses-02_run-02_order-03_content-menrunning_chunk_0004.mp4,menrunning,8,10,2,ses-02,run-02,400.112,203.85,408.112,2,887.2,891.5478260869565
13,mixed_13,ses-02_run-02_order-03_content-menrunning_chunk_0005.mp4,menrunning,10,12,2,ses-02,run-02,400.112,203.85,410.112,2,891.5478260869565,895.895652173913
13,mixed_13,ses-02_run-02_order-03_content-menrunning_chunk_0006.mp4,menrunning,12,14,2,ses-02,run-02,400.112,203.85,412.112,2,895.895652173913,900.2434782608696
13,mixed_13,ses-02_run-02_order-02_content-photography_chunk_0016.mp4,photography,32,34,2,ses-02,run-02,157.075,207.869,189.075,2,411.03260869565213,415.38043478260863
13,mixed_13,ses-02_run-02_order-02_content-photography_chunk_0017.mp4,photography,34,36,2,ses-02,run-02,157.075,207.869,191.075,2,415.38043478260863,419.7282608695652
13,mixed_13,ses-02_run-02_order-02_content-photography_chunk_0018.mp4,photography,36,38,2,ses-02,run-02,157.075,207.869,193.075,2,419.7282608695652,424.0760869565217
13,mixed_13,ses-02_run-02_order-02_content-photography_chunk_0011.mp4,photography,22,24,2,ses-02,run-02,157.075,207.869,179.075,2,389.2934782608695,393.64130434782606
13,mixed_13,ses-02_run-02_order-02_content-photography_chunk_0014.mp4,photography,28,30,2,ses-02,run-02,157.075,207.869,185.075,2,402.33695652173907,406.6847826086956
13,mixed_13,ses-02_run-02_order-02_content-photography_chunk_0015.mp4,photography,30,32,2,ses-02,run-02,157.075,207.869,187.075,2,406.6847826086956,411.03260869565213
13,mixed_13,ses-02_run-02_order-02_content-photography_chunk_0012.mp4,photography,24,26,2,ses-02,run-02,157.075,207.869,181.075,2,393.64130434782606,397.98913043478257
13,mixed_13,ses-02_run-02_order-02_content-photography_chunk_0013.mp4,photography,26,28,2,ses-02,run-02,157.075,207.869,183.075,2,397.98913043478257,402.33695652173907
13,mixed_13,ses-02_run-02_order-02_content-photography_chunk_0008.mp4,photography,16,18,2,ses-02,run-02,157.075,207.869,173.075,2,376.24999999999994,380.5978260869565
13,mixed_13,ses-02_run-02_order-02_content-photography_chunk_0009.mp4,photography,18,20,2,ses-02,run-02,157.075,207.869,175.075,2,380.5978260869565,384.945652173913
13,mixed_13,ses-02_run-02_order-02_content-photography_chunk_0010.mp4,photography,20,22,2,ses-02,run-02,157.075,207.869,177.075,2,384.945652173913,389.2934782608695
13,mixed_13,ses-02_run-02_order-02_content-photography_chunk_0004.mp4,photography,8,10,2,ses-02,run-02,157.075,207.869,165.075,2,358.8586956521739,363.2065217391304
13,mixed_13,ses-02_run-02_order-02_content-photography_chunk_0005.mp4,photography,10,12,2,ses-02,run-02,157.075,207.869,167.075,2,363.2065217391304,367.55434782608694
13,mixed_13,ses-02_run-02_order-02_content-photography_chunk_0006.mp4,photography,12,14,2,ses-02,run-02,157.075,207.869,169.075,2,367.55434782608694,371.90217391304344
13,mixed_13,ses-02_run-02_order-02_content-photography_chunk_0007.mp4,photography,14,16,2,ses-02,run-02,157.075,207.869,171.075,2,371.90217391304344,376.24999999999994
13,mixed_13,ses-02_run-02_order-02_content-photography_chunk_0001.mp4,photography,2,4,2,ses-02,run-02,157.075,207.869,159.075,2,345.8152173913043,350.1630434782608
13,mixed_13,ses-02_run-02_order-02_content-photography_chunk_0002.mp4,photography,4,6,2,ses-02,run-02,157.075,207.869,161.075,2,350.1630434782608,354.5108695652174
13,mixed_13,ses-02_run-02_order-02_content-photography_chunk_0003.mp4,photography,6,8,2,ses-02,run-02,157.075,207.869,163.075,2,354.5108695652174,358.8586956521739
14,war,ses-02_run-03_order-04_content-war_chunk_0027.mp4,war,54,56,2,ses-02,run-03,430.673,62.791,484.673,2,1053.6369565217392,1057.9847826086957
14,war,ses-02_run-03_order-04_content-war_chunk_0028.mp4,war,56,58,2,ses-02,run-03,430.673,62.791,486.673,2,1057.9847826086957,1062.3326086956522
14,war,ses-02_run-03_order-04_content-war_chunk_0029.mp4,war,58,60,2,ses-02,run-03,430.673,62.791,488.673,2,1062.3326086956522,1066.6804347826087
14,war,ses-02_run-03_order-04_content-war_chunk_0030.mp4,war,60,62,2,ses-02,run-03,430.673,62.791,490.673,2,1066.6804347826087,1071.0282608695652
14,war,ses-02_run-03_order-04_content-war_chunk_0016.mp4,war,32,34,2,ses-02,run-03,430.673,62.791,462.673,2,1005.8108695652173,1010.1586956521738
14,war,ses-02_run-03_order-04_content-war_chunk_0017.mp4,war,34,36,2,ses-02,run-03,430.673,62.791,464.673,2,1010.1586956521738,1014.5065217391304
14,war,ses-02_run-03_order-04_content-war_chunk_0020.mp4,war,40,42,2,ses-02,run-03,430.673,62.791,470.673,2,1023.2021739130435,1027.55
14,war,ses-02_run-03_order-04_content-war_chunk_0021.mp4,war,42,44,2,ses-02,run-03,430.673,62.791,472.673,2,1027.55,1031.8978260869565
14,war,ses-02_run-03_order-04_content-war_chunk_0018.mp4,war,36,38,2,ses-02,run-03,430.673,62.791,466.673,2,1014.5065217391304,1018.854347826087
14,war,ses-02_run-03_order-04_content-war_chunk_0019.mp4,war,38,40,2,ses-02,run-03,430.673,62.791,468.673,2,1018.854347826087,1023.2021739130435
14,war,ses-02_run-03_order-04_content-war_chunk_0025.mp4,war,50,52,2,ses-02,run-03,430.673,62.791,480.673,2,1044.941304347826,1049.2891304347825
14,war,ses-02_run-03_order-04_content-war_chunk_0026.mp4,war,52,54,2,ses-02,run-03,430.673,62.791,482.673,2,1049.2891304347825,1053.6369565217392
14,war,ses-02_run-03_order-04_content-war_chunk_0024.mp4,war,48,50,2,ses-02,run-03,430.673,62.791,478.673,2,1040.5934782608695,1044.941304347826
14,war,ses-02_run-03_order-04_content-war_chunk_0022.mp4,war,44,46,2,ses-02,run-03,430.673,62.791,474.673,2,1031.8978260869565,1036.245652173913
14,war,ses-02_run-03_order-04_content-war_chunk_0023.mp4,war,46,48,2,ses-02,run-03,430.673,62.791,476.673,2,1036.245652173913,1040.5934782608695
15,war,ses-02_run-03_order-04_content-war_chunk_0000.mp4,war,0,2,2,ses-02,run-03,430.673,62.791,430.673,2,936.245652173913,940.5934782608696
15,war,ses-02_run-03_order-04_content-war_chunk_0001.mp4,war,2,4,2,ses-02,run-03,430.673,62.791,432.673,2,940.5934782608696,944.9413043478261
16,war,ses-02_run-03_order-04_content-war_chunk_0004.mp4,war,8,10,2,ses-02,run-03,430.673,62.791,438.673,2,953.6369565217391,957.9847826086956
16,war,ses-02_run-03_order-04_content-war_chunk_0005.mp4,war,10,12,2,ses-02,run-03,430.673,62.791,440.673,2,957.9847826086956,962.3326086956521
16,war,ses-02_run-03_order-04_content-war_chunk_0006.mp4,war,12,14,2,ses-02,run-03,430.673,62.791,442.673,2,962.3326086956521,966.6804347826087
16,war,ses-02_run-03_order-04_content-war_chunk_0002.mp4,war,4,6,2,ses-02,run-03,430.673,62.791,434.673,2,944.9413043478261,949.2891304347826
16,war,ses-02_run-03_order-04_content-war_chunk_0003.mp4,war,6,8,2,ses-02,run-03,430.673,62.791,436.673,2,949.2891304347826,953.6369565217391
16,war,ses-02_run-03_order-04_content-war_chunk_0014.mp4,war,28,30,2,ses-02,run-03,430.673,62.791,458.673,2,997.1152173913043,1001.4630434782608
16,war,ses-02_run-03_order-04_content-war_chunk_0015.mp4,war,30,32,2,ses-02,run-03,430.673,62.791,460.673,2,1001.4630434782608,1005.8108695652173
16,war,ses-02_run-03_order-04_content-war_chunk_0012.mp4,war,24,26,2,ses-02,run-03,430.673,62.791,454.673,2,988.4195652173912,992.7673913043478
16,war,ses-02_run-03_order-04_content-war_chunk_0013.mp4,war,26,28,2,ses-02,run-03,430.673,62.791,456.673,2,992.7673913043478,997.1152173913043
16,war,ses-02_run-03_order-04_content-war_chunk_0010.mp4,war,20,22,2,ses-02,run-03,430.673,62.791,450.673,2,979.7239130434782,984.0717391304347
16,war,ses-02_run-03_order-04_content-war_chunk_0011.mp4,war,22,24,2,ses-02,run-03,430.673,62.791,452.673,2,984.0717391304347,988.4195652173912
16,war,ses-02_run-03_order-04_content-war_chunk_0007.mp4,war,14,16,2,ses-02,run-03,430.673,62.791,444.673,2,966.6804347826087,971.0282608695652
16,war,ses-02_run-03_order-04_content-war_chunk_0008.mp4,war,16,18,2,ses-02,run-03,430.673,62.791,446.673,2,971.0282608695652,975.3760869565217
16,war,ses-02_run-03_order-04_content-war_chunk_0009.mp4,war,18,20,2,ses-02,run-03,430.673,62.791,448.673,2,975.3760869565217,979.7239130434782
17,forestfire,ses-02_run-04_order-01_content-forestfire_chunk_0011.mp4,forestfire,22,24,2,ses-02,run-04,2.767,47.281,24.767,2,53.84130434782608,58.189130434782605
17,forestfire,ses-02_run-04_order-01_content-forestfire_chunk_0012.mp4,forestfire,24,26,2,ses-02,run-04,2.767,47.281,26.767,2,58.189130434782605,62.53695652173913
17,forestfire,ses-02_run-04_order-01_content-forestfire_chunk_0013.mp4,forestfire,26,28,2,ses-02,run-04,2.767,47.281,28.767,2,62.53695652173913,66.88478260869564
17,forestfire,ses-02_run-04_order-01_content-forestfire_chunk_0014.mp4,forestfire,28,30,2,ses-02,run-04,2.767,47.281,30.767,2,66.88478260869564,71.23260869565217
17,forestfire,ses-02_run-04_order-01_content-forestfire_chunk_0015.mp4,forestfire,30,32,2,ses-02,run-04,2.767,47.281,32.767,2,71.23260869565217,75.5804347826087
17,forestfire,ses-02_run-04_order-01_content-forestfire_chunk_0019.mp4,forestfire,38,40,2,ses-02,run-04,2.767,47.281,40.767,2,88.62391304347827,92.97173913043478
17,forestfire,ses-02_run-04_order-01_content-forestfire_chunk_0020.mp4,forestfire,40,42,2,ses-02,run-04,2.767,47.281,42.767,2,92.97173913043478,97.3195652173913
17,forestfire,ses-02_run-04_order-01_content-forestfire_chunk_0021.mp4,forestfire,42,44,2,ses-02,run-04,2.767,47.281,44.767,2,97.3195652173913,101.66739130434783
17,forestfire,ses-02_run-04_order-01_content-forestfire_chunk_0022.mp4,forestfire,44,46,2,ses-02,run-04,2.767,47.281,46.767,2,101.66739130434783,106.01521739130435
17,forestfire,ses-02_run-04_order-01_content-forestfire_chunk_0016.mp4,forestfire,32,34,2,ses-02,run-04,2.767,47.281,34.767,2,75.5804347826087,79.92826086956522
17,forestfire,ses-02_run-04_order-01_content-forestfire_chunk_0017.mp4,forestfire,34,36,2,ses-02,run-04,2.767,47.281,36.767,2,79.92826086956522,84.27608695652174
17,forestfire,ses-02_run-04_order-01_content-forestfire_chunk_0018.mp4,forestfire,36,38,2,ses-02,run-04,2.767,47.281,38.767,2,84.27608695652174,88.62391304347827
18,forestfire,ses-03_run-01_order-02_content-carflood_chunk_0000.mp4,carflood,0,2,2,ses-03,run-01,249.298,20.869,249.298,2,541.9521739130435,546.3
18,forestfire,ses-02_run-04_order-01_content-forestfire_chunk_0000.mp4,forestfire,0,2,2,ses-02,run-04,2.767,47.281,2.767,2,6.015217391304347,10.363043478260868
18,forestfire,ses-02_run-04_order-01_content-forestfire_chunk_0001.mp4,forestfire,2,4,2,ses-02,run-04,2.767,47.281,4.7669999999999995,2,10.363043478260868,14.71086956521739
18,forestfire,ses-02_run-04_order-01_content-forestfire_chunk_0010.mp4,forestfire,20,22,2,ses-02,run-04,2.767,47.281,22.767,2,49.49347826086956,53.84130434782608
18,forestfire,ses-02_run-04_order-01_content-forestfire_chunk_0007.mp4,forestfire,14,16,2,ses-02,run-04,2.767,47.281,16.767,2,36.449999999999996,40.79782608695652
18,forestfire,ses-02_run-04_order-01_content-forestfire_chunk_0008.mp4,forestfire,16,18,2,ses-02,run-04,2.767,47.281,18.767,2,40.79782608695652,45.14565217391304
18,forestfire,ses-02_run-04_order-01_content-forestfire_chunk_0009.mp4,forestfire,18,20,2,ses-02,run-04,2.767,47.281,20.767,2,45.14565217391304,49.49347826086956
18,forestfire,ses-02_run-04_order-01_content-forestfire_chunk_0002.mp4,forestfire,4,6,2,ses-02,run-04,2.767,47.281,6.7669999999999995,2,14.71086956521739,19.05869565217391
18,forestfire,ses-02_run-04_order-01_content-forestfire_chunk_0003.mp4,forestfire,6,8,2,ses-02,run-04,2.767,47.281,8.767,2,19.05869565217391,23.406521739130433
18,forestfire,ses-02_run-04_order-01_content-forestfire_chunk_0006.mp4,forestfire,12,14,2,ses-02,run-04,2.767,47.281,14.767,2,32.10217391304347,36.449999999999996
18,forestfire,ses-02_run-04_order-01_content-forestfire_chunk_0004.mp4,forestfire,8,10,2,ses-02,run-04,2.767,47.281,10.767,2,23.406521739130433,27.754347826086953
18,forestfire,ses-02_run-04_order-01_content-forestfire_chunk_0005.mp4,forestfire,10,12,2,ses-02,run-04,2.767,47.281,12.767,2,27.754347826086953,32.10217391304347
19,carflood+tornado,ses-03_run-01_order-02_content-carflood_chunk_0001.mp4,carflood,2,4,2,ses-03,run-01,249.298,20.869,251.298,2,546.3,550.6478260869565
19,carflood+tornado,ses-03_run-01_order-02_content-carflood_chunk_0002.mp4,carflood,4,6,2,ses-03,run-01,249.298,20.869,253.298,2,550.6478260869565,554.9956521739131
19,carflood+tornado,ses-03_run-01_order-02_content-carflood_chunk_0003.mp4,carflood,6,8,2,ses-03,run-01,249.298,20.869,255.298,2,554.9956521739131,559.3434782608696
19,carflood+tornado,ses-03_run-01_order-02_content-carflood_chunk_0004.mp4,carflood,8,10,2,ses-03,run-01,249.298,20.869,257.298,2,559.3434782608696,563.6913043478261
19,carflood+tornado,ses-03_run-01_order-02_content-carflood_chunk_0008.mp4,carflood,16,18,2,ses-03,run-01,249.298,20.869,265.298,2,576.7347826086956,581.0826086956522
19,carflood+tornado,ses-03_run-01_order-02_content-carflood_chunk_0009.mp4,carflood,18,20,2,ses-03,run-01,249.298,20.869,267.298,2,581.0826086956522,585.4304347826087
19,carflood+tornado,ses-03_run-01_order-02_content-carflood_chunk_0006.mp4,carflood,12,14,2,ses-03,run-01,249.298,20.869,261.298,2,568.0391304347826,572.3869565217391
19,carflood+tornado,ses-03_run-01_order-02_content-carflood_chunk_0005.mp4,carflood,10,12,2,ses-03,run-01,249.298,20.869,259.298,2,563.6913043478261,568.0391304347826
19,carflood+tornado,ses-03_run-01_order-02_content-carflood_chunk_0007.mp4,carflood,14,16,2,ses-03,run-01,249.298,20.869,263.298,2,572.3869565217391,576.7347826086956
19,carflood+tornado,ses-02_run-03_order-03_content-tornado_chunk_0000.mp4,tornado,0,2,2,ses-02,run-03,368.668,26.813,368.668,2,801.4521739130435,805.8
19,carflood+tornado,ses-02_run-03_order-03_content-tornado_chunk_0001.mp4,tornado,2,4,2,ses-02,run-03,368.668,26.813,370.668,2,805.8,810.1478260869565
19,carflood+tornado,ses-02_run-03_order-03_content-tornado_chunk_0002.mp4,tornado,4,6,2,ses-02,run-03,368.668,26.813,372.668,2,810.1478260869565,814.4956521739131
19,carflood+tornado,ses-02_run-03_order-03_content-tornado_chunk_0003.mp4,tornado,6,8,2,ses-02,run-03,368.668,26.813,374.668,2,814.4956521739131,818.8434782608696
19,carflood+tornado,ses-02_run-03_order-03_content-tornado_chunk_0008.mp4,tornado,16,18,2,ses-02,run-03,368.668,26.813,384.668,2,836.2347826086956,840.5826086956522
19,carflood+tornado,ses-02_run-03_order-03_content-tornado_chunk_0009.mp4,tornado,18,20,2,ses-02,run-03,368.668,26.813,386.668,2,840.5826086956522,844.9304347826087
19,carflood+tornado,ses-02_run-03_order-03_content-tornado_chunk_0012.mp4,tornado,24,26,2,ses-02,run-03,368.668,26.813,392.668,2,853.6260869565217,857.9739130434782
19,carflood+tornado,ses-02_run-03_order-03_content-tornado_chunk_0010.mp4,tornado,20,22,2,ses-02,run-03,368.668,26.813,388.668,2,844.9304347826087,849.2782608695652
19,carflood+tornado,ses-02_run-03_order-03_content-tornado_chunk_0011.mp4,tornado,22,24,2,ses-02,run-03,368.668,26.813,390.668,2,849.2782608695652,853.6260869565217
19,carflood+tornado,ses-02_run-03_order-03_content-tornado_chunk_0004.mp4,tornado,8,10,2,ses-02,run-03,368.668,26.813,376.668,2,818.8434782608696,823.1913043478261
19,carflood+tornado,ses-02_run-03_order-03_content-tornado_chunk_0005.mp4,tornado,10,12,2,ses-02,run-03,368.668,26.813,378.668,2,823.1913043478261,827.5391304347826
19,carflood+tornado,ses-02_run-03_order-03_content-tornado_chunk_0006.mp4,tornado,12,14,2,ses-02,run-03,368.668,26.813,380.668,2,827.5391304347826,831.8869565217391
19,carflood+tornado,ses-02_run-03_order-03_content-tornado_chunk_0007.mp4,tornado,14,16,2,ses-02,run-03,368.668,26.813,382.668,2,831.8869565217391,836.2347826086956
20,huggingpets+lioncubs+universe,ses-04_run-01_order-01_content-universe_chunk_0014.mp4,universe,28,30,2,ses-04,run-01,2.785,50.422,30.785,2,66.92391304347827,71.27173913043477
20,huggingpets+lioncubs+universe,ses-04_run-01_order-01_content-universe_chunk_0012.mp4,universe,24,26,2,ses-04,run-01,2.785,50.422,26.785,2,58.22826086956522,62.576086956521735
20,huggingpets+lioncubs+universe,ses-04_run-01_order-01_content-universe_chunk_0013.mp4,universe,26,28,2,ses-04,run-01,2.785,50.422,28.785,2,62.576086956521735,66.92391304347827
20,huggingpets+lioncubs+universe,ses-04_run-01_order-01_content-universe_chunk_0009.mp4,universe,18,20,2,ses-04,run-01,2.785,50.422,20.785,2,45.18478260869565,49.53260869565217
20,huggingpets+lioncubs+universe,ses-04_run-01_order-01_content-universe_chunk_0010.mp4,universe,20,22,2,ses-04,run-01,2.785,50.422,22.785,2,49.53260869565217,53.880434782608695
20,huggingpets+lioncubs+universe,ses-04_run-01_order-01_content-universe_chunk_0011.mp4,universe,22,24,2,ses-04,run-01,2.785,50.422,24.785,2,53.880434782608695,58.22826086956522
20,huggingpets+lioncubs+universe,ses-04_run-01_order-01_content-universe_chunk_0019.mp4,universe,38,40,2,ses-04,run-01,2.785,50.422,40.785,2,88.66304347826086,93.01086956521738
20,huggingpets+lioncubs+universe,ses-04_run-01_order-01_content-universe_chunk_0020.mp4,universe,40,42,2,ses-04,run-01,2.785,50.422,42.785,2,93.01086956521738,97.3586956521739
20,huggingpets+lioncubs+universe,ses-04_run-01_order-01_content-universe_chunk_0021.mp4,universe,42,44,2,ses-04,run-01,2.785,50.422,44.785,2,97.3586956521739,101.70652173913042
20,huggingpets+lioncubs+universe,ses-04_run-01_order-01_content-universe_chunk_0024.mp4,universe,48,50,2,ses-04,run-01,2.785,50.422,50.785,2,110.40217391304347,114.74999999999999
20,huggingpets+lioncubs+universe,ses-04_run-01_order-01_content-universe_chunk_0022.mp4,universe,44,46,2,ses-04,run-01,2.785,50.422,46.785,2,101.70652173913042,106.05434782608694
20,huggingpets+lioncubs+universe,ses-04_run-01_order-01_content-universe_chunk_0023.mp4,universe,46,48,2,ses-04,run-01,2.785,50.422,48.785,2,106.05434782608694,110.40217391304347
20,huggingpets+lioncubs+universe,ses-04_run-01_order-01_content-universe_chunk_0017.mp4,universe,34,36,2,ses-04,run-01,2.785,50.422,36.785,2,79.96739130434781,84.31521739130433
20,huggingpets+lioncubs+universe,ses-04_run-01_order-01_content-universe_chunk_0018.mp4,universe,36,38,2,ses-04,run-01,2.785,50.422,38.785,2,84.31521739130433,88.66304347826086
20,huggingpets+lioncubs+universe,ses-04_run-01_order-01_content-universe_chunk_0015.mp4,universe,30,32,2,ses-04,run-01,2.785,50.422,32.785,2,71.27173913043477,75.6195652173913
20,huggingpets+lioncubs+universe,ses-04_run-01_order-01_content-universe_chunk_0016.mp4,universe,32,34,2,ses-04,run-01,2.785,50.422,34.785,2,75.6195652173913,79.96739130434781
20,huggingpets+lioncubs+universe,ses-04_run-01_order-01_content-universe_chunk_0000.mp4,universe,0,2,2,ses-04,run-01,2.785,50.422,2.785,2,6.054347826086957,10.402173913043478
20,huggingpets+lioncubs+universe,ses-04_run-01_order-01_content-universe_chunk_0001.mp4,universe,2,4,2,ses-04,run-01,2.785,50.422,4.785,2,10.402173913043478,14.75
20,huggingpets+lioncubs+universe,ses-04_run-01_order-01_content-universe_chunk_0002.mp4,universe,4,6,2,ses-04,run-01,2.785,50.422,6.785,2,14.75,19.09782608695652
20,huggingpets+lioncubs+universe,ses-04_run-01_order-01_content-universe_chunk_0003.mp4,universe,6,8,2,ses-04,run-01,2.785,50.422,8.785,2,19.09782608695652,23.445652173913043
20,huggingpets+lioncubs+universe,ses-04_run-01_order-01_content-universe_chunk_0007.mp4,universe,14,16,2,ses-04,run-01,2.785,50.422,16.785,2,36.48913043478261,40.836956521739125
20,huggingpets+lioncubs+universe,ses-04_run-01_order-01_content-universe_chunk_0008.mp4,universe,16,18,2,ses-04,run-01,2.785,50.422,18.785,2,40.836956521739125,45.18478260869565
20,huggingpets+lioncubs+universe,ses-04_run-01_order-01_content-universe_chunk_0004.mp4,universe,8,10,2,ses-04,run-01,2.785,50.422,10.785,2,23.445652173913043,27.793478260869563
20,huggingpets+lioncubs+universe,ses-04_run-01_order-01_content-universe_chunk_0005.mp4,universe,10,12,2,ses-04,run-01,2.785,50.422,12.785,2,27.793478260869563,32.141304347826086
20,huggingpets+lioncubs+universe,ses-04_run-01_order-01_content-universe_chunk_0006.mp4,universe,12,14,2,ses-04,run-01,2.785,50.422,14.785,2,32.141304347826086,36.48913043478261
20,huggingpets+lioncubs+universe,ses-01_run-01_order-03_content-lioncubs_chunk_0006.mp4,lioncubs,12,14,2,ses-01,run-01,320.707,60.833,332.707,2,723.2760869565217,727.6239130434782
20,huggingpets+lioncubs+universe,ses-01_run-01_order-03_content-lioncubs_chunk_0007.mp4,lioncubs,14,16,2,ses-01,run-01,320.707,60.833,334.707,2,727.6239130434782,731.9717391304347
20,huggingpets+lioncubs+universe,ses-01_run-01_order-03_content-lioncubs_chunk_0002.mp4,lioncubs,4,6,2,ses-01,run-01,320.707,60.833,324.707,2,705.8847826086956,710.2326086956522
20,huggingpets+lioncubs+universe,ses-01_run-01_order-03_content-lioncubs_chunk_0003.mp4,lioncubs,6,8,2,ses-01,run-01,320.707,60.833,326.707,2,710.2326086956522,714.5804347826087
20,huggingpets+lioncubs+universe,ses-01_run-01_order-03_content-lioncubs_chunk_0004.mp4,lioncubs,8,10,2,ses-01,run-01,320.707,60.833,328.707,2,714.5804347826087,718.9282608695652
20,huggingpets+lioncubs+universe,ses-01_run-01_order-03_content-lioncubs_chunk_0005.mp4,lioncubs,10,12,2,ses-01,run-01,320.707,60.833,330.707,2,718.9282608695652,723.2760869565217
20,huggingpets+lioncubs+universe,ses-01_run-01_order-03_content-lioncubs_chunk_0000.mp4,lioncubs,0,2,2,ses-01,run-01,320.707,60.833,320.707,2,697.1891304347826,701.5369565217391
20,huggingpets+lioncubs+universe,ses-01_run-01_order-03_content-lioncubs_chunk_0001.mp4,lioncubs,2,4,2,ses-01,run-01,320.707,60.833,322.707,2,701.5369565217391,705.8847826086956
20,huggingpets+lioncubs+universe,ses-01_run-01_order-03_content-lioncubs_chunk_0024.mp4,lioncubs,48,50,2,ses-01,run-01,320.707,60.833,368.707,2,801.5369565217391,805.8847826086956
20,huggingpets+lioncubs+universe,ses-01_run-01_order-03_content-lioncubs_chunk_0025.mp4,lioncubs,50,52,2,ses-01,run-01,320.707,60.833,370.707,2,805.8847826086956,810.2326086956522
20,huggingpets+lioncubs+universe,ses-01_run-01_order-03_content-lioncubs_chunk_0028.mp4,lioncubs,56,58,2,ses-01,run-01,320.707,60.833,376.707,2,818.9282608695652,823.2760869565217
20,huggingpets+lioncubs+universe,ses-01_run-01_order-03_content-lioncubs_chunk_0029.mp4,lioncubs,58,60,2,ses-01,run-01,320.707,60.833,378.707,2,823.2760869565217,827.6239130434782
20,huggingpets+lioncubs+universe,ses-01_run-01_order-03_content-lioncubs_chunk_0026.mp4,lioncubs,52,54,2,ses-01,run-01,320.707,60.833,372.707,2,810.2326086956522,814.5804347826087
20,huggingpets+lioncubs+universe,ses-01_run-01_order-03_content-lioncubs_chunk_0027.mp4,lioncubs,54,56,2,ses-01,run-01,320.707,60.833,374.707,2,814.5804347826087,818.9282608695652
20,huggingpets+lioncubs+universe,ses-01_run-01_order-03_content-lioncubs_chunk_0023.mp4,lioncubs,46,48,2,ses-01,run-01,320.707,60.833,366.707,2,797.1891304347826,801.5369565217391
20,huggingpets+lioncubs+universe,ses-01_run-01_order-03_content-lioncubs_chunk_0021.mp4,lioncubs,42,44,2,ses-01,run-01,320.707,60.833,362.707,2,788.4934782608696,792.841304347826
20,huggingpets+lioncubs+universe,ses-01_run-01_order-03_content-lioncubs_chunk_0022.mp4,lioncubs,44,46,2,ses-01,run-01,320.707,60.833,364.707,2,792.841304347826,797.1891304347826
20,huggingpets+lioncubs+universe,ses-01_run-01_order-03_content-lioncubs_chunk_0019.mp4,lioncubs,38,40,2,ses-01,run-01,320.707,60.833,358.707,2,779.7978260869564,784.145652173913
20,huggingpets+lioncubs+universe,ses-01_run-01_order-03_content-lioncubs_chunk_0020.mp4,lioncubs,40,42,2,ses-01,run-01,320.707,60.833,360.707,2,784.145652173913,788.4934782608696
20,huggingpets+lioncubs+universe,ses-01_run-01_order-03_content-lioncubs_chunk_0010.mp4,lioncubs,20,22,2,ses-01,run-01,320.707,60.833,340.707,2,740.6673913043478,745.0152173913043
20,huggingpets+lioncubs+universe,ses-01_run-01_order-03_content-lioncubs_chunk_0008.mp4,lioncubs,16,18,2,ses-01,run-01,320.707,60.833,336.707,2,731.9717391304347,736.3195652173913
20,huggingpets+lioncubs+universe,ses-01_run-01_order-03_content-lioncubs_chunk_0009.mp4,lioncubs,18,20,2,ses-01,run-01,320.707,60.833,338.707,2,736.3195652173913,740.6673913043478
20,huggingpets+lioncubs+universe,ses-01_run-01_order-03_content-lioncubs_chunk_0011.mp4,lioncubs,22,24,2,ses-01,run-01,320.707,60.833,342.707,2,745.0152173913043,749.3630434782608
20,huggingpets+lioncubs+universe,ses-01_run-01_order-03_content-lioncubs_chunk_0012.mp4,lioncubs,24,26,2,ses-01,run-01,320.707,60.833,344.707,2,749.3630434782608,753.7108695652173
20,huggingpets+lioncubs+universe,ses-01_run-01_order-03_content-lioncubs_chunk_0013.mp4,lioncubs,26,28,2,ses-01,run-01,320.707,60.833,346.707,2,753.7108695652173,758.0586956521738
20,huggingpets+lioncubs+universe,ses-01_run-01_order-03_content-lioncubs_chunk_0017.mp4,lioncubs,34,36,2,ses-01,run-01,320.707,60.833,354.707,2,771.1021739130434,775.4499999999999
20,huggingpets+lioncubs+universe,ses-01_run-01_order-03_content-lioncubs_chunk_0018.mp4,lioncubs,36,38,2,ses-01,run-01,320.707,60.833,356.707,2,775.4499999999999,779.7978260869564
20,huggingpets+lioncubs+universe,ses-01_run-01_order-03_content-lioncubs_chunk_0014.mp4,lioncubs,28,30,2,ses-01,run-01,320.707,60.833,348.707,2,758.0586956521738,762.4065217391304
20,huggingpets+lioncubs+universe,ses-01_run-01_order-03_content-lioncubs_chunk_0015.mp4,lioncubs,30,32,2,ses-01,run-01,320.707,60.833,350.707,2,762.4065217391304,766.7543478260869
20,huggingpets+lioncubs+universe,ses-01_run-01_order-03_content-lioncubs_chunk_0016.mp4,lioncubs,32,34,2,ses-01,run-01,320.707,60.833,352.707,2,766.7543478260869,771.1021739130434
20,huggingpets+lioncubs+universe,ses-01_run-03_order-01_content-huggingpets_chunk_0000.mp4,huggingpets,0,2,2,ses-01,run-03,0.005,106.89,0.005,2,0.010869565217391304,4.358695652173912
20,huggingpets+lioncubs+universe,ses-01_run-03_order-01_content-huggingpets_chunk_0001.mp4,huggingpets,2,4,2,ses-01,run-03,0.005,106.89,2.005,2,4.358695652173912,8.706521739130434
20,huggingpets+lioncubs+universe,ses-01_run-03_order-01_content-huggingpets_chunk_0002.mp4,huggingpets,4,6,2,ses-01,run-03,0.005,106.89,4.005,2,8.706521739130434,13.054347826086955
20,huggingpets+lioncubs+universe,ses-01_run-03_order-01_content-huggingpets_chunk_0009.mp4,huggingpets,18,20,2,ses-01,run-03,0.005,106.89,18.005,2,39.141304347826086,43.4891304347826
20,huggingpets+lioncubs+universe,ses-01_run-03_order-01_content-huggingpets_chunk_0006.mp4,huggingpets,12,14,2,ses-01,run-03,0.005,106.89,12.005,2,26.097826086956523,30.445652173913043
20,huggingpets+lioncubs+universe,ses-01_run-03_order-01_content-huggingpets_chunk_0007.mp4,huggingpets,14,16,2,ses-01,run-03,0.005,106.89,14.005,2,30.445652173913043,34.79347826086956
20,huggingpets+lioncubs+universe,ses-01_run-03_order-01_content-huggingpets_chunk_0008.mp4,huggingpets,16,18,2,ses-01,run-03,0.005,106.89,16.005,2,34.79347826086956,39.141304347826086
20,huggingpets+lioncubs+universe,ses-01_run-03_order-01_content-huggingpets_chunk_0003.mp4,huggingpets,6,8,2,ses-01,run-03,0.005,106.89,6.005,2,13.054347826086955,17.40217391304348
20,huggingpets+lioncubs+universe,ses-01_run-03_order-01_content-huggingpets_chunk_0004.mp4,huggingpets,8,10,2,ses-01,run-03,0.005,106.89,8.005,2,17.40217391304348,21.75
20,huggingpets+lioncubs+universe,ses-01_run-03_order-01_content-huggingpets_chunk_0005.mp4,huggingpets,10,12,2,ses-01,run-03,0.005,106.89,10.005,2,21.75,26.097826086956523
20,huggingpets+lioncubs+universe,ses-01_run-03_order-01_content-huggingpets_chunk_0035.mp4,huggingpets,70,72,2,ses-01,run-03,0.005,106.89,70.005,2,152.18478260869563,156.53260869565216
20,huggingpets+lioncubs+universe,ses-01_run-03_order-01_content-huggingpets_chunk_0036.mp4,huggingpets,72,74,2,ses-01,run-03,0.005,106.89,72.005,2,156.53260869565216,160.8804347826087
20,huggingpets+lioncubs+universe,ses-01_run-03_order-01_content-huggingpets_chunk_0033.mp4,huggingpets,66,68,2,ses-01,run-03,0.005,106.89,66.005,2,143.4891304347826,147.83695652173913
20,huggingpets+lioncubs+universe,ses-01_run-03_order-01_content-huggingpets_chunk_0034.mp4,huggingpets,68,70,2,ses-01,run-03,0.005,106.89,68.005,2,147.83695652173913,152.18478260869563
20,huggingpets+lioncubs+universe,ses-01_run-03_order-01_content-huggingpets_chunk_0042.mp4,huggingpets,84,86,2,ses-01,run-03,0.005,106.89,84.005,2,182.61956521739128,186.9673913043478
20,huggingpets+lioncubs+universe,ses-01_run-03_order-01_content-huggingpets_chunk_0043.mp4,huggingpets,86,88,2,ses-01,run-03,0.005,106.89,86.005,2,186.9673913043478,191.31521739130432
20,huggingpets+lioncubs+universe,ses-01_run-03_order-01_content-huggingpets_chunk_0044.mp4,huggingpets,88,90,2,ses-01,run-03,0.005,106.89,88.005,2,191.31521739130432,195.66304347826085
20,huggingpets+lioncubs+universe,ses-01_run-03_order-01_content-huggingpets_chunk_0037.mp4,huggingpets,74,76,2,ses-01,run-03,0.005,106.89,74.005,2,160.8804347826087,165.2282608695652
20,huggingpets+lioncubs+universe,ses-01_run-03_order-01_content-huggingpets_chunk_0038.mp4,huggingpets,76,78,2,ses-01,run-03,0.005,106.89,76.005,2,165.2282608695652,169.57608695652172
20,huggingpets+lioncubs+universe,ses-01_run-03_order-01_content-huggingpets_chunk_0039.mp4,huggingpets,78,80,2,ses-01,run-03,0.005,106.89,78.005,2,169.57608695652172,173.92391304347825
20,huggingpets+lioncubs+universe,ses-01_run-03_order-01_content-huggingpets_chunk_0040.mp4,huggingpets,80,82,2,ses-01,run-03,0.005,106.89,80.005,2,173.92391304347825,178.27173913043475
20,huggingpets+lioncubs+universe,ses-01_run-03_order-01_content-huggingpets_chunk_0041.mp4,huggingpets,82,84,2,ses-01,run-03,0.005,106.89,82.005,2,178.27173913043475,182.61956521739128
20,huggingpets+lioncubs+universe,ses-01_run-03_order-01_content-huggingpets_chunk_0052.mp4,huggingpets,104,106,2,ses-01,run-03,0.005,106.89,104.005,2,226.0978260869565,230.44565217391303
20,huggingpets+lioncubs+universe,ses-01_run-03_order-01_content-huggingpets_chunk_0050.mp4,huggingpets,100,102,2,ses-01,run-03,0.005,106.89,100.005,2,217.40217391304347,221.74999999999997
20,huggingpets+lioncubs+universe,ses-01_run-03_order-01_content-huggingpets_chunk_0051.mp4,huggingpets,102,104,2,ses-01,run-03,0.005,106.89,102.005,2,221.74999999999997,226.0978260869565
20,huggingpets+lioncubs+universe,ses-01_run-03_order-01_content-huggingpets_chunk_0049.mp4,huggingpets,98,100,2,ses-01,run-03,0.005,106.89,98.005,2,213.05434782608694,217.40217391304347
20,huggingpets+lioncubs+universe,ses-01_run-03_order-01_content-huggingpets_chunk_0047.mp4,huggingpets,94,96,2,ses-01,run-03,0.005,106.89,94.005,2,204.3586956521739,208.7065217391304
20,huggingpets+lioncubs+universe,ses-01_run-03_order-01_content-huggingpets_chunk_0048.mp4,huggingpets,96,98,2,ses-01,run-03,0.005,106.89,96.005,2,208.7065217391304,213.05434782608694
20,huggingpets+lioncubs+universe,ses-01_run-03_order-01_content-huggingpets_chunk_0045.mp4,huggingpets,90,92,2,ses-01,run-03,0.005,106.89,90.005,2,195.66304347826085,200.01086956521738
20,huggingpets+lioncubs+universe,ses-01_run-03_order-01_content-huggingpets_chunk_0046.mp4,huggingpets,92,94,2,ses-01,run-03,0.005,106.89,92.005,2,200.01086956521738,204.3586956521739
20,huggingpets+lioncubs+universe,ses-01_run-03_order-01_content-huggingpets_chunk_0024.mp4,huggingpets,48,50,2,ses-01,run-03,0.005,106.89,48.005,2,104.35869565217392,108.70652173913044
20,huggingpets+lioncubs+universe,ses-01_run-03_order-01_content-huggingpets_chunk_0021.mp4,huggingpets,42,44,2,ses-01,run-03,0.005,106.89,42.005,2,91.31521739130434,95.66304347826087
20,huggingpets+lioncubs+universe,ses-01_run-03_order-01_content-huggingpets_chunk_0022.mp4,huggingpets,44,46,2,ses-01,run-03,0.005,106.89,44.005,2,95.66304347826087,100.01086956521739
20,huggingpets+lioncubs+universe,ses-01_run-03_order-01_content-huggingpets_chunk_0023.mp4,huggingpets,46,48,2,ses-01,run-03,0.005,106.89,46.005,2,100.01086956521739,104.35869565217392
20,huggingpets+lioncubs+universe,ses-01_run-03_order-01_content-huggingpets_chunk_0032.mp4,huggingpets,64,66,2,ses-01,run-03,0.005,106.89,64.005,2,139.14130434782606,143.4891304347826
20,huggingpets+lioncubs+universe,ses-01_run-03_order-01_content-huggingpets_chunk_0030.mp4,huggingpets,60,62,2,ses-01,run-03,0.005,106.89,60.005,2,130.44565217391303,134.79347826086956
20,huggingpets+lioncubs+universe,ses-01_run-03_order-01_content-huggingpets_chunk_0031.mp4,huggingpets,62,64,2,ses-01,run-03,0.005,106.89,62.005,2,134.79347826086956,139.14130434782606
20,huggingpets+lioncubs+universe,ses-01_run-03_order-01_content-huggingpets_chunk_0025.mp4,huggingpets,50,52,2,ses-01,run-03,0.005,106.89,50.005,2,108.70652173913044,113.05434782608695
20,huggingpets+lioncubs+universe,ses-01_run-03_order-01_content-huggingpets_chunk_0026.mp4,huggingpets,52,54,2,ses-01,run-03,0.005,106.89,52.005,2,113.05434782608695,117.40217391304348
20,huggingpets+lioncubs+universe,ses-01_run-03_order-01_content-huggingpets_chunk_0029.mp4,huggingpets,58,60,2,ses-01,run-03,0.005,106.89,58.005,2,126.09782608695652,130.44565217391303
20,huggingpets+lioncubs+universe,ses-01_run-03_order-01_content-huggingpets_chunk_0027.mp4,huggingpets,54,56,2,ses-01,run-03,0.005,106.89,54.005,2,117.40217391304348,121.75
20,huggingpets+lioncubs+universe,ses-01_run-03_order-01_content-huggingpets_chunk_0028.mp4,huggingpets,56,58,2,ses-01,run-03,0.005,106.89,56.005,2,121.75,126.09782608695652
20,huggingpets+lioncubs+universe,ses-01_run-03_order-01_content-huggingpets_chunk_0015.mp4,huggingpets,30,32,2,ses-01,run-03,0.005,106.89,30.005,2,65.22826086956522,69.57608695652173
20,huggingpets+lioncubs+universe,ses-01_run-03_order-01_content-huggingpets_chunk_0016.mp4,huggingpets,32,34,2,ses-01,run-03,0.005,106.89,32.005,2,69.57608695652173,73.92391304347827
20,huggingpets+lioncubs+universe,ses-01_run-03_order-01_content-huggingpets_chunk_0017.mp4,huggingpets,34,36,2,ses-01,run-03,0.005,106.89,34.005,2,73.92391304347827,78.27173913043478
20,huggingpets+lioncubs+universe,ses-01_run-03_order-01_content-huggingpets_chunk_0020.mp4,huggingpets,40,42,2,ses-01,run-03,0.005,106.89,40.005,2,86.96739130434783,91.31521739130434
20,huggingpets+lioncubs+universe,ses-01_run-03_order-01_content-huggingpets_chunk_0018.mp4,huggingpets,36,38,2,ses-01,run-03,0.005,106.89,36.005,2,78.27173913043478,82.61956521739131
20,huggingpets+lioncubs+universe,ses-01_run-03_order-01_content-huggingpets_chunk_0019.mp4,huggingpets,38,40,2,ses-01,run-03,0.005,106.89,38.005,2,82.61956521739131,86.96739130434783
20,huggingpets+lioncubs+universe,ses-01_run-03_order-01_content-huggingpets_chunk_0014.mp4,huggingpets,28,30,2,ses-01,run-03,0.005,106.89,28.005,2,60.88043478260869,65.22826086956522
20,huggingpets+lioncubs+universe,ses-01_run-03_order-01_content-huggingpets_chunk_0012.mp4,huggingpets,24,26,2,ses-01,run-03,0.005,106.89,24.005,2,52.18478260869565,56.53260869565217
20,huggingpets+lioncubs+universe,ses-01_run-03_order-01_content-huggingpets_chunk_0013.mp4,huggingpets,26,28,2,ses-01,run-03,0.005,106.89,26.005,2,56.53260869565217,60.88043478260869
20,huggingpets+lioncubs+universe,ses-01_run-03_order-01_content-huggingpets_chunk_0010.mp4,huggingpets,20,22,2,ses-01,run-03,0.005,106.89,20.005,2,43.4891304347826,47.836956521739125
20,huggingpets+lioncubs+universe,ses-01_run-03_order-01_content-huggingpets_chunk_0011.mp4,huggingpets,22,24,2,ses-01,run-03,0.005,106.89,22.005,2,47.836956521739125,52.18478260869565
21,HB,ses-01_run-02_order-02_content-HB_chunk_0004.mp4,HB,8,10,2,ses-01,run-02,190.293,57.095,198.293,2,431.07173913043476,435.4195652173913
21,HB,ses-01_run-02_order-02_content-HB_chunk_0002.mp4,HB,4,6,2,ses-01,run-02,190.293,57.095,194.293,2,422.37608695652176,426.72391304347826
21,HB,ses-01_run-02_order-02_content-HB_chunk_0003.mp4,HB,6,8,2,ses-01,run-02,190.293,57.095,196.293,2,426.72391304347826,431.07173913043476
21,HB,ses-01_run-02_order-02_content-HB_chunk_0000.mp4,HB,0,2,2,ses-01,run-02,190.293,57.095,190.293,2,413.6804347826087,418.0282608695652
21,HB,ses-01_run-02_order-02_content-HB_chunk_0001.mp4,HB,2,4,2,ses-01,run-02,190.293,57.095,192.293,2,418.0282608695652,422.37608695652176
22,HB,ses-01_run-02_order-02_content-HB_chunk_0024.mp4,HB,48,50,2,ses-01,run-02,190.293,57.095,238.293,2,518.0282608695652,522.3760869565217
22,HB,ses-01_run-02_order-02_content-HB_chunk_0025.mp4,HB,50,52,2,ses-01,run-02,190.293,57.095,240.293,2,522.3760869565217,526.7239130434782
22,HB,ses-01_run-02_order-02_content-HB_chunk_0026.mp4,HB,52,54,2,ses-01,run-02,190.293,57.095,242.293,2,526.7239130434782,531.0717391304348
22,HB,ses-01_run-02_order-02_content-HB_chunk_0027.mp4,HB,54,56,2,ses-01,run-02,190.293,57.095,244.293,2,531.0717391304348,535.4195652173913
22,HB,ses-01_run-02_order-02_content-HB_chunk_0014.mp4,HB,28,30,2,ses-01,run-02,190.293,57.095,218.293,2,474.55,478.8978260869565
22,HB,ses-01_run-02_order-02_content-HB_chunk_0012.mp4,HB,24,26,2,ses-01,run-02,190.293,57.095,214.293,2,465.85434782608695,470.20217391304345
22,HB,ses-01_run-02_order-02_content-HB_chunk_0013.mp4,HB,26,28,2,ses-01,run-02,190.293,57.095,216.293,2,470.20217391304345,474.55
22,HB,ses-01_run-02_order-02_content-HB_chunk_0022.mp4,HB,44,46,2,ses-01,run-02,190.293,57.095,234.293,2,509.33260869565214,513.6804347826087
22,HB,ses-01_run-02_order-02_content-HB_chunk_0023.mp4,HB,46,48,2,ses-01,run-02,190.293,57.095,236.293,2,513.6804347826087,518.0282608695652
22,HB,ses-01_run-02_order-02_content-HB_chunk_0020.mp4,HB,40,42,2,ses-01,run-02,190.293,57.095,230.293,2,500.63695652173914,504.98478260869564
22,HB,ses-01_run-02_order-02_content-HB_chunk_0021.mp4,HB,42,44,2,ses-01,run-02,190.293,57.095,232.293,2,504.98478260869564,509.33260869565214
22,HB,ses-01_run-02_order-02_content-HB_chunk_0015.mp4,HB,30,32,2,ses-01,run-02,190.293,57.095,220.293,2,478.8978260869565,483.245652173913
22,HB,ses-01_run-02_order-02_content-HB_chunk_0016.mp4,HB,32,34,2,ses-01,run-02,190.293,57.095,222.293,2,483.245652173913,487.5934782608696
22,HB,ses-01_run-02_order-02_content-HB_chunk_0019.mp4,HB,38,40,2,ses-01,run-02,190.293,57.095,228.293,2,496.2891304347826,500.63695652173914
22,HB,ses-01_run-02_order-02_content-HB_chunk_0017.mp4,HB,34,36,2,ses-01,run-02,190.293,57.095,224.293,2,487.5934782608696,491.9413043478261
22,HB,ses-01_run-02_order-02_content-HB_chunk_0018.mp4,HB,36,38,2,ses-01,run-02,190.293,57.095,226.293,2,491.9413043478261,496.2891304347826
22,HB,ses-01_run-02_order-02_content-HB_chunk_0005.mp4,HB,10,12,2,ses-01,run-02,190.293,57.095,200.293,2,435.4195652173913,439.7673913043478
22,HB,ses-01_run-02_order-02_content-HB_chunk_0006.mp4,HB,12,14,2,ses-01,run-02,190.293,57.095,202.293,2,439.7673913043478,444.1152173913043
22,HB,ses-01_run-02_order-02_content-HB_chunk_0010.mp4,HB,20,22,2,ses-01,run-02,190.293,57.095,210.293,2,457.1586956521739,461.50652173913045
22,HB,ses-01_run-02_order-02_content-HB_chunk_0011.mp4,HB,22,24,2,ses-01,run-02,190.293,57.095,212.293,2,461.50652173913045,465.85434782608695
22,HB,ses-01_run-02_order-02_content-HB_chunk_0007.mp4,HB,14,16,2,ses-01,run-02,190.293,57.095,204.293,2,444.1152173913043,448.4630434782609
22,HB,ses-01_run-02_order-02_content-HB_chunk_0008.mp4,HB,16,18,2,ses-01,run-02,190.293,57.095,206.293,2,448.4630434782609,452.8108695652174
22,HB,ses-01_run-02_order-02_content-HB_chunk_0009.mp4,HB,18,20,2,ses-01,run-02,190.293,57.095,208.293,2,452.8108695652174,457.1586956521739
23,youth,ses-02_run-01_order-03_content-youth_chunk_0053.mp4,youth,106,108,2,ses-02,run-01,171.299,111.12,277.299,2,602.8239130434782,607.1717391304347
23,youth,ses-02_run-01_order-03_content-youth_chunk_0054.mp4,youth,108,110,2,ses-02,run-01,171.299,111.12,279.299,2,607.1717391304347,611.5195652173912
23,youth,ses-02_run-01_order-03_content-youth_chunk_0049.mp4,youth,98,100,2,ses-02,run-01,171.299,111.12,269.299,2,585.4326086956521,589.7804347826086
23,youth,ses-02_run-01_order-03_content-youth_chunk_0047.mp4,youth,94,96,2,ses-02,run-01,171.299,111.12,265.299,2,576.7369565217391,581.0847826086956
23,youth,ses-02_run-01_order-03_content-youth_chunk_0048.mp4,youth,96,98,2,ses-02,run-01,171.299,111.12,267.299,2,581.0847826086956,585.4326086956521
23,youth,ses-02_run-01_order-03_content-youth_chunk_0052.mp4,youth,104,106,2,ses-02,run-01,171.299,111.12,275.299,2,598.4760869565216,602.8239130434782
23,youth,ses-02_run-01_order-03_content-youth_chunk_0050.mp4,youth,100,102,2,ses-02,run-01,171.299,111.12,271.299,2,589.7804347826086,594.1282608695651
23,youth,ses-02_run-01_order-03_content-youth_chunk_0051.mp4,youth,102,104,2,ses-02,run-01,171.299,111.12,273.299,2,594.1282608695651,598.4760869565216
23,youth,ses-02_run-01_order-03_content-youth_chunk_0033.mp4,youth,66,68,2,ses-02,run-01,171.299,111.12,237.299,2,515.8673913043478,520.2152173913043
23,youth,ses-02_run-01_order-03_content-youth_chunk_0034.mp4,youth,68,70,2,ses-02,run-01,171.299,111.12,239.299,2,520.2152173913043,524.5630434782609
23,youth,ses-02_run-01_order-03_content-youth_chunk_0037.mp4,youth,74,76,2,ses-02,run-01,171.299,111.12,245.299,2,533.2586956521739,537.6065217391305
23,youth,ses-02_run-01_order-03_content-youth_chunk_0038.mp4,youth,76,78,2,ses-02,run-01,171.299,111.12,247.299,2,537.6065217391305,541.954347826087
23,youth,ses-02_run-01_order-03_content-youth_chunk_0035.mp4,youth,70,72,2,ses-02,run-01,171.299,111.12,241.299,2,524.5630434782609,528.9108695652174
23,youth,ses-02_run-01_order-03_content-youth_chunk_0036.mp4,youth,72,74,2,ses-02,run-01,171.299,111.12,243.299,2,528.9108695652174,533.2586956521739
23,youth,ses-02_run-01_order-03_content-youth_chunk_0039.mp4,youth,78,80,2,ses-02,run-01,171.299,111.12,249.299,2,541.954347826087,546.3021739130435
23,youth,ses-02_run-01_order-03_content-youth_chunk_0040.mp4,youth,80,82,2,ses-02,run-01,171.299,111.12,251.299,2,546.3021739130435,550.65
23,youth,ses-02_run-01_order-03_content-youth_chunk_0045.mp4,youth,90,92,2,ses-02,run-01,171.299,111.12,261.299,2,568.041304347826,572.3891304347825
23,youth,ses-02_run-01_order-03_content-youth_chunk_0046.mp4,youth,92,94,2,ses-02,run-01,171.299,111.12,263.299,2,572.3891304347825,576.7369565217391
23,youth,ses-02_run-01_order-03_content-youth_chunk_0043.mp4,youth,86,88,2,ses-02,run-01,171.299,111.12,257.299,2,559.345652173913,563.6934782608695
23,youth,ses-02_run-01_order-03_content-youth_chunk_0044.mp4,youth,88,90,2,ses-02,run-01,171.299,111.12,259.299,2,563.6934782608695,568.041304347826
23,youth,ses-02_run-01_order-03_content-youth_chunk_0041.mp4,youth,82,84,2,ses-02,run-01,171.299,111.12,253.299,2,550.65,554.9978260869565
23,youth,ses-02_run-01_order-03_content-youth_chunk_0042.mp4,youth,84,86,2,ses-02,run-01,171.299,111.12,255.299,2,554.9978260869565,559.345652173913
24,youth,ses-02_run-01_order-03_content-youth_chunk_0009.mp4,youth,18,20,2,ses-02,run-01,171.299,111.12,189.299,2,411.5195652173913,415.86739130434785
24,youth,ses-02_run-01_order-03_content-youth_chunk_0010.mp4,youth,20,22,2,ses-02,run-01,171.299,111.12,191.299,2,415.86739130434785,420.21521739130435
24,youth,ses-02_run-01_order-03_content-youth_chunk_0011.mp4,youth,22,24,2,ses-02,run-01,171.299,111.12,193.299,2,420.21521739130435,424.56304347826085
24,youth,ses-02_run-01_order-03_content-youth_chunk_0012.mp4,youth,24,26,2,ses-02,run-01,171.299,111.12,195.299,2,424.56304347826085,428.9108695652174
24,youth,ses-02_run-01_order-03_content-youth_chunk_0013.mp4,youth,26,28,2,ses-02,run-01,171.299,111.12,197.299,2,428.9108695652174,433.2586956521739
24,youth,ses-02_run-01_order-03_content-youth_chunk_0025.mp4,youth,50,52,2,ses-02,run-01,171.299,111.12,221.299,2,481.08478260869566,485.43260869565216
24,youth,ses-02_run-01_order-03_content-youth_chunk_0026.mp4,youth,52,54,2,ses-02,run-01,171.299,111.12,223.299,2,485.43260869565216,489.78043478260867
24,youth,ses-02_run-01_order-03_content-youth_chunk_0027.mp4,youth,54,56,2,ses-02,run-01,171.299,111.12,225.299,2,489.78043478260867,494.1282608695652
24,youth,ses-02_run-01_order-03_content-youth_chunk_0031.mp4,youth,62,64,2,ses-02,run-01,171.299,111.12,233.299,2,507.1717391304348,511.5195652173913
24,youth,ses-02_run-01_order-03_content-youth_chunk_0032.mp4,youth,64,66,2,ses-02,run-01,171.299,111.12,235.299,2,511.5195652173913,515.8673913043478
24,youth,ses-02_run-01_order-03_content-youth_chunk_0029.mp4,youth,58,60,2,ses-02,run-01,171.299,111.12,229.299,2,498.4760869565217,502.8239130434782
24,youth,ses-02_run-01_order-03_content-youth_chunk_0028.mp4,youth,56,58,2,ses-02,run-01,171.299,111.12,227.299,2,494.1282608695652,498.4760869565217
24,youth,ses-02_run-01_order-03_content-youth_chunk_0030.mp4,youth,60,62,2,ses-02,run-01,171.299,111.12,231.299,2,502.8239130434782,507.1717391304348
24,youth,ses-02_run-01_order-03_content-youth_chunk_0023.mp4,youth,46,48,2,ses-02,run-01,171.299,111.12,217.299,2,472.3891304347826,476.7369565217391
24,youth,ses-02_run-01_order-03_content-youth_chunk_0024.mp4,youth,48,50,2,ses-02,run-01,171.299,111.12,219.299,2,476.7369565217391,481.08478260869566
24,youth,ses-02_run-01_order-03_content-youth_chunk_0020.mp4,youth,40,42,2,ses-02,run-01,171.299,111.12,211.299,2,459.34565217391304,463.69347826086954
24,youth,ses-02_run-01_order-03_content-youth_chunk_0021.mp4,youth,42,44,2,ses-02,run-01,171.299,111.12,213.299,2,463.69347826086954,468.0413043478261
24,youth,ses-02_run-01_order-03_content-youth_chunk_0022.mp4,youth,44,46,2,ses-02,run-01,171.299,111.12,215.299,2,468.0413043478261,472.3891304347826
24,youth,ses-02_run-01_order-03_content-youth_chunk_0018.mp4,youth,36,38,2,ses-02,run-01,171.299,111.12,207.299,2,450.65,454.99782608695654
24,youth,ses-02_run-01_order-03_content-youth_chunk_0019.mp4,youth,38,40,2,ses-02,run-01,171.299,111.12,209.299,2,454.99782608695654,459.34565217391304
24,youth,ses-02_run-01_order-03_content-youth_chunk_0016.mp4,youth,32,34,2,ses-02,run-01,171.299,111.12,203.299,2,441.954347826087,446.3021739130435
24,youth,ses-02_run-01_order-03_content-youth_chunk_0017.mp4,youth,34,36,2,ses-02,run-01,171.299,111.12,205.299,2,446.3021739130435,450.65
24,youth,ses-02_run-01_order-03_content-youth_chunk_0014.mp4,youth,28,30,2,ses-02,run-01,171.299,111.12,199.299,2,433.2586956521739,437.6065217391304
24,youth,ses-02_run-01_order-03_content-youth_chunk_0015.mp4,youth,30,32,2,ses-02,run-01,171.299,111.12,201.299,2,437.6065217391304,441.954347826087
25,mixed_25,ses-01_run-03_order-02_content-bestfriendsweating_chunk_0027.mp4,bestfriendsweating,54,56,2,ses-01,run-03,142.197,59.851,196.197,2,426.51521739130436,430.86304347826086
25,mixed_25,ses-01_run-03_order-02_content-bestfriendsweating_chunk_0028.mp4,bestfriendsweating,56,58,2,ses-01,run-03,142.197,59.851,198.197,2,430.86304347826086,435.21086956521737
25,mixed_25,ses-01_run-03_order-02_content-bestfriendsweating_chunk_0024.mp4,bestfriendsweating,48,50,2,ses-01,run-03,142.197,59.851,190.197,2,413.4717391304348,417.8195652173913
25,mixed_25,ses-01_run-03_order-02_content-bestfriendsweating_chunk_0025.mp4,bestfriendsweating,50,52,2,ses-01,run-03,142.197,59.851,192.197,2,417.8195652173913,422.1673913043478
25,mixed_25,ses-01_run-03_order-02_content-bestfriendsweating_chunk_0026.mp4,bestfriendsweating,52,54,2,ses-01,run-03,142.197,59.851,194.197,2,422.1673913043478,426.51521739130436
25,mixed_25,ses-01_run-03_order-02_content-bestfriendsweating_chunk_0012.mp4,bestfriendsweating,24,26,2,ses-01,run-03,142.197,59.851,166.197,2,361.2978260869565,365.64565217391305
25,mixed_25,ses-01_run-03_order-02_content-bestfriendsweating_chunk_0013.mp4,bestfriendsweating,26,28,2,ses-01,run-03,142.197,59.851,168.197,2,365.64565217391305,369.99347826086955
25,mixed_25,ses-01_run-03_order-02_content-bestfriendsweating_chunk_0014.mp4,bestfriendsweating,28,30,2,ses-01,run-03,142.197,59.851,170.197,2,369.99347826086955,374.34130434782605
25,mixed_25,ses-01_run-03_order-02_content-bestfriendsweating_chunk_0020.mp4,bestfriendsweating,40,42,2,ses-01,run-03,142.197,59.851,182.197,2,396.0804347826087,400.4282608695652
25,mixed_25,ses-01_run-03_order-02_content-bestfriendsweating_chunk_0021.mp4,bestfriendsweating,42,44,2,ses-01,run-03,142.197,59.851,184.197,2,400.4282608695652,404.77608695652174
25,mixed_25,ses-01_run-03_order-02_content-bestfriendsweating_chunk_0022.mp4,bestfriendsweating,44,46,2,ses-01,run-03,142.197,59.851,186.197,2,404.77608695652174,409.12391304347824
25,mixed_25,ses-01_run-03_order-02_content-bestfriendsweating_chunk_0023.mp4,bestfriendsweating,46,48,2,ses-01,run-03,142.197,59.851,188.197,2,409.12391304347824,413.4717391304348
25,mixed_25,ses-01_run-03_order-02_content-bestfriendsweating_chunk_0018.mp4,bestfriendsweating,36,38,2,ses-01,run-03,142.197,59.851,178.197,2,387.3847826086956,391.7326086956522
25,mixed_25,ses-01_run-03_order-02_content-bestfriendsweating_chunk_0019.mp4,bestfriendsweating,38,40,2,ses-01,run-03,142.197,59.851,180.197,2,391.7326086956522,396.0804347826087
25,mixed_25,ses-01_run-03_order-02_content-bestfriendsweating_chunk_0015.mp4,bestfriendsweating,30,32,2,ses-01,run-03,142.197,59.851,172.197,2,374.34130434782605,378.6891304347826
25,mixed_25,ses-01_run-03_order-02_content-bestfriendsweating_chunk_0016.mp4,bestfriendsweating,32,34,2,ses-01,run-03,142.197,59.851,174.197,2,378.6891304347826,383.0369565217391
25,mixed_25,ses-01_run-03_order-02_content-bestfriendsweating_chunk_0017.mp4,bestfriendsweating,34,36,2,ses-01,run-03,142.197,59.851,176.197,2,383.0369565217391,387.3847826086956
25,mixed_25,ses-01_run-03_order-02_content-bestfriendsweating_chunk_0006.mp4,bestfriendsweating,12,14,2,ses-01,run-03,142.197,59.851,154.197,2,335.21086956521737,339.5586956521739
25,mixed_25,ses-01_run-03_order-02_content-bestfriendsweating_chunk_0007.mp4,bestfriendsweating,14,16,2,ses-01,run-03,142.197,59.851,156.197,2,339.5586956521739,343.9065217391304
25,mixed_25,ses-01_run-03_order-02_content-bestfriendsweating_chunk_0008.mp4,bestfriendsweating,16,18,2,ses-01,run-03,142.197,59.851,158.197,2,343.9065217391304,348.2543478260869
25,mixed_25,ses-01_run-03_order-02_content-bestfriendsweating_chunk_0011.mp4,bestfriendsweating,22,24,2,ses-01,run-03,142.197,59.851,164.197,2,356.95,361.2978260869565
25,mixed_25,ses-01_run-03_order-02_content-bestfriendsweating_chunk_0009.mp4,bestfriendsweating,18,20,2,ses-01,run-03,142.197,59.851,160.197,2,348.2543478260869,352.6021739130435
25,mixed_25,ses-01_run-03_order-02_content-bestfriendsweating_chunk_0010.mp4,bestfriendsweating,20,22,2,ses-01,run-03,142.197,59.851,162.197,2,352.6021739130435,356.95
25,mixed_25,ses-01_run-03_order-02_content-bestfriendsweating_chunk_0000.mp4,bestfriendsweating,0,2,2,ses-01,run-03,142.197,59.851,142.197,2,309.12391304347824,313.4717391304348
25,mixed_25,ses-01_run-03_order-02_content-bestfriendsweating_chunk_0003.mp4,bestfriendsweating,6,8,2,ses-01,run-03,142.197,59.851,148.197,2,322.1673913043478,326.51521739130436
25,mixed_25,ses-01_run-03_order-02_content-bestfriendsweating_chunk_0004.mp4,bestfriendsweating,8,10,2,ses-01,run-03,142.197,59.851,150.197,2,326.51521739130436,330.86304347826086
25,mixed_25,ses-01_run-03_order-02_content-bestfriendsweating_chunk_0005.mp4,bestfriendsweating,10,12,2,ses-01,run-03,142.197,59.851,152.197,2,330.86304347826086,335.21086956521737
25,mixed_25,ses-01_run-03_order-02_content-bestfriendsweating_chunk_0001.mp4,bestfriendsweating,2,4,2,ses-01,run-03,142.197,59.851,144.197,2,313.4717391304348,317.8195652173913
25,mixed_25,ses-01_run-03_order-02_content-bestfriendsweating_chunk_0002.mp4,bestfriendsweating,4,6,2,ses-01,run-03,142.197,59.851,146.197,2,317.8195652173913,322.1673913043478
25,mixed_25,ses-02_run-04_order-04_content-visswar_chunk_0000.mp4,visswar,0,2,2,ses-02,run-04,349.44,32.975,349.44,2,759.6521739130434,764.0
25,mixed_25,ses-02_run-04_order-04_content-visswar_chunk_0001.mp4,visswar,2,4,2,ses-02,run-04,349.44,32.975,351.44,2,764.0,768.3478260869565
25,mixed_25,ses-02_run-04_order-04_content-visswar_chunk_0002.mp4,visswar,4,6,2,ses-02,run-04,349.44,32.975,353.44,2,768.3478260869565,772.695652173913
25,mixed_25,ses-02_run-04_order-04_content-visswar_chunk_0010.mp4,visswar,20,22,2,ses-02,run-04,349.44,32.975,369.44,2,803.1304347826086,807.4782608695651
25,mixed_25,ses-02_run-04_order-04_content-visswar_chunk_0011.mp4,visswar,22,24,2,ses-02,run-04,349.44,32.975,371.44,2,807.4782608695651,811.8260869565217
25,mixed_25,ses-02_run-04_order-04_content-visswar_chunk_0012.mp4,visswar,24,26,2,ses-02,run-04,349.44,32.975,373.44,2,811.8260869565217,816.1739130434783
25,mixed_25,ses-02_run-04_order-04_content-visswar_chunk_0015.mp4,visswar,30,32,2,ses-02,run-04,349.44,32.975,379.44,2,824.8695652173913,829.2173913043478
25,mixed_25,ses-02_run-04_order-04_content-visswar_chunk_0013.mp4,visswar,26,28,2,ses-02,run-04,349.44,32.975,375.44,2,816.1739130434783,820.5217391304348
25,mixed_25,ses-02_run-04_order-04_content-visswar_chunk_0014.mp4,visswar,28,30,2,ses-02,run-04,349.44,32.975,377.44,2,820.5217391304348,824.8695652173913
25,mixed_25,ses-02_run-04_order-04_content-visswar_chunk_0003.mp4,visswar,6,8,2,ses-02,run-04,349.44,32.975,355.44,2,772.695652173913,777.0434782608695
25,mixed_25,ses-02_run-04_order-04_content-visswar_chunk_0004.mp4,visswar,8,10,2,ses-02,run-04,349.44,32.975,357.44,2,777.0434782608695,781.391304347826
25,mixed_25,ses-02_run-04_order-04_content-visswar_chunk_0005.mp4,visswar,10,12,2,ses-02,run-04,349.44,32.975,359.44,2,781.391304347826,785.7391304347826
25,mixed_25,ses-02_run-04_order-04_content-visswar_chunk_0008.mp4,visswar,16,18,2,ses-02,run-04,349.44,32.975,365.44,2,794.4347826086956,798.7826086956521
25,mixed_25,ses-02_run-04_order-04_content-visswar_chunk_0009.mp4,visswar,18,20,2,ses-02,run-04,349.44,32.975,367.44,2,798.7826086956521,803.1304347826086
25,mixed_25,ses-02_run-04_order-04_content-visswar_chunk_0006.mp4,visswar,12,14,2,ses-02,run-04,349.44,32.975,361.44,2,785.7391304347826,790.0869565217391
25,mixed_25,ses-02_run-04_order-04_content-visswar_chunk_0007.mp4,visswar,14,16,2,ses-02,run-04,349.44,32.975,363.44,2,790.0869565217391,794.4347826086956
25,mixed_25,ses-02_run-04_order-02_content-iceblock_chunk_0002.mp4,iceblock,4,6,2,ses-02,run-04,85.258,47.746,89.258,2,194.03913043478258,198.3869565217391
25,mixed_25,ses-02_run-04_order-02_content-iceblock_chunk_0003.mp4,iceblock,6,8,2,ses-02,run-04,85.258,47.746,91.258,2,198.3869565217391,202.73478260869564
25,mixed_25,ses-02_run-04_order-02_content-iceblock_chunk_0004.mp4,iceblock,8,10,2,ses-02,run-04,85.258,47.746,93.258,2,202.73478260869564,207.08260869565217
25,mixed_25,ses-02_run-04_order-02_content-iceblock_chunk_0000.mp4,iceblock,0,2,2,ses-02,run-04,85.258,47.746,85.258,2,185.34347826086955,189.69130434782608
25,mixed_25,ses-02_run-04_order-02_content-iceblock_chunk_0001.mp4,iceblock,2,4,2,ses-02,run-04,85.258,47.746,87.258,2,189.69130434782608,194.03913043478258
25,mixed_25,ses-02_run-04_order-02_content-iceblock_chunk_0012.mp4,iceblock,24,26,2,ses-02,run-04,85.258,47.746,109.258,2,237.5173913043478,241.86521739130433
25,mixed_25,ses-02_run-04_order-02_content-iceblock_chunk_0013.mp4,iceblock,26,28,2,ses-02,run-04,85.258,47.746,111.258,2,241.86521739130433,246.21304347826086
25,mixed_25,ses-02_run-04_order-02_content-iceblock_chunk_0010.mp4,iceblock,20,22,2,ses-02,run-04,85.258,47.746,105.258,2,228.82173913043476,233.1695652173913
25,mixed_25,ses-02_run-04_order-02_content-iceblock_chunk_0011.mp4,iceblock,22,24,2,ses-02,run-04,85.258,47.746,107.258,2,233.1695652173913,237.5173913043478
25,mixed_25,ses-02_run-04_order-02_content-iceblock_chunk_0005.mp4,iceblock,10,12,2,ses-02,run-04,85.258,47.746,95.258,2,207.08260869565217,211.43043478260867
25,mixed_25,ses-02_run-04_order-02_content-iceblock_chunk_0008.mp4,iceblock,16,18,2,ses-02,run-04,85.258,47.746,101.258,2,220.12608695652173,224.47391304347823
25,mixed_25,ses-02_run-04_order-02_content-iceblock_chunk_0009.mp4,iceblock,18,20,2,ses-02,run-04,85.258,47.746,103.258,2,224.47391304347823,228.82173913043476
25,mixed_25,ses-02_run-04_order-02_content-iceblock_chunk_0006.mp4,iceblock,12,14,2,ses-02,run-04,85.258,47.746,97.258,2,211.43043478260867,215.7782608695652
25,mixed_25,ses-02_run-04_order-02_content-iceblock_chunk_0007.mp4,iceblock,14,16,2,ses-02,run-04,85.258,47.746,99.258,2,215.7782608695652,220.12608695652173
25,mixed_25,ses-02_run-04_order-02_content-iceblock_chunk_0018.mp4,iceblock,36,38,2,ses-02,run-04,85.258,47.746,121.258,2,263.60434782608695,267.95217391304345
25,mixed_25,ses-02_run-04_order-02_content-iceblock_chunk_0019.mp4,iceblock,38,40,2,ses-02,run-04,85.258,47.746,123.258,2,267.95217391304345,272.29999999999995
25,mixed_25,ses-02_run-04_order-02_content-iceblock_chunk_0020.mp4,iceblock,40,42,2,ses-02,run-04,85.258,47.746,125.258,2,272.29999999999995,276.6478260869565
25,mixed_25,ses-02_run-04_order-02_content-iceblock_chunk_0021.mp4,iceblock,42,44,2,ses-02,run-04,85.258,47.746,127.258,2,276.6478260869565,280.995652173913
25,mixed_25,ses-02_run-04_order-02_content-iceblock_chunk_0022.mp4,iceblock,44,46,2,ses-02,run-04,85.258,47.746,129.25799999999998,2,280.995652173913,285.3434782608695
25,mixed_25,ses-02_run-04_order-02_content-iceblock_chunk_0014.mp4,iceblock,28,30,2,ses-02,run-04,85.258,47.746,113.258,2,246.21304347826086,250.56086956521736
25,mixed_25,ses-02_run-04_order-02_content-iceblock_chunk_0015.mp4,iceblock,30,32,2,ses-02,run-04,85.258,47.746,115.258,2,250.56086956521736,254.9086956521739
25,mixed_25,ses-02_run-04_order-02_content-iceblock_chunk_0016.mp4,iceblock,32,34,2,ses-02,run-04,85.258,47.746,117.258,2,254.9086956521739,259.2565217391304
25,mixed_25,ses-02_run-04_order-02_content-iceblock_chunk_0017.mp4,iceblock,34,36,2,ses-02,run-04,85.258,47.746,119.258,2,259.2565217391304,263.60434782608695
25,mixed_25,ses-02_run-01_order-02_content-freesolo_chunk_0005.mp4,freesolo,10,12,2,ses-02,run-01,64.725,71.409,74.725,2,162.44565217391303,166.79347826086953
25,mixed_25,ses-02_run-01_order-02_content-freesolo_chunk_0006.mp4,freesolo,12,14,2,ses-02,run-01,64.725,71.409,76.725,2,166.79347826086953,171.14130434782606
25,mixed_25,ses-02_run-01_order-02_content-freesolo_chunk_0001.mp4,freesolo,2,4,2,ses-02,run-01,64.725,71.409,66.725,2,145.05434782608694,149.40217391304347
25,mixed_25,ses-02_run-01_order-02_content-freesolo_chunk_0002.mp4,freesolo,4,6,2,ses-02,run-01,64.725,71.409,68.725,2,149.40217391304347,153.74999999999997
25,mixed_25,ses-02_run-01_order-02_content-freesolo_chunk_0003.mp4,freesolo,6,8,2,ses-02,run-01,64.725,71.409,70.725,2,153.74999999999997,158.0978260869565
25,mixed_25,ses-02_run-01_order-02_content-freesolo_chunk_0004.mp4,freesolo,8,10,2,ses-02,run-01,64.725,71.409,72.725,2,158.0978260869565,162.44565217391303
25,mixed_25,ses-02_run-01_order-02_content-freesolo_chunk_0024.mp4,freesolo,48,50,2,ses-02,run-01,64.725,71.409,112.725,2,245.05434782608694,249.40217391304344
25,mixed_25,ses-02_run-01_order-02_content-freesolo_chunk_0025.mp4,freesolo,50,52,2,ses-02,run-01,64.725,71.409,114.725,2,249.40217391304344,253.74999999999997
25,mixed_25,ses-02_run-01_order-02_content-freesolo_chunk_0028.mp4,freesolo,56,58,2,ses-02,run-01,64.725,71.409,120.725,2,262.445652173913,266.79347826086956
25,mixed_25,ses-02_run-01_order-02_content-freesolo_chunk_0026.mp4,freesolo,52,54,2,ses-02,run-01,64.725,71.409,116.725,2,253.74999999999997,258.0978260869565
25,mixed_25,ses-02_run-01_order-02_content-freesolo_chunk_0027.mp4,freesolo,54,56,2,ses-02,run-01,64.725,71.409,118.725,2,258.0978260869565,262.445652173913
25,mixed_25,ses-02_run-01_order-02_content-freesolo_chunk_0033.mp4,freesolo,66,68,2,ses-02,run-01,64.725,71.409,130.725,2,284.1847826086956,288.53260869565213
25,mixed_25,ses-02_run-01_order-02_content-freesolo_chunk_0034.mp4,freesolo,68,70,2,ses-02,run-01,64.725,71.409,132.725,2,288.53260869565213,292.8804347826087
25,mixed_25,ses-02_run-01_order-02_content-freesolo_chunk_0029.mp4,freesolo,58,60,2,ses-02,run-01,64.725,71.409,122.725,2,266.79347826086956,271.14130434782606
25,mixed_25,ses-02_run-01_order-02_content-freesolo_chunk_0030.mp4,freesolo,60,62,2,ses-02,run-01,64.725,71.409,124.725,2,271.14130434782606,275.48913043478257
25,mixed_25,ses-02_run-01_order-02_content-freesolo_chunk_0031.mp4,freesolo,62,64,2,ses-02,run-01,64.725,71.409,126.725,2,275.48913043478257,279.8369565217391
25,mixed_25,ses-02_run-01_order-02_content-freesolo_chunk_0032.mp4,freesolo,64,66,2,ses-02,run-01,64.725,71.409,128.725,2,279.8369565217391,284.1847826086956
25,mixed_25,ses-02_run-01_order-02_content-freesolo_chunk_0007.mp4,freesolo,14,16,2,ses-02,run-01,64.725,71.409,78.725,2,171.14130434782606,175.4891304347826
25,mixed_25,ses-02_run-01_order-02_content-freesolo_chunk_0013.mp4,freesolo,26,28,2,ses-02,run-01,64.725,71.409,90.725,2,197.2282608695652,201.57608695652172
25,mixed_25,ses-02_run-01_order-02_content-freesolo_chunk_0011.mp4,freesolo,22,24,2,ses-02,run-01,64.725,71.409,86.725,2,188.53260869565216,192.8804347826087
25,mixed_25,ses-02_run-01_order-02_content-freesolo_chunk_0012.mp4,freesolo,24,26,2,ses-02,run-01,64.725,71.409,88.725,2,192.8804347826087,197.2282608695652
25,mixed_25,ses-02_run-01_order-02_content-freesolo_chunk_0008.mp4,freesolo,16,18,2,ses-02,run-01,64.725,71.409,80.725,2,175.4891304347826,179.8369565217391
25,mixed_25,ses-02_run-01_order-02_content-freesolo_chunk_0009.mp4,freesolo,18,20,2,ses-02,run-01,64.725,71.409,82.725,2,179.8369565217391,184.18478260869563
25,mixed_25,ses-02_run-01_order-02_content-freesolo_chunk_0010.mp4,freesolo,20,22,2,ses-02,run-01,64.725,71.409,84.725,2,184.18478260869563,188.53260869565216
25,mixed_25,ses-02_run-01_order-02_content-freesolo_chunk_0016.mp4,freesolo,32,34,2,ses-02,run-01,64.725,71.409,96.725,2,210.27173913043475,214.61956521739128
25,mixed_25,ses-02_run-01_order-02_content-freesolo_chunk_0017.mp4,freesolo,34,36,2,ses-02,run-01,64.725,71.409,98.725,2,214.61956521739128,218.9673913043478
25,mixed_25,ses-02_run-01_order-02_content-freesolo_chunk_0014.mp4,freesolo,28,30,2,ses-02,run-01,64.725,71.409,92.725,2,201.57608695652172,205.92391304347825
25,mixed_25,ses-02_run-01_order-02_content-freesolo_chunk_0015.mp4,freesolo,30,32,2,ses-02,run-01,64.725,71.409,94.725,2,205.92391304347825,210.27173913043475
25,mixed_25,ses-02_run-01_order-02_content-freesolo_chunk_0018.mp4,freesolo,36,38,2,ses-02,run-01,64.725,71.409,100.725,2,218.9673913043478,223.31521739130432
25,mixed_25,ses-02_run-01_order-02_content-freesolo_chunk_0019.mp4,freesolo,38,40,2,ses-02,run-01,64.725,71.409,102.725,2,223.31521739130432,227.66304347826085
25,mixed_25,ses-02_run-01_order-02_content-freesolo_chunk_0020.mp4,freesolo,40,42,2,ses-02,run-01,64.725,71.409,104.725,2,227.66304347826085,232.01086956521738
25,mixed_25,ses-02_run-01_order-02_content-freesolo_chunk_0021.mp4,freesolo,42,44,2,ses-02,run-01,64.725,71.409,106.725,2,232.01086956521738,236.35869565217388
25,mixed_25,ses-02_run-01_order-02_content-freesolo_chunk_0022.mp4,freesolo,44,46,2,ses-02,run-01,64.725,71.409,108.725,2,236.35869565217388,240.7065217391304
25,mixed_25,ses-02_run-01_order-02_content-freesolo_chunk_0023.mp4,freesolo,46,48,2,ses-02,run-01,64.725,71.409,110.725,2,240.7065217391304,245.05434782608694
25,mixed_25,ses-02_run-01_order-01_content-knifegame_chunk_0012.mp4,knifegame,24,26,2,ses-02,run-01,2.804,26.719,26.804,2,58.269565217391296,62.61739130434782
25,mixed_25,ses-02_run-01_order-01_content-knifegame_chunk_0010.mp4,knifegame,20,22,2,ses-02,run-01,2.804,26.719,22.804,2,49.57391304347826,53.92173913043478
25,mixed_25,ses-02_run-01_order-01_content-knifegame_chunk_0011.mp4,knifegame,22,24,2,ses-02,run-01,2.804,26.719,24.804,2,53.92173913043478,58.269565217391296
25,mixed_25,ses-02_run-01_order-01_content-knifegame_chunk_0007.mp4,knifegame,14,16,2,ses-02,run-01,2.804,26.719,16.804,2,36.530434782608694,40.87826086956521
25,mixed_25,ses-02_run-01_order-01_content-knifegame_chunk_0008.mp4,knifegame,16,18,2,ses-02,run-01,2.804,26.719,18.804,2,40.87826086956521,45.22608695652173
25,mixed_25,ses-02_run-01_order-01_content-knifegame_chunk_0009.mp4,knifegame,18,20,2,ses-02,run-01,2.804,26.719,20.804,2,45.22608695652173,49.57391304347826
25,mixed_25,ses-02_run-01_order-01_content-knifegame_chunk_0000.mp4,knifegame,0,2,2,ses-02,run-01,2.804,26.719,2.804,2,6.0956521739130425,10.443478260869565
25,mixed_25,ses-02_run-01_order-01_content-knifegame_chunk_0001.mp4,knifegame,2,4,2,ses-02,run-01,2.804,26.719,4.804,2,10.443478260869565,14.791304347826086
25,mixed_25,ses-02_run-01_order-01_content-knifegame_chunk_0002.mp4,knifegame,4,6,2,ses-02,run-01,2.804,26.719,6.804,2,14.791304347826086,19.139130434782608
25,mixed_25,ses-02_run-01_order-01_content-knifegame_chunk_0003.mp4,knifegame,6,8,2,ses-02,run-01,2.804,26.719,8.804,2,19.139130434782608,23.48695652173913
25,mixed_25,ses-02_run-01_order-01_content-knifegame_chunk_0004.mp4,knifegame,8,10,2,ses-02,run-01,2.804,26.719,10.804,2,23.48695652173913,27.83478260869565
25,mixed_25,ses-02_run-01_order-01_content-knifegame_chunk_0005.mp4,knifegame,10,12,2,ses-02,run-01,2.804,26.719,12.804,2,27.83478260869565,32.18260869565217
25,mixed_25,ses-02_run-01_order-01_content-knifegame_chunk_0006.mp4,knifegame,12,14,2,ses-02,run-01,2.804,26.719,14.804,2,32.18260869565217,36.530434782608694
25,mixed_25,ses-02_run-01_order-03_content-youth_chunk_0000.mp4,youth,0,2,2,ses-02,run-01,171.299,111.12,171.299,2,372.3891304347826,376.7369565217391
25,mixed_25,ses-02_run-01_order-03_content-youth_chunk_0001.mp4,youth,2,4,2,ses-02,run-01,171.299,111.12,173.299,2,376.7369565217391,381.08478260869566
25,mixed_25,ses-02_run-01_order-03_content-youth_chunk_0007.mp4,youth,14,16,2,ses-02,run-01,171.299,111.12,185.299,2,402.8239130434783,407.1717391304348
25,mixed_25,ses-02_run-01_order-03_content-youth_chunk_0008.mp4,youth,16,18,2,ses-02,run-01,171.299,111.12,187.299,2,407.1717391304348,411.5195652173913
25,mixed_25,ses-02_run-01_order-03_content-youth_chunk_0005.mp4,youth,10,12,2,ses-02,run-01,171.299,111.12,181.299,2,394.1282608695652,398.4760869565217
25,mixed_25,ses-02_run-01_order-03_content-youth_chunk_0006.mp4,youth,12,14,2,ses-02,run-01,171.299,111.12,183.299,2,398.4760869565217,402.8239130434783
25,mixed_25,ses-02_run-01_order-03_content-youth_chunk_0002.mp4,youth,4,6,2,ses-02,run-01,171.299,111.12,175.299,2,381.08478260869566,385.43260869565216
25,mixed_25,ses-02_run-01_order-03_content-youth_chunk_0003.mp4,youth,6,8,2,ses-02,run-01,171.299,111.12,177.299,2,385.43260869565216,389.78043478260867
25,mixed_25,ses-02_run-01_order-03_content-youth_chunk_0004.mp4,youth,8,10,2,ses-02,run-01,171.299,111.12,179.299,2,389.78043478260867,394.1282608695652
25,mixed_25,ses-01_run-03_order-03_content-cupstacking_chunk_0000.mp4,cupstacking,0,2,2,ses-01,run-03,237.317,20.879,237.317,2,515.9065217391304,520.2543478260869
25,mixed_25,ses-01_run-03_order-03_content-cupstacking_chunk_0001.mp4,cupstacking,2,4,2,ses-01,run-03,237.317,20.879,239.317,2,520.2543478260869,524.6021739130434
25,mixed_25,ses-01_run-03_order-03_content-cupstacking_chunk_0002.mp4,cupstacking,4,6,2,ses-01,run-03,237.317,20.879,241.317,2,524.6021739130434,528.95
25,mixed_25,ses-01_run-03_order-03_content-cupstacking_chunk_0003.mp4,cupstacking,6,8,2,ses-01,run-03,237.317,20.879,243.317,2,528.95,533.2978260869565
25,mixed_25,ses-01_run-03_order-03_content-cupstacking_chunk_0004.mp4,cupstacking,8,10,2,ses-01,run-03,237.317,20.879,245.317,2,533.2978260869565,537.645652173913
25,mixed_25,ses-01_run-03_order-03_content-cupstacking_chunk_0005.mp4,cupstacking,10,12,2,ses-01,run-03,237.317,20.879,247.317,2,537.645652173913,541.9934782608696
25,mixed_25,ses-01_run-03_order-03_content-cupstacking_chunk_0006.mp4,cupstacking,12,14,2,ses-01,run-03,237.317,20.879,249.317,2,541.9934782608696,546.341304347826
25,mixed_25,ses-01_run-03_order-03_content-cupstacking_chunk_0009.mp4,cupstacking,18,20,2,ses-01,run-03,237.317,20.879,255.317,2,555.0369565217392,559.3847826086957
25,mixed_25,ses-01_run-03_order-03_content-cupstacking_chunk_0007.mp4,cupstacking,14,16,2,ses-01,run-03,237.317,20.879,251.317,2,546.341304347826,550.6891304347826
25,mixed_25,ses-01_run-03_order-03_content-cupstacking_chunk_0008.mp4,cupstacking,16,18,2,ses-01,run-03,237.317,20.879,253.317,2,550.6891304347826,555.0369565217392
25,mixed_25,ses-03_run-02_order-03_content-heartstop_chunk_0001.mp4,heartstop,2,4,2,ses-03,run-02,307.714,196.62,309.714,2,673.2913043478261,677.6391304347826
25,mixed_25,ses-03_run-02_order-03_content-heartstop_chunk_0002.mp4,heartstop,4,6,2,ses-03,run-02,307.714,196.62,311.714,2,677.6391304347826,681.9869565217391
25,mixed_25,ses-03_run-02_order-03_content-heartstop_chunk_0003.mp4,heartstop,6,8,2,ses-03,run-02,307.714,196.62,313.714,2,681.9869565217391,686.3347826086956
25,mixed_25,ses-03_run-02_order-03_content-heartstop_chunk_0010.mp4,heartstop,20,22,2,ses-03,run-02,307.714,196.62,327.714,2,712.4217391304347,716.7695652173912
25,mixed_25,ses-03_run-02_order-03_content-heartstop_chunk_0009.mp4,heartstop,18,20,2,ses-03,run-02,307.714,196.62,325.714,2,708.0739130434782,712.4217391304347
25,mixed_25,ses-03_run-02_order-03_content-heartstop_chunk_0007.mp4,heartstop,14,16,2,ses-03,run-02,307.714,196.62,321.714,2,699.3782608695652,703.7260869565217
25,mixed_25,ses-03_run-02_order-03_content-heartstop_chunk_0008.mp4,heartstop,16,18,2,ses-03,run-02,307.714,196.62,323.714,2,703.7260869565217,708.0739130434782
25,mixed_25,ses-03_run-02_order-03_content-heartstop_chunk_0004.mp4,heartstop,8,10,2,ses-03,run-02,307.714,196.62,315.714,2,686.3347826086956,690.6826086956521
25,mixed_25,ses-03_run-02_order-03_content-heartstop_chunk_0005.mp4,heartstop,10,12,2,ses-03,run-02,307.714,196.62,317.714,2,690.6826086956521,695.0304347826086
25,mixed_25,ses-03_run-02_order-03_content-heartstop_chunk_0006.mp4,heartstop,12,14,2,ses-03,run-02,307.714,196.62,319.714,2,695.0304347826086,699.3782608695652
25,mixed_25,ses-04_run-02_order-01_content-dogdance_chunk_0002.mp4,dogdance,4,6,2,ses-04,run-02,2.771,39.499,6.771,2,14.719565217391304,19.067391304347826
25,mixed_25,ses-04_run-02_order-01_content-dogdance_chunk_0003.mp4,dogdance,6,8,2,ses-04,run-02,2.771,39.499,8.771,2,19.067391304347826,23.41521739130435
25,mixed_25,ses-04_run-02_order-01_content-dogdance_chunk_0004.mp4,dogdance,8,10,2,ses-04,run-02,2.771,39.499,10.771,2,23.41521739130435,27.76304347826087
25,mixed_25,ses-04_run-02_order-01_content-dogdance_chunk_0005.mp4,dogdance,10,12,2,ses-04,run-02,2.771,39.499,12.771,2,27.76304347826087,32.11086956521739
25,mixed_25,ses-04_run-02_order-01_content-dogdance_chunk_0000.mp4,dogdance,0,2,2,ses-04,run-02,2.771,39.499,2.771,2,6.02391304347826,10.371739130434783
25,mixed_25,ses-04_run-02_order-01_content-dogdance_chunk_0001.mp4,dogdance,2,4,2,ses-04,run-02,2.771,39.499,4.771,2,10.371739130434783,14.719565217391304
25,mixed_25,ses-04_run-02_order-01_content-dogdance_chunk_0014.mp4,dogdance,28,30,2,ses-04,run-02,2.771,39.499,30.771,2,66.89347826086956,71.24130434782609
25,mixed_25,ses-04_run-02_order-01_content-dogdance_chunk_0015.mp4,dogdance,30,32,2,ses-04,run-02,2.771,39.499,32.771,2,71.24130434782609,75.5891304347826
25,mixed_25,ses-04_run-02_order-01_content-dogdance_chunk_0016.mp4,dogdance,32,34,2,ses-04,run-02,2.771,39.499,34.771,2,75.5891304347826,79.93695652173913
25,mixed_25,ses-04_run-02_order-01_content-dogdance_chunk_0017.mp4,dogdance,34,36,2,ses-04,run-02,2.771,39.499,36.771,2,79.93695652173913,84.28478260869565
25,mixed_25,ses-04_run-02_order-01_content-dogdance_chunk_0018.mp4,dogdance,36,38,2,ses-04,run-02,2.771,39.499,38.771,2,84.28478260869565,88.63260869565217
25,mixed_25,ses-04_run-02_order-01_content-dogdance_chunk_0010.mp4,dogdance,20,22,2,ses-04,run-02,2.771,39.499,22.771,2,49.50217391304348,53.85
25,mixed_25,ses-04_run-02_order-01_content-dogdance_chunk_0011.mp4,dogdance,22,24,2,ses-04,run-02,2.771,39.499,24.771,2,53.85,58.19782608695652
25,mixed_25,ses-04_run-02_order-01_content-dogdance_chunk_0012.mp4,dogdance,24,26,2,ses-04,run-02,2.771,39.499,26.771,2,58.19782608695652,62.54565217391304
25,mixed_25,ses-04_run-02_order-01_content-dogdance_chunk_0013.mp4,dogdance,26,28,2,ses-04,run-02,2.771,39.499,28.771,2,62.54565217391304,66.89347826086956
25,mixed_25,ses-04_run-02_order-01_content-dogdance_chunk_0008.mp4,dogdance,16,18,2,ses-04,run-02,2.771,39.499,18.771,2,40.80652173913043,45.154347826086955
25,mixed_25,ses-04_run-02_order-01_content-dogdance_chunk_0009.mp4,dogdance,18,20,2,ses-04,run-02,2.771,39.499,20.771,2,45.154347826086955,49.50217391304348
25,mixed_25,ses-04_run-02_order-01_content-dogdance_chunk_0006.mp4,dogdance,12,14,2,ses-04,run-02,2.771,39.499,14.771,2,32.11086956521739,36.458695652173915
25,mixed_25,ses-04_run-02_order-01_content-dogdance_chunk_0007.mp4,dogdance,14,16,2,ses-04,run-02,2.771,39.499,16.771,2,36.458695652173915,40.80652173913043
25,mixed_25,ses-01_run-01_order-04_content-parkour_chunk_0000.mp4,parkour,0,2,2,ses-01,run-01,416.827,38.725,416.827,2,906.145652173913,910.4934782608696
25,mixed_25,ses-01_run-01_order-04_content-parkour_chunk_0001.mp4,parkour,2,4,2,ses-01,run-01,416.827,38.725,418.827,2,910.4934782608696,914.841304347826
25,mixed_25,ses-01_run-01_order-04_content-parkour_chunk_0002.mp4,parkour,4,6,2,ses-01,run-01,416.827,38.725,420.827,2,914.841304347826,919.1891304347826
25,mixed_25,ses-01_run-01_order-04_content-parkour_chunk_0013.mp4,parkour,26,28,2,ses-01,run-01,416.827,38.725,442.827,2,962.6673913043478,967.0152173913043
25,mixed_25,ses-01_run-01_order-04_content-parkour_chunk_0017.mp4,parkour,34,36,2,ses-01,run-01,416.827,38.725,450.827,2,980.0586956521738,984.4065217391304
25,mixed_25,ses-01_run-01_order-04_content-parkour_chunk_0018.mp4,parkour,36,38,2,ses-01,run-01,416.827,38.725,452.827,2,984.4065217391304,988.7543478260869
25,mixed_25,ses-01_run-01_order-04_content-parkour_chunk_0014.mp4,parkour,28,30,2,ses-01,run-01,416.827,38.725,444.827,2,967.0152173913043,971.3630434782608
25,mixed_25,ses-01_run-01_order-04_content-parkour_chunk_0015.mp4,parkour,30,32,2,ses-01,run-01,416.827,38.725,446.827,2,971.3630434782608,975.7108695652173
25,mixed_25,ses-01_run-01_order-04_content-parkour_chunk_0016.mp4,parkour,32,34,2,ses-01,run-01,416.827,38.725,448.827,2,975.7108695652173,980.0586956521738
25,mixed_25,ses-01_run-01_order-04_content-parkour_chunk_0007.mp4,parkour,14,16,2,ses-01,run-01,416.827,38.725,430.827,2,936.5804347826087,940.9282608695652
25,mixed_25,ses-01_run-01_order-04_content-parkour_chunk_0008.mp4,parkour,16,18,2,ses-01,run-01,416.827,38.725,432.827,2,940.9282608695652,945.2760869565217
25,mixed_25,ses-01_run-01_order-04_content-parkour_chunk_0009.mp4,parkour,18,20,2,ses-01,run-01,416.827,38.725,434.827,2,945.2760869565217,949.6239130434782
25,mixed_25,ses-01_run-01_order-04_content-parkour_chunk_0012.mp4,parkour,24,26,2,ses-01,run-01,416.827,38.725,440.827,2,958.3195652173913,962.6673913043478
25,mixed_25,ses-01_run-01_order-04_content-parkour_chunk_0010.mp4,parkour,20,22,2,ses-01,run-01,416.827,38.725,436.827,2,949.6239130434782,953.9717391304347
25,mixed_25,ses-01_run-01_order-04_content-parkour_chunk_0011.mp4,parkour,22,24,2,ses-01,run-01,416.827,38.725,438.827,2,953.9717391304347,958.3195652173913
25,mixed_25,ses-01_run-01_order-04_content-parkour_chunk_0003.mp4,parkour,6,8,2,ses-01,run-01,416.827,38.725,422.827,2,919.1891304347826,923.5369565217391
25,mixed_25,ses-01_run-01_order-04_content-parkour_chunk_0006.mp4,parkour,12,14,2,ses-01,run-01,416.827,38.725,428.827,2,932.2326086956522,936.5804347826087
25,mixed_25,ses-01_run-01_order-04_content-parkour_chunk_0004.mp4,parkour,8,10,2,ses-01,run-01,416.827,38.725,424.827,2,923.5369565217391,927.8847826086956
25,mixed_25,ses-01_run-01_order-04_content-parkour_chunk_0005.mp4,parkour,10,12,2,ses-01,run-01,416.827,38.725,426.827,2,927.8847826086956,932.2326086956522
25,mixed_25,ses-04_run-01_order-03_content-skiing_chunk_0000.mp4,skiing,0,2,2,ses-04,run-01,302.956,56.884,302.956,2,658.6,662.9478260869565
25,mixed_25,ses-04_run-01_order-03_content-skiing_chunk_0001.mp4,skiing,2,4,2,ses-04,run-01,302.956,56.884,304.956,2,662.9478260869565,667.295652173913
25,mixed_25,ses-04_run-01_order-03_content-skiing_chunk_0005.mp4,skiing,10,12,2,ses-04,run-01,302.956,56.884,312.956,2,680.3391304347826,684.6869565217391
25,mixed_25,ses-04_run-01_order-03_content-skiing_chunk_0002.mp4,skiing,4,6,2,ses-04,run-01,302.956,56.884,306.956,2,667.295652173913,671.6434782608695
25,mixed_25,ses-04_run-01_order-03_content-skiing_chunk_0003.mp4,skiing,6,8,2,ses-04,run-01,302.956,56.884,308.956,2,671.6434782608695,675.9913043478261
25,mixed_25,ses-04_run-01_order-03_content-skiing_chunk_0004.mp4,skiing,8,10,2,ses-04,run-01,302.956,56.884,310.956,2,675.9913043478261,680.3391304347826
25,mixed_25,ses-04_run-01_order-03_content-skiing_chunk_0021.mp4,skiing,42,44,2,ses-04,run-01,302.956,56.884,344.956,2,749.9043478260869,754.2521739130435
25,mixed_25,ses-04_run-01_order-03_content-skiing_chunk_0018.mp4,skiing,36,38,2,ses-04,run-01,302.956,56.884,338.956,2,736.8608695652174,741.2086956521739
25,mixed_25,ses-04_run-01_order-03_content-skiing_chunk_0019.mp4,skiing,38,40,2,ses-04,run-01,302.956,56.884,340.956,2,741.2086956521739,745.5565217391304
25,mixed_25,ses-04_run-01_order-03_content-skiing_chunk_0020.mp4,skiing,40,42,2,ses-04,run-01,302.956,56.884,342.956,2,745.5565217391304,749.9043478260869
25,mixed_25,ses-04_run-01_order-03_content-skiing_chunk_0022.mp4,skiing,44,46,2,ses-04,run-01,302.956,56.884,346.956,2,754.2521739130435,758.6
25,mixed_25,ses-04_run-01_order-03_content-skiing_chunk_0023.mp4,skiing,46,48,2,ses-04,run-01,302.956,56.884,348.956,2,758.6,762.9478260869565
25,mixed_25,ses-04_run-01_order-03_content-skiing_chunk_0024.mp4,skiing,48,50,2,ses-04,run-01,302.956,56.884,350.956,2,762.9478260869565,767.295652173913
25,mixed_25,ses-04_run-01_order-03_content-skiing_chunk_0025.mp4,skiing,50,52,2,ses-04,run-01,302.956,56.884,352.956,2,767.295652173913,771.6434782608695
25,mixed_25,ses-04_run-01_order-03_content-skiing_chunk_0026.mp4,skiing,52,54,2,ses-04,run-01,302.956,56.884,354.956,2,771.6434782608695,775.9913043478261
25,mixed_25,ses-04_run-01_order-03_content-skiing_chunk_0027.mp4,skiing,54,56,2,ses-04,run-01,302.956,56.884,356.956,2,775.9913043478261,780.3391304347826
25,mixed_25,ses-04_run-01_order-03_content-skiing_chunk_0008.mp4,skiing,16,18,2,ses-04,run-01,302.956,56.884,318.956,2,693.3826086956522,697.7304347826087
25,mixed_25,ses-04_run-01_order-03_content-skiing_chunk_0009.mp4,skiing,18,20,2,ses-04,run-01,302.956,56.884,320.956,2,697.7304347826087,702.0782608695653
25,mixed_25,ses-04_run-01_order-03_content-skiing_chunk_0006.mp4,skiing,12,14,2,ses-04,run-01,302.956,56.884,314.956,2,684.6869565217391,689.0347826086957
25,mixed_25,ses-04_run-01_order-03_content-skiing_chunk_0007.mp4,skiing,14,16,2,ses-04,run-01,302.956,56.884,316.956,2,689.0347826086957,693.3826086956522
25,mixed_25,ses-04_run-01_order-03_content-skiing_chunk_0012.mp4,skiing,24,26,2,ses-04,run-01,302.956,56.884,326.956,2,710.7739130434783,715.1217391304348
25,mixed_25,ses-04_run-01_order-03_content-skiing_chunk_0013.mp4,skiing,26,28,2,ses-04,run-01,302.956,56.884,328.956,2,715.1217391304348,719.4695652173913
25,mixed_25,ses-04_run-01_order-03_content-skiing_chunk_0010.mp4,skiing,20,22,2,ses-04,run-01,302.956,56.884,322.956,2,702.0782608695653,706.4260869565218
25,mixed_25,ses-04_run-01_order-03_content-skiing_chunk_0011.mp4,skiing,22,24,2,ses-04,run-01,302.956,56.884,324.956,2,706.4260869565218,710.7739130434783
25,mixed_25,ses-04_run-01_order-03_content-skiing_chunk_0016.mp4,skiing,32,34,2,ses-04,run-01,302.956,56.884,334.956,2,728.1652173913044,732.5130434782609
25,mixed_25,ses-04_run-01_order-03_content-skiing_chunk_0017.mp4,skiing,34,36,2,ses-04,run-01,302.956,56.884,336.956,2,732.5130434782609,736.8608695652174
25,mixed_25,ses-04_run-01_order-03_content-skiing_chunk_0014.mp4,skiing,28,30,2,ses-04,run-01,302.956,56.884,330.956,2,719.4695652173913,723.8173913043478
25,mixed_25,ses-04_run-01_order-03_content-skiing_chunk_0015.mp4,skiing,30,32,2,ses-04,run-01,302.956,56.884,332.956,2,723.8173913043478,728.1652173913044
25,mixed_25,ses-01_run-01_order-01_content-idiots_chunk_0010.mp4,idiots,20,22,2,ses-01,run-01,0.017,51.832,20.017,2,43.51521739130435,47.86304347826086
25,mixed_25,ses-01_run-01_order-01_content-idiots_chunk_0011.mp4,idiots,22,24,2,ses-01,run-01,0.017,51.832,22.017,2,47.86304347826086,52.210869565217386
25,mixed_25,ses-01_run-01_order-01_content-idiots_chunk_0007.mp4,idiots,14,16,2,ses-01,run-01,0.017,51.832,14.017,2,30.47173913043478,34.8195652173913
25,mixed_25,ses-01_run-01_order-01_content-idiots_chunk_0008.mp4,idiots,16,18,2,ses-01,run-01,0.017,51.832,16.017,2,34.8195652173913,39.167391304347824
25,mixed_25,ses-01_run-01_order-01_content-idiots_chunk_0009.mp4,idiots,18,20,2,ses-01,run-01,0.017,51.832,18.017,2,39.167391304347824,43.51521739130435
25,mixed_25,ses-01_run-01_order-01_content-idiots_chunk_0015.mp4,idiots,30,32,2,ses-01,run-01,0.017,51.832,30.017,2,65.25434782608696,69.60217391304349
25,mixed_25,ses-01_run-01_order-01_content-idiots_chunk_0016.mp4,idiots,32,34,2,ses-01,run-01,0.017,51.832,32.017,2,69.60217391304349,73.95
25,mixed_25,ses-01_run-01_order-01_content-idiots_chunk_0017.mp4,idiots,34,36,2,ses-01,run-01,0.017,51.832,34.017,2,73.95,78.29782608695652
25,mixed_25,ses-01_run-01_order-01_content-idiots_chunk_0012.mp4,idiots,24,26,2,ses-01,run-01,0.017,51.832,24.017,2,52.210869565217386,56.55869565217391
25,mixed_25,ses-01_run-01_order-01_content-idiots_chunk_0013.mp4,idiots,26,28,2,ses-01,run-01,0.017,51.832,26.017,2,56.55869565217391,60.90652173913043
25,mixed_25,ses-01_run-01_order-01_content-idiots_chunk_0014.mp4,idiots,28,30,2,ses-01,run-01,0.017,51.832,28.017,2,60.90652173913043,65.25434782608696
25,mixed_25,ses-01_run-01_order-01_content-idiots_chunk_0024.mp4,idiots,48,50,2,ses-01,run-01,0.017,51.832,48.017,2,104.38478260869566,108.73260869565217
25,mixed_25,ses-01_run-01_order-01_content-idiots_chunk_0022.mp4,idiots,44,46,2,ses-01,run-01,0.017,51.832,44.017,2,95.68913043478261,100.03695652173913
25,mixed_25,ses-01_run-01_order-01_content-idiots_chunk_0023.mp4,idiots,46,48,2,ses-01,run-01,0.017,51.832,46.017,2,100.03695652173913,104.38478260869566
25,mixed_25,ses-01_run-01_order-01_content-idiots_chunk_0020.mp4,idiots,40,42,2,ses-01,run-01,0.017,51.832,40.017,2,86.99347826086957,91.3413043478261
25,mixed_25,ses-01_run-01_order-01_content-idiots_chunk_0021.mp4,idiots,42,44,2,ses-01,run-01,0.017,51.832,42.017,2,91.3413043478261,95.68913043478261
25,mixed_25,ses-01_run-01_order-01_content-idiots_chunk_0018.mp4,idiots,36,38,2,ses-01,run-01,0.017,51.832,36.017,2,78.29782608695652,82.64565217391305
25,mixed_25,ses-01_run-01_order-01_content-idiots_chunk_0019.mp4,idiots,38,40,2,ses-01,run-01,0.017,51.832,38.017,2,82.64565217391305,86.99347826086957
25,mixed_25,ses-01_run-01_order-01_content-idiots_chunk_0000.mp4,idiots,0,2,2,ses-01,run-01,0.017,51.832,0.017,2,0.03695652173913044,4.384782608695652
25,mixed_25,ses-01_run-01_order-01_content-idiots_chunk_0001.mp4,idiots,2,4,2,ses-01,run-01,0.017,51.832,2.017,2,4.384782608695652,8.732608695652175
25,mixed_25,ses-01_run-01_order-01_content-idiots_chunk_0005.mp4,idiots,10,12,2,ses-01,run-01,0.017,51.832,10.017,2,21.776086956521738,26.123913043478257
25,mixed_25,ses-01_run-01_order-01_content-idiots_chunk_0006.mp4,idiots,12,14,2,ses-01,run-01,0.017,51.832,12.017,2,26.123913043478257,30.47173913043478
25,mixed_25,ses-01_run-01_order-01_content-idiots_chunk_0004.mp4,idiots,8,10,2,ses-01,run-01,0.017,51.832,8.017,2,17.428260869565214,21.776086956521738
25,mixed_25,ses-01_run-01_order-01_content-idiots_chunk_0002.mp4,idiots,4,6,2,ses-01,run-01,0.017,51.832,4.017,2,8.732608695652175,13.080434782608696
25,mixed_25,ses-01_run-01_order-01_content-idiots_chunk_0003.mp4,idiots,6,8,2,ses-01,run-01,0.017,51.832,6.017,2,13.080434782608696,17.428260869565214
26,captureflag,ses-02_run-03_order-02_content-captureflag_chunk_0000.mp4,captureflag,0,2,2,ses-02,run-03,154.287,179.195,154.287,2,335.4065217391304,339.7543478260869
26,captureflag,ses-02_run-03_order-02_content-captureflag_chunk_0004.mp4,captureflag,8,10,2,ses-02,run-03,154.287,179.195,162.287,2,352.79782608695655,357.14565217391305
26,captureflag,ses-02_run-03_order-02_content-captureflag_chunk_0005.mp4,captureflag,10,12,2,ses-02,run-03,154.287,179.195,164.287,2,357.14565217391305,361.49347826086955
26,captureflag,ses-02_run-03_order-02_content-captureflag_chunk_0001.mp4,captureflag,2,4,2,ses-02,run-03,154.287,179.195,156.287,2,339.7543478260869,344.1021739130435
26,captureflag,ses-02_run-03_order-02_content-captureflag_chunk_0002.mp4,captureflag,4,6,2,ses-02,run-03,154.287,179.195,158.287,2,344.1021739130435,348.45
26,captureflag,ses-02_run-03_order-02_content-captureflag_chunk_0003.mp4,captureflag,6,8,2,ses-02,run-03,154.287,179.195,160.287,2,348.45,352.79782608695655
26,captureflag,ses-02_run-03_order-02_content-captureflag_chunk_0006.mp4,captureflag,12,14,2,ses-02,run-03,154.287,179.195,166.287,2,361.49347826086955,365.8413043478261
26,captureflag,ses-02_run-03_order-02_content-captureflag_chunk_0007.mp4,captureflag,14,16,2,ses-02,run-03,154.287,179.195,168.287,2,365.8413043478261,370.1891304347826
26,captureflag,ses-02_run-03_order-02_content-captureflag_chunk_0008.mp4,captureflag,16,18,2,ses-02,run-03,154.287,179.195,170.287,2,370.1891304347826,374.5369565217391
26,captureflag,ses-02_run-03_order-02_content-captureflag_chunk_0009.mp4,captureflag,18,20,2,ses-02,run-03,154.287,179.195,172.287,2,374.5369565217391,378.8847826086957
26,captureflag,ses-02_run-03_order-02_content-captureflag_chunk_0012.mp4,captureflag,24,26,2,ses-02,run-03,154.287,179.195,178.287,2,387.5804347826087,391.92826086956524
26,captureflag,ses-02_run-03_order-02_content-captureflag_chunk_0010.mp4,captureflag,20,22,2,ses-02,run-03,154.287,179.195,174.287,2,378.8847826086957,383.2326086956522
26,captureflag,ses-02_run-03_order-02_content-captureflag_chunk_0011.mp4,captureflag,22,24,2,ses-02,run-03,154.287,179.195,176.287,2,383.2326086956522,387.5804347826087
26,captureflag,ses-02_run-03_order-02_content-captureflag_chunk_0013.mp4,captureflag,26,28,2,ses-02,run-03,154.287,179.195,180.287,2,391.92826086956524,396.27608695652174
26,captureflag,ses-02_run-03_order-02_content-captureflag_chunk_0014.mp4,captureflag,28,30,2,ses-02,run-03,154.287,179.195,182.287,2,396.27608695652174,400.62391304347824
27,captureflag,ses-02_run-03_order-02_content-captureflag_chunk_0079.mp4,captureflag,158,160,2,ses-02,run-03,154.287,179.195,312.28700000000003,2,678.8847826086957,683.2326086956522
27,captureflag,ses-02_run-03_order-02_content-captureflag_chunk_0080.mp4,captureflag,160,162,2,ses-02,run-03,154.287,179.195,314.28700000000003,2,683.2326086956522,687.5804347826088
27,captureflag,ses-02_run-03_order-02_content-captureflag_chunk_0077.mp4,captureflag,154,156,2,ses-02,run-03,154.287,179.195,308.28700000000003,2,670.1891304347827,674.5369565217392
27,captureflag,ses-02_run-03_order-02_content-captureflag_chunk_0078.mp4,captureflag,156,158,2,ses-02,run-03,154.287,179.195,310.28700000000003,2,674.5369565217392,678.8847826086957
27,captureflag,ses-02_run-03_order-02_content-captureflag_chunk_0081.mp4,captureflag,162,164,2,ses-02,run-03,154.287,179.195,316.28700000000003,2,687.5804347826088,691.9282608695653
27,captureflag,ses-02_run-03_order-02_content-captureflag_chunk_0082.mp4,captureflag,164,166,2,ses-02,run-03,154.287,179.195,318.28700000000003,2,691.9282608695653,696.2760869565218
27,captureflag,ses-02_run-03_order-02_content-captureflag_chunk_0086.mp4,captureflag,172,174,2,ses-02,run-03,154.287,179.195,326.28700000000003,2,709.3195652173913,713.6673913043479
27,captureflag,ses-02_run-03_order-02_content-captureflag_chunk_0087.mp4,captureflag,174,176,2,ses-02,run-03,154.287,179.195,328.28700000000003,2,713.6673913043479,718.0152173913044
27,captureflag,ses-02_run-03_order-02_content-captureflag_chunk_0088.mp4,captureflag,176,178,2,ses-02,run-03,154.287,179.195,330.28700000000003,2,718.0152173913044,722.3630434782609
27,captureflag,ses-02_run-03_order-02_content-captureflag_chunk_0085.mp4,captureflag,170,172,2,ses-02,run-03,154.287,179.195,324.28700000000003,2,704.9717391304348,709.3195652173913
27,captureflag,ses-02_run-03_order-02_content-captureflag_chunk_0083.mp4,captureflag,166,168,2,ses-02,run-03,154.287,179.195,320.28700000000003,2,696.2760869565218,700.6239130434783
27,captureflag,ses-02_run-03_order-02_content-captureflag_chunk_0084.mp4,captureflag,168,170,2,ses-02,run-03,154.287,179.195,322.28700000000003,2,700.6239130434783,704.9717391304348
28,captureflag,ses-02_run-03_order-02_content-captureflag_chunk_0066.mp4,captureflag,132,134,2,ses-02,run-03,154.287,179.195,286.28700000000003,2,622.3630434782609,626.7108695652174
28,captureflag,ses-02_run-03_order-02_content-captureflag_chunk_0069.mp4,captureflag,138,140,2,ses-02,run-03,154.287,179.195,292.28700000000003,2,635.4065217391304,639.754347826087
28,captureflag,ses-02_run-03_order-02_content-captureflag_chunk_0070.mp4,captureflag,140,142,2,ses-02,run-03,154.287,179.195,294.28700000000003,2,639.754347826087,644.1021739130435
28,captureflag,ses-02_run-03_order-02_content-captureflag_chunk_0067.mp4,captureflag,134,136,2,ses-02,run-03,154.287,179.195,288.28700000000003,2,626.7108695652174,631.0586956521739
28,captureflag,ses-02_run-03_order-02_content-captureflag_chunk_0068.mp4,captureflag,136,138,2,ses-02,run-03,154.287,179.195,290.28700000000003,2,631.0586956521739,635.4065217391304
28,captureflag,ses-02_run-03_order-02_content-captureflag_chunk_0075.mp4,captureflag,150,152,2,ses-02,run-03,154.287,179.195,304.28700000000003,2,661.4934782608697,665.8413043478262
28,captureflag,ses-02_run-03_order-02_content-captureflag_chunk_0076.mp4,captureflag,152,154,2,ses-02,run-03,154.287,179.195,306.28700000000003,2,665.8413043478262,670.1891304347827
28,captureflag,ses-02_run-03_order-02_content-captureflag_chunk_0071.mp4,captureflag,142,144,2,ses-02,run-03,154.287,179.195,296.28700000000003,2,644.1021739130435,648.45
28,captureflag,ses-02_run-03_order-02_content-captureflag_chunk_0072.mp4,captureflag,144,146,2,ses-02,run-03,154.287,179.195,298.28700000000003,2,648.45,652.7978260869565
28,captureflag,ses-02_run-03_order-02_content-captureflag_chunk_0073.mp4,captureflag,146,148,2,ses-02,run-03,154.287,179.195,300.28700000000003,2,652.7978260869565,657.145652173913
28,captureflag,ses-02_run-03_order-02_content-captureflag_chunk_0074.mp4,captureflag,148,150,2,ses-02,run-03,154.287,179.195,302.28700000000003,2,657.145652173913,661.4934782608697
28,captureflag,ses-02_run-03_order-02_content-captureflag_chunk_0048.mp4,captureflag,96,98,2,ses-02,run-03,154.287,179.195,250.287,2,544.1021739130434,548.45
28,captureflag,ses-02_run-03_order-02_content-captureflag_chunk_0049.mp4,captureflag,98,100,2,ses-02,run-03,154.287,179.195,252.287,2,548.45,552.7978260869565
28,captureflag,ses-02_run-03_order-02_content-captureflag_chunk_0050.mp4,captureflag,100,102,2,ses-02,run-03,154.287,179.195,254.287,2,552.7978260869565,557.145652173913
28,captureflag,ses-02_run-03_order-02_content-captureflag_chunk_0051.mp4,captureflag,102,104,2,ses-02,run-03,154.287,179.195,256.28700000000003,2,557.145652173913,561.4934782608697
28,captureflag,ses-02_run-03_order-02_content-captureflag_chunk_0052.mp4,captureflag,104,106,2,ses-02,run-03,154.287,179.195,258.28700000000003,2,561.4934782608697,565.8413043478262
28,captureflag,ses-02_run-03_order-02_content-captureflag_chunk_0053.mp4,captureflag,106,108,2,ses-02,run-03,154.287,179.195,260.28700000000003,2,565.8413043478262,570.1891304347827
28,captureflag,ses-02_run-03_order-02_content-captureflag_chunk_0060.mp4,captureflag,120,122,2,ses-02,run-03,154.287,179.195,274.28700000000003,2,596.2760869565218,600.6239130434783
28,captureflag,ses-02_run-03_order-02_content-captureflag_chunk_0061.mp4,captureflag,122,124,2,ses-02,run-03,154.287,179.195,276.28700000000003,2,600.6239130434783,604.9717391304348
28,captureflag,ses-02_run-03_order-02_content-captureflag_chunk_0062.mp4,captureflag,124,126,2,ses-02,run-03,154.287,179.195,278.28700000000003,2,604.9717391304348,609.3195652173913
28,captureflag,ses-02_run-03_order-02_content-captureflag_chunk_0065.mp4,captureflag,130,132,2,ses-02,run-03,154.287,179.195,284.28700000000003,2,618.0152173913044,622.3630434782609
28,captureflag,ses-02_run-03_order-02_content-captureflag_chunk_0063.mp4,captureflag,126,128,2,ses-02,run-03,154.287,179.195,280.28700000000003,2,609.3195652173913,613.6673913043479
28,captureflag,ses-02_run-03_order-02_content-captureflag_chunk_0064.mp4,captureflag,128,130,2,ses-02,run-03,154.287,179.195,282.28700000000003,2,613.6673913043479,618.0152173913044
28,captureflag,ses-02_run-03_order-02_content-captureflag_chunk_0054.mp4,captureflag,108,110,2,ses-02,run-03,154.287,179.195,262.28700000000003,2,570.1891304347827,574.5369565217392
28,captureflag,ses-02_run-03_order-02_content-captureflag_chunk_0055.mp4,captureflag,110,112,2,ses-02,run-03,154.287,179.195,264.28700000000003,2,574.5369565217392,578.8847826086957
28,captureflag,ses-02_run-03_order-02_content-captureflag_chunk_0056.mp4,captureflag,112,114,2,ses-02,run-03,154.287,179.195,266.28700000000003,2,578.8847826086957,583.2326086956522
28,captureflag,ses-02_run-03_order-02_content-captureflag_chunk_0059.mp4,captureflag,118,120,2,ses-02,run-03,154.287,179.195,272.28700000000003,2,591.9282608695653,596.2760869565218
28,captureflag,ses-02_run-03_order-02_content-captureflag_chunk_0057.mp4,captureflag,114,116,2,ses-02,run-03,154.287,179.195,268.28700000000003,2,583.2326086956522,587.5804347826088
28,captureflag,ses-02_run-03_order-02_content-captureflag_chunk_0058.mp4,captureflag,116,118,2,ses-02,run-03,154.287,179.195,270.28700000000003,2,587.5804347826088,591.9282608695653
28,captureflag,ses-02_run-03_order-02_content-captureflag_chunk_0033.mp4,captureflag,66,68,2,ses-02,run-03,154.287,179.195,220.287,2,478.8847826086957,483.2326086956522
28,captureflag,ses-02_run-03_order-02_content-captureflag_chunk_0034.mp4,captureflag,68,70,2,ses-02,run-03,154.287,179.195,222.287,2,483.2326086956522,487.5804347826087
28,captureflag,ses-02_run-03_order-02_content-captureflag_chunk_0037.mp4,captureflag,74,76,2,ses-02,run-03,154.287,179.195,228.287,2,496.27608695652174,500.62391304347824
28,captureflag,ses-02_run-03_order-02_content-captureflag_chunk_0035.mp4,captureflag,70,72,2,ses-02,run-03,154.287,179.195,224.287,2,487.5804347826087,491.92826086956524
28,captureflag,ses-02_run-03_order-02_content-captureflag_chunk_0036.mp4,captureflag,72,74,2,ses-02,run-03,154.287,179.195,226.287,2,491.92826086956524,496.27608695652174
28,captureflag,ses-02_run-03_order-02_content-captureflag_chunk_0043.mp4,captureflag,86,88,2,ses-02,run-03,154.287,179.195,240.287,2,522.3630434782608,526.7108695652174
28,captureflag,ses-02_run-03_order-02_content-captureflag_chunk_0044.mp4,captureflag,88,90,2,ses-02,run-03,154.287,179.195,242.287,2,526.7108695652174,531.0586956521739
28,captureflag,ses-02_run-03_order-02_content-captureflag_chunk_0047.mp4,captureflag,94,96,2,ses-02,run-03,154.287,179.195,248.287,2,539.7543478260869,544.1021739130434
28,captureflag,ses-02_run-03_order-02_content-captureflag_chunk_0045.mp4,captureflag,90,92,2,ses-02,run-03,154.287,179.195,244.287,2,531.0586956521739,535.4065217391304
28,captureflag,ses-02_run-03_order-02_content-captureflag_chunk_0046.mp4,captureflag,92,94,2,ses-02,run-03,154.287,179.195,246.287,2,535.4065217391304,539.7543478260869
28,captureflag,ses-02_run-03_order-02_content-captureflag_chunk_0038.mp4,captureflag,76,78,2,ses-02,run-03,154.287,179.195,230.287,2,500.62391304347824,504.9717391304348
28,captureflag,ses-02_run-03_order-02_content-captureflag_chunk_0039.mp4,captureflag,78,80,2,ses-02,run-03,154.287,179.195,232.287,2,504.9717391304348,509.3195652173913
28,captureflag,ses-02_run-03_order-02_content-captureflag_chunk_0042.mp4,captureflag,84,86,2,ses-02,run-03,154.287,179.195,238.287,2,518.0152173913043,522.3630434782608
28,captureflag,ses-02_run-03_order-02_content-captureflag_chunk_0040.mp4,captureflag,80,82,2,ses-02,run-03,154.287,179.195,234.287,2,509.3195652173913,513.6673913043478
28,captureflag,ses-02_run-03_order-02_content-captureflag_chunk_0041.mp4,captureflag,82,84,2,ses-02,run-03,154.287,179.195,236.287,2,513.6673913043478,518.0152173913043
28,captureflag,ses-02_run-03_order-02_content-captureflag_chunk_0032.mp4,captureflag,64,66,2,ses-02,run-03,154.287,179.195,218.287,2,474.5369565217391,478.8847826086957
28,captureflag,ses-02_run-03_order-02_content-captureflag_chunk_0030.mp4,captureflag,60,62,2,ses-02,run-03,154.287,179.195,214.287,2,465.84130434782605,470.1891304347826
28,captureflag,ses-02_run-03_order-02_content-captureflag_chunk_0031.mp4,captureflag,62,64,2,ses-02,run-03,154.287,179.195,216.287,2,470.1891304347826,474.5369565217391
28,captureflag,ses-02_run-03_order-02_content-captureflag_chunk_0025.mp4,captureflag,50,52,2,ses-02,run-03,154.287,179.195,204.287,2,444.1021739130435,448.45
28,captureflag,ses-02_run-03_order-02_content-captureflag_chunk_0026.mp4,captureflag,52,54,2,ses-02,run-03,154.287,179.195,206.287,2,448.45,452.7978260869565
28,captureflag,ses-02_run-03_order-02_content-captureflag_chunk_0027.mp4,captureflag,54,56,2,ses-02,run-03,154.287,179.195,208.287,2,452.7978260869565,457.14565217391305
28,captureflag,ses-02_run-03_order-02_content-captureflag_chunk_0028.mp4,captureflag,56,58,2,ses-02,run-03,154.287,179.195,210.287,2,457.14565217391305,461.49347826086955
28,captureflag,ses-02_run-03_order-02_content-captureflag_chunk_0029.mp4,captureflag,58,60,2,ses-02,run-03,154.287,179.195,212.287,2,461.49347826086955,465.84130434782605
28,captureflag,ses-02_run-03_order-02_content-captureflag_chunk_0023.mp4,captureflag,46,48,2,ses-02,run-03,154.287,179.195,200.287,2,435.4065217391304,439.7543478260869
28,captureflag,ses-02_run-03_order-02_content-captureflag_chunk_0024.mp4,captureflag,48,50,2,ses-02,run-03,154.287,179.195,202.287,2,439.7543478260869,444.1021739130435
28,captureflag,ses-02_run-03_order-02_content-captureflag_chunk_0021.mp4,captureflag,42,44,2,ses-02,run-03,154.287,179.195,196.287,2,426.71086956521737,431.0586956521739
28,captureflag,ses-02_run-03_order-02_content-captureflag_chunk_0022.mp4,captureflag,44,46,2,ses-02,run-03,154.287,179.195,198.287,2,431.0586956521739,435.4065217391304
28,captureflag,ses-02_run-03_order-02_content-captureflag_chunk_0020.mp4,captureflag,40,42,2,ses-02,run-03,154.287,179.195,194.287,2,422.36304347826086,426.71086956521737
28,captureflag,ses-02_run-03_order-02_content-captureflag_chunk_0018.mp4,captureflag,36,38,2,ses-02,run-03,154.287,179.195,190.287,2,413.6673913043478,418.01521739130436
28,captureflag,ses-02_run-03_order-02_content-captureflag_chunk_0019.mp4,captureflag,38,40,2,ses-02,run-03,154.287,179.195,192.287,2,418.01521739130436,422.36304347826086
28,captureflag,ses-02_run-03_order-02_content-captureflag_chunk_0015.mp4,captureflag,30,32,2,ses-02,run-03,154.287,179.195,184.287,2,400.62391304347824,404.9717391304348
28,captureflag,ses-02_run-03_order-02_content-captureflag_chunk_0016.mp4,captureflag,32,34,2,ses-02,run-03,154.287,179.195,186.287,2,404.9717391304348,409.3195652173913
28,captureflag,ses-02_run-03_order-02_content-captureflag_chunk_0017.mp4,captureflag,34,36,2,ses-02,run-03,154.287,179.195,188.287,2,409.3195652173913,413.6673913043478
29,cyclegraphics,ses-04_run-01_order-04_content-cyclegraphics_chunk_0045.mp4,cyclegraphics,90,92,2,ses-04,run-01,395.007,147.599,485.007,2,1054.3630434782608,1058.7108695652173
29,cyclegraphics,ses-04_run-01_order-04_content-cyclegraphics_chunk_0046.mp4,cyclegraphics,92,94,2,ses-04,run-01,395.007,147.599,487.007,2,1058.7108695652173,1063.0586956521738
29,cyclegraphics,ses-04_run-01_order-04_content-cyclegraphics_chunk_0042.mp4,cyclegraphics,84,86,2,ses-04,run-01,395.007,147.599,479.007,2,1041.3195652173913,1045.6673913043478
29,cyclegraphics,ses-04_run-01_order-04_content-cyclegraphics_chunk_0043.mp4,cyclegraphics,86,88,2,ses-04,run-01,395.007,147.599,481.007,2,1045.6673913043478,1050.0152173913043
29,cyclegraphics,ses-04_run-01_order-04_content-cyclegraphics_chunk_0044.mp4,cyclegraphics,88,90,2,ses-04,run-01,395.007,147.599,483.007,2,1050.0152173913043,1054.3630434782608
29,cyclegraphics,ses-04_run-01_order-04_content-cyclegraphics_chunk_0052.mp4,cyclegraphics,104,106,2,ses-04,run-01,395.007,147.599,499.007,2,1084.7978260869565,1089.145652173913
29,cyclegraphics,ses-04_run-01_order-04_content-cyclegraphics_chunk_0050.mp4,cyclegraphics,100,102,2,ses-04,run-01,395.007,147.599,495.007,2,1076.1021739130435,1080.45
29,cyclegraphics,ses-04_run-01_order-04_content-cyclegraphics_chunk_0051.mp4,cyclegraphics,102,104,2,ses-04,run-01,395.007,147.599,497.007,2,1080.45,1084.7978260869565
29,cyclegraphics,ses-04_run-01_order-04_content-cyclegraphics_chunk_0049.mp4,cyclegraphics,98,100,2,ses-04,run-01,395.007,147.599,493.007,2,1071.7543478260868,1076.1021739130435
29,cyclegraphics,ses-04_run-01_order-04_content-cyclegraphics_chunk_0047.mp4,cyclegraphics,94,96,2,ses-04,run-01,395.007,147.599,489.007,2,1063.0586956521738,1067.4065217391303
29,cyclegraphics,ses-04_run-01_order-04_content-cyclegraphics_chunk_0048.mp4,cyclegraphics,96,98,2,ses-04,run-01,395.007,147.599,491.007,2,1067.4065217391303,1071.7543478260868
29,cyclegraphics,ses-04_run-01_order-04_content-cyclegraphics_chunk_0071.mp4,cyclegraphics,142,144,2,ses-04,run-01,395.007,147.599,537.0070000000001,2,1167.4065217391305,1171.754347826087
29,cyclegraphics,ses-04_run-01_order-04_content-cyclegraphics_chunk_0072.mp4,cyclegraphics,144,146,2,ses-04,run-01,395.007,147.599,539.0070000000001,2,1171.754347826087,1176.1021739130435
29,cyclegraphics,ses-04_run-01_order-04_content-cyclegraphics_chunk_0070.mp4,cyclegraphics,140,142,2,ses-04,run-01,395.007,147.599,535.0070000000001,2,1163.058695652174,1167.4065217391305
29,cyclegraphics,ses-04_run-01_order-04_content-cyclegraphics_chunk_0068.mp4,cyclegraphics,136,138,2,ses-04,run-01,395.007,147.599,531.0070000000001,2,1154.363043478261,1158.7108695652175
29,cyclegraphics,ses-04_run-01_order-04_content-cyclegraphics_chunk_0069.mp4,cyclegraphics,138,140,2,ses-04,run-01,395.007,147.599,533.0070000000001,2,1158.7108695652175,1163.058695652174
29,cyclegraphics,ses-04_run-01_order-04_content-cyclegraphics_chunk_0053.mp4,cyclegraphics,106,108,2,ses-04,run-01,395.007,147.599,501.007,2,1089.145652173913,1093.4934782608696
29,cyclegraphics,ses-04_run-01_order-04_content-cyclegraphics_chunk_0054.mp4,cyclegraphics,108,110,2,ses-04,run-01,395.007,147.599,503.007,2,1093.4934782608696,1097.841304347826
29,cyclegraphics,ses-04_run-01_order-04_content-cyclegraphics_chunk_0055.mp4,cyclegraphics,110,112,2,ses-04,run-01,395.007,147.599,505.007,2,1097.841304347826,1102.1891304347826
29,cyclegraphics,ses-04_run-01_order-04_content-cyclegraphics_chunk_0056.mp4,cyclegraphics,112,114,2,ses-04,run-01,395.007,147.599,507.007,2,1102.1891304347826,1106.536956521739
29,cyclegraphics,ses-04_run-01_order-04_content-cyclegraphics_chunk_0057.mp4,cyclegraphics,114,116,2,ses-04,run-01,395.007,147.599,509.007,2,1106.536956521739,1110.8847826086956
29,cyclegraphics,ses-04_run-01_order-04_content-cyclegraphics_chunk_0058.mp4,cyclegraphics,116,118,2,ses-04,run-01,395.007,147.599,511.007,2,1110.8847826086956,1115.2326086956523
29,cyclegraphics,ses-04_run-01_order-04_content-cyclegraphics_chunk_0059.mp4,cyclegraphics,118,120,2,ses-04,run-01,395.007,147.599,513.0070000000001,2,1115.2326086956523,1119.5804347826088
29,cyclegraphics,ses-04_run-01_order-04_content-cyclegraphics_chunk_0066.mp4,cyclegraphics,132,134,2,ses-04,run-01,395.007,147.599,527.0070000000001,2,1145.6673913043478,1150.0152173913045
29,cyclegraphics,ses-04_run-01_order-04_content-cyclegraphics_chunk_0067.mp4,cyclegraphics,134,136,2,ses-04,run-01,395.007,147.599,529.0070000000001,2,1150.0152173913045,1154.363043478261
29,cyclegraphics,ses-04_run-01_order-04_content-cyclegraphics_chunk_0065.mp4,cyclegraphics,130,132,2,ses-04,run-01,395.007,147.599,525.0070000000001,2,1141.3195652173913,1145.6673913043478
29,cyclegraphics,ses-04_run-01_order-04_content-cyclegraphics_chunk_0063.mp4,cyclegraphics,126,128,2,ses-04,run-01,395.007,147.599,521.0070000000001,2,1132.6239130434783,1136.9717391304348
29,cyclegraphics,ses-04_run-01_order-04_content-cyclegraphics_chunk_0064.mp4,cyclegraphics,128,130,2,ses-04,run-01,395.007,147.599,523.0070000000001,2,1136.9717391304348,1141.3195652173913
29,cyclegraphics,ses-04_run-01_order-04_content-cyclegraphics_chunk_0060.mp4,cyclegraphics,120,122,2,ses-04,run-01,395.007,147.599,515.0070000000001,2,1119.5804347826088,1123.9282608695653
29,cyclegraphics,ses-04_run-01_order-04_content-cyclegraphics_chunk_0061.mp4,cyclegraphics,122,124,2,ses-04,run-01,395.007,147.599,517.0070000000001,2,1123.9282608695653,1128.2760869565218
29,cyclegraphics,ses-04_run-01_order-04_content-cyclegraphics_chunk_0062.mp4,cyclegraphics,124,126,2,ses-04,run-01,395.007,147.599,519.0070000000001,2,1128.2760869565218,1132.6239130434783
29,cyclegraphics,ses-04_run-01_order-04_content-cyclegraphics_chunk_0017.mp4,cyclegraphics,34,36,2,ses-04,run-01,395.007,147.599,429.007,2,932.6239130434782,936.9717391304348
29,cyclegraphics,ses-04_run-01_order-04_content-cyclegraphics_chunk_0018.mp4,cyclegraphics,36,38,2,ses-04,run-01,395.007,147.599,431.007,2,936.9717391304348,941.3195652173913
29,cyclegraphics,ses-04_run-01_order-04_content-cyclegraphics_chunk_0019.mp4,cyclegraphics,38,40,2,ses-04,run-01,395.007,147.599,433.007,2,941.3195652173913,945.6673913043478
29,cyclegraphics,ses-04_run-01_order-04_content-cyclegraphics_chunk_0022.mp4,cyclegraphics,44,46,2,ses-04,run-01,395.007,147.599,439.007,2,954.3630434782608,958.7108695652173
29,cyclegraphics,ses-04_run-01_order-04_content-cyclegraphics_chunk_0023.mp4,cyclegraphics,46,48,2,ses-04,run-01,395.007,147.599,441.007,2,958.7108695652173,963.0586956521739
29,cyclegraphics,ses-04_run-01_order-04_content-cyclegraphics_chunk_0020.mp4,cyclegraphics,40,42,2,ses-04,run-01,395.007,147.599,435.007,2,945.6673913043478,950.0152173913043
29,cyclegraphics,ses-04_run-01_order-04_content-cyclegraphics_chunk_0021.mp4,cyclegraphics,42,44,2,ses-04,run-01,395.007,147.599,437.007,2,950.0152173913043,954.3630434782608
29,cyclegraphics,ses-04_run-01_order-04_content-cyclegraphics_chunk_0024.mp4,cyclegraphics,48,50,2,ses-04,run-01,395.007,147.599,443.007,2,963.0586956521739,967.4065217391304
29,cyclegraphics,ses-04_run-01_order-04_content-cyclegraphics_chunk_0025.mp4,cyclegraphics,50,52,2,ses-04,run-01,395.007,147.599,445.007,2,967.4065217391304,971.7543478260869
29,cyclegraphics,ses-04_run-01_order-04_content-cyclegraphics_chunk_0028.mp4,cyclegraphics,56,58,2,ses-04,run-01,395.007,147.599,451.007,2,980.4499999999999,984.7978260869564
29,cyclegraphics,ses-04_run-01_order-04_content-cyclegraphics_chunk_0029.mp4,cyclegraphics,58,60,2,ses-04,run-01,395.007,147.599,453.007,2,984.7978260869564,989.145652173913
29,cyclegraphics,ses-04_run-01_order-04_content-cyclegraphics_chunk_0026.mp4,cyclegraphics,52,54,2,ses-04,run-01,395.007,147.599,447.007,2,971.7543478260869,976.1021739130434
29,cyclegraphics,ses-04_run-01_order-04_content-cyclegraphics_chunk_0027.mp4,cyclegraphics,54,56,2,ses-04,run-01,395.007,147.599,449.007,2,976.1021739130434,980.4499999999999
29,cyclegraphics,ses-04_run-01_order-04_content-cyclegraphics_chunk_0041.mp4,cyclegraphics,82,84,2,ses-04,run-01,395.007,147.599,477.007,2,1036.9717391304348,1041.3195652173913
29,cyclegraphics,ses-04_run-01_order-04_content-cyclegraphics_chunk_0039.mp4,cyclegraphics,78,80,2,ses-04,run-01,395.007,147.599,473.007,2,1028.2760869565218,1032.6239130434783
29,cyclegraphics,ses-04_run-01_order-04_content-cyclegraphics_chunk_0040.mp4,cyclegraphics,80,82,2,ses-04,run-01,395.007,147.599,475.007,2,1032.6239130434783,1036.9717391304348
29,cyclegraphics,ses-04_run-01_order-04_content-cyclegraphics_chunk_0030.mp4,cyclegraphics,60,62,2,ses-04,run-01,395.007,147.599,455.007,2,989.145652173913,993.4934782608696
29,cyclegraphics,ses-04_run-01_order-04_content-cyclegraphics_chunk_0033.mp4,cyclegraphics,66,68,2,ses-04,run-01,395.007,147.599,461.007,2,1002.1891304347826,1006.5369565217391
29,cyclegraphics,ses-04_run-01_order-04_content-cyclegraphics_chunk_0031.mp4,cyclegraphics,62,64,2,ses-04,run-01,395.007,147.599,457.007,2,993.4934782608696,997.841304347826
29,cyclegraphics,ses-04_run-01_order-04_content-cyclegraphics_chunk_0032.mp4,cyclegraphics,64,66,2,ses-04,run-01,395.007,147.599,459.007,2,997.841304347826,1002.1891304347826
29,cyclegraphics,ses-04_run-01_order-04_content-cyclegraphics_chunk_0034.mp4,cyclegraphics,68,70,2,ses-04,run-01,395.007,147.599,463.007,2,1006.5369565217391,1010.8847826086957
29,cyclegraphics,ses-04_run-01_order-04_content-cyclegraphics_chunk_0035.mp4,cyclegraphics,70,72,2,ses-04,run-01,395.007,147.599,465.007,2,1010.8847826086957,1015.2326086956522
29,cyclegraphics,ses-04_run-01_order-04_content-cyclegraphics_chunk_0038.mp4,cyclegraphics,76,78,2,ses-04,run-01,395.007,147.599,471.007,2,1023.9282608695652,1028.2760869565218
29,cyclegraphics,ses-04_run-01_order-04_content-cyclegraphics_chunk_0036.mp4,cyclegraphics,72,74,2,ses-04,run-01,395.007,147.599,467.007,2,1015.2326086956522,1019.5804347826087
29,cyclegraphics,ses-04_run-01_order-04_content-cyclegraphics_chunk_0037.mp4,cyclegraphics,74,76,2,ses-04,run-01,395.007,147.599,469.007,2,1019.5804347826087,1023.9282608695652
29,cyclegraphics,ses-04_run-01_order-04_content-cyclegraphics_chunk_0016.mp4,cyclegraphics,32,34,2,ses-04,run-01,395.007,147.599,427.007,2,928.2760869565217,932.6239130434782
29,cyclegraphics,ses-04_run-01_order-04_content-cyclegraphics_chunk_0014.mp4,cyclegraphics,28,30,2,ses-04,run-01,395.007,147.599,423.007,2,919.5804347826087,923.9282608695652
29,cyclegraphics,ses-04_run-01_order-04_content-cyclegraphics_chunk_0015.mp4,cyclegraphics,30,32,2,ses-04,run-01,395.007,147.599,425.007,2,923.9282608695652,928.2760869565217
29,cyclegraphics,ses-04_run-01_order-04_content-cyclegraphics_chunk_0012.mp4,cyclegraphics,24,26,2,ses-04,run-01,395.007,147.599,419.007,2,910.8847826086957,915.2326086956522
29,cyclegraphics,ses-04_run-01_order-04_content-cyclegraphics_chunk_0013.mp4,cyclegraphics,26,28,2,ses-04,run-01,395.007,147.599,421.007,2,915.2326086956522,919.5804347826087
29,cyclegraphics,ses-04_run-01_order-04_content-cyclegraphics_chunk_0009.mp4,cyclegraphics,18,20,2,ses-04,run-01,395.007,147.599,413.007,2,897.841304347826,902.1891304347826
29,cyclegraphics,ses-04_run-01_order-04_content-cyclegraphics_chunk_0010.mp4,cyclegraphics,20,22,2,ses-04,run-01,395.007,147.599,415.007,2,902.1891304347826,906.5369565217391
29,cyclegraphics,ses-04_run-01_order-04_content-cyclegraphics_chunk_0011.mp4,cyclegraphics,22,24,2,ses-04,run-01,395.007,147.599,417.007,2,906.5369565217391,910.8847826086957
29,cyclegraphics,ses-04_run-01_order-04_content-cyclegraphics_chunk_0007.mp4,cyclegraphics,14,16,2,ses-04,run-01,395.007,147.599,409.007,2,889.145652173913,893.4934782608696
29,cyclegraphics,ses-04_run-01_order-04_content-cyclegraphics_chunk_0008.mp4,cyclegraphics,16,18,2,ses-04,run-01,395.007,147.599,411.007,2,893.4934782608696,897.841304347826
29,cyclegraphics,ses-04_run-01_order-04_content-cyclegraphics_chunk_0005.mp4,cyclegraphics,10,12,2,ses-04,run-01,395.007,147.599,405.007,2,880.4499999999999,884.7978260869565
29,cyclegraphics,ses-04_run-01_order-04_content-cyclegraphics_chunk_0006.mp4,cyclegraphics,12,14,2,ses-04,run-01,395.007,147.599,407.007,2,884.7978260869565,889.145652173913
29,cyclegraphics,ses-04_run-01_order-04_content-cyclegraphics_chunk_0003.mp4,cyclegraphics,6,8,2,ses-04,run-01,395.007,147.599,401.007,2,871.7543478260869,876.1021739130434
29,cyclegraphics,ses-04_run-01_order-04_content-cyclegraphics_chunk_0004.mp4,cyclegraphics,8,10,2,ses-04,run-01,395.007,147.599,403.007,2,876.1021739130434,880.4499999999999
30,mountainbike,ses-03_run-01_order-01_content-mountainbike_chunk_0104.mp4,mountainbike,208,210,2,ses-03,run-01,2.786,211.309,210.786,2,458.23043478260865,462.5782608695652
30,mountainbike,ses-03_run-01_order-01_content-mountainbike_chunk_0103.mp4,mountainbike,206,208,2,ses-03,run-01,2.786,211.309,208.786,2,453.88260869565215,458.23043478260865
30,mountainbike,ses-03_run-01_order-01_content-mountainbike_chunk_0101.mp4,mountainbike,202,204,2,ses-03,run-01,2.786,211.309,204.786,2,445.1869565217391,449.53478260869565
30,mountainbike,ses-03_run-01_order-01_content-mountainbike_chunk_0102.mp4,mountainbike,204,206,2,ses-03,run-01,2.786,211.309,206.786,2,449.53478260869565,453.88260869565215
30,mountainbike,ses-03_run-01_order-01_content-mountainbike_chunk_0096.mp4,mountainbike,192,194,2,ses-03,run-01,2.786,211.309,194.786,2,423.4478260869565,427.795652173913
30,mountainbike,ses-03_run-01_order-01_content-mountainbike_chunk_0094.mp4,mountainbike,188,190,2,ses-03,run-01,2.786,211.309,190.786,2,414.75217391304346,419.09999999999997
30,mountainbike,ses-03_run-01_order-01_content-mountainbike_chunk_0095.mp4,mountainbike,190,192,2,ses-03,run-01,2.786,211.309,192.786,2,419.09999999999997,423.4478260869565
30,mountainbike,ses-03_run-01_order-01_content-mountainbike_chunk_0097.mp4,mountainbike,194,196,2,ses-03,run-01,2.786,211.309,196.786,2,427.795652173913,432.14347826086953
30,mountainbike,ses-03_run-01_order-01_content-mountainbike_chunk_0098.mp4,mountainbike,196,198,2,ses-03,run-01,2.786,211.309,198.786,2,432.14347826086953,436.4913043478261
30,mountainbike,ses-03_run-01_order-01_content-mountainbike_chunk_0099.mp4,mountainbike,198,200,2,ses-03,run-01,2.786,211.309,200.786,2,436.4913043478261,440.8391304347826
30,mountainbike,ses-03_run-01_order-01_content-mountainbike_chunk_0100.mp4,mountainbike,200,202,2,ses-03,run-01,2.786,211.309,202.786,2,440.8391304347826,445.1869565217391
30,mountainbike,ses-03_run-01_order-01_content-mountainbike_chunk_0077.mp4,mountainbike,154,156,2,ses-03,run-01,2.786,211.309,156.786,2,340.8391304347826,345.1869565217391
30,mountainbike,ses-03_run-01_order-01_content-mountainbike_chunk_0078.mp4,mountainbike,156,158,2,ses-03,run-01,2.786,211.309,158.786,2,345.1869565217391,349.53478260869565
30,mountainbike,ses-03_run-01_order-01_content-mountainbike_chunk_0075.mp4,mountainbike,150,152,2,ses-03,run-01,2.786,211.309,152.786,2,332.14347826086953,336.4913043478261
30,mountainbike,ses-03_run-01_order-01_content-mountainbike_chunk_0076.mp4,mountainbike,152,154,2,ses-03,run-01,2.786,211.309,154.786,2,336.4913043478261,340.8391304347826
30,mountainbike,ses-03_run-01_order-01_content-mountainbike_chunk_0079.mp4,mountainbike,158,160,2,ses-03,run-01,2.786,211.309,160.786,2,349.53478260869565,353.88260869565215
30,mountainbike,ses-03_run-01_order-01_content-mountainbike_chunk_0080.mp4,mountainbike,160,162,2,ses-03,run-01,2.786,211.309,162.786,2,353.88260869565215,358.2304347826087
30,mountainbike,ses-03_run-01_order-01_content-mountainbike_chunk_0081.mp4,mountainbike,162,164,2,ses-03,run-01,2.786,211.309,164.786,2,358.2304347826087,362.5782608695652
30,mountainbike,ses-03_run-01_order-01_content-mountainbike_chunk_0082.mp4,mountainbike,164,166,2,ses-03,run-01,2.786,211.309,166.786,2,362.5782608695652,366.9260869565217
30,mountainbike,ses-03_run-01_order-01_content-mountainbike_chunk_0086.mp4,mountainbike,172,174,2,ses-03,run-01,2.786,211.309,174.786,2,379.9695652173913,384.31739130434784
30,mountainbike,ses-03_run-01_order-01_content-mountainbike_chunk_0087.mp4,mountainbike,174,176,2,ses-03,run-01,2.786,211.309,176.786,2,384.31739130434784,388.66521739130434
30,mountainbike,ses-03_run-01_order-01_content-mountainbike_chunk_0085.mp4,mountainbike,170,172,2,ses-03,run-01,2.786,211.309,172.786,2,375.6217391304348,379.9695652173913
30,mountainbike,ses-03_run-01_order-01_content-mountainbike_chunk_0083.mp4,mountainbike,166,168,2,ses-03,run-01,2.786,211.309,168.786,2,366.9260869565217,371.2739130434783
30,mountainbike,ses-03_run-01_order-01_content-mountainbike_chunk_0084.mp4,mountainbike,168,170,2,ses-03,run-01,2.786,211.309,170.786,2,371.2739130434783,375.6217391304348
30,mountainbike,ses-03_run-01_order-01_content-mountainbike_chunk_0092.mp4,mountainbike,184,186,2,ses-03,run-01,2.786,211.309,186.786,2,406.0565217391304,410.40434782608696
30,mountainbike,ses-03_run-01_order-01_content-mountainbike_chunk_0093.mp4,mountainbike,186,188,2,ses-03,run-01,2.786,211.309,188.786,2,410.40434782608696,414.75217391304346
30,mountainbike,ses-03_run-01_order-01_content-mountainbike_chunk_0088.mp4,mountainbike,176,178,2,ses-03,run-01,2.786,211.309,178.786,2,388.66521739130434,393.01304347826084
30,mountainbike,ses-03_run-01_order-01_content-mountainbike_chunk_0089.mp4,mountainbike,178,180,2,ses-03,run-01,2.786,211.309,180.786,2,393.01304347826084,397.3608695652174
30,mountainbike,ses-03_run-01_order-01_content-mountainbike_chunk_0090.mp4,mountainbike,180,182,2,ses-03,run-01,2.786,211.309,182.786,2,397.3608695652174,401.7086956521739
30,mountainbike,ses-03_run-01_order-01_content-mountainbike_chunk_0091.mp4,mountainbike,182,184,2,ses-03,run-01,2.786,211.309,184.786,2,401.7086956521739,406.0565217391304
31,mountainbike,ses-03_run-01_order-01_content-mountainbike_chunk_0031.mp4,mountainbike,62,64,2,ses-03,run-01,2.786,211.309,64.786,2,140.83913043478262,145.18695652173912
31,mountainbike,ses-03_run-01_order-01_content-mountainbike_chunk_0032.mp4,mountainbike,64,66,2,ses-03,run-01,2.786,211.309,66.786,2,145.18695652173912,149.53478260869565
31,mountainbike,ses-03_run-01_order-01_content-mountainbike_chunk_0033.mp4,mountainbike,66,68,2,ses-03,run-01,2.786,211.309,68.786,2,149.53478260869565,153.88260869565218
31,mountainbike,ses-03_run-01_order-01_content-mountainbike_chunk_0034.mp4,mountainbike,68,70,2,ses-03,run-01,2.786,211.309,70.786,2,153.88260869565218,158.23043478260868
31,mountainbike,ses-03_run-01_order-01_content-mountainbike_chunk_0035.mp4,mountainbike,70,72,2,ses-03,run-01,2.786,211.309,72.786,2,158.23043478260868,162.5782608695652
31,mountainbike,ses-03_run-01_order-01_content-mountainbike_chunk_0045.mp4,mountainbike,90,92,2,ses-03,run-01,2.786,211.309,92.786,2,201.7086956521739,206.05652173913043
31,mountainbike,ses-03_run-01_order-01_content-mountainbike_chunk_0046.mp4,mountainbike,92,94,2,ses-03,run-01,2.786,211.309,94.786,2,206.05652173913043,210.40434782608696
31,mountainbike,ses-03_run-01_order-01_content-mountainbike_chunk_0042.mp4,mountainbike,84,86,2,ses-03,run-01,2.786,211.309,86.786,2,188.66521739130434,193.01304347826087
31,mountainbike,ses-03_run-01_order-01_content-mountainbike_chunk_0043.mp4,mountainbike,86,88,2,ses-03,run-01,2.786,211.309,88.786,2,193.01304347826087,197.3608695652174
31,mountainbike,ses-03_run-01_order-01_content-mountainbike_chunk_0044.mp4,mountainbike,88,90,2,ses-03,run-01,2.786,211.309,90.786,2,197.3608695652174,201.7086956521739
31,mountainbike,ses-03_run-01_order-01_content-mountainbike_chunk_0038.mp4,mountainbike,76,78,2,ses-03,run-01,2.786,211.309,78.786,2,171.27391304347825,175.62173913043478
31,mountainbike,ses-03_run-01_order-01_content-mountainbike_chunk_0036.mp4,mountainbike,72,74,2,ses-03,run-01,2.786,211.309,74.786,2,162.5782608695652,166.92608695652174
31,mountainbike,ses-03_run-01_order-01_content-mountainbike_chunk_0037.mp4,mountainbike,74,76,2,ses-03,run-01,2.786,211.309,76.786,2,166.92608695652174,171.27391304347825
31,mountainbike,ses-03_run-01_order-01_content-mountainbike_chunk_0041.mp4,mountainbike,82,84,2,ses-03,run-01,2.786,211.309,84.786,2,184.3173913043478,188.66521739130434
31,mountainbike,ses-03_run-01_order-01_content-mountainbike_chunk_0039.mp4,mountainbike,78,80,2,ses-03,run-01,2.786,211.309,80.786,2,175.62173913043478,179.9695652173913
31,mountainbike,ses-03_run-01_order-01_content-mountainbike_chunk_0040.mp4,mountainbike,80,82,2,ses-03,run-01,2.786,211.309,82.786,2,179.9695652173913,184.3173913043478
31,mountainbike,ses-03_run-01_order-01_content-mountainbike_chunk_0047.mp4,mountainbike,94,96,2,ses-03,run-01,2.786,211.309,96.786,2,210.40434782608696,214.75217391304346
31,mountainbike,ses-03_run-01_order-01_content-mountainbike_chunk_0048.mp4,mountainbike,96,98,2,ses-03,run-01,2.786,211.309,98.786,2,214.75217391304346,219.1
31,mountainbike,ses-03_run-01_order-01_content-mountainbike_chunk_0052.mp4,mountainbike,104,106,2,ses-03,run-01,2.786,211.309,106.786,2,232.14347826086956,236.4913043478261
31,mountainbike,ses-03_run-01_order-01_content-mountainbike_chunk_0051.mp4,mountainbike,102,104,2,ses-03,run-01,2.786,211.309,104.786,2,227.79565217391303,232.14347826086956
31,mountainbike,ses-03_run-01_order-01_content-mountainbike_chunk_0049.mp4,mountainbike,98,100,2,ses-03,run-01,2.786,211.309,100.786,2,219.1,223.44782608695652
31,mountainbike,ses-03_run-01_order-01_content-mountainbike_chunk_0050.mp4,mountainbike,100,102,2,ses-03,run-01,2.786,211.309,102.786,2,223.44782608695652,227.79565217391303
31,mountainbike,ses-03_run-01_order-01_content-mountainbike_chunk_0060.mp4,mountainbike,120,122,2,ses-03,run-01,2.786,211.309,122.786,2,266.9260869565217,271.2739130434783
31,mountainbike,ses-03_run-01_order-01_content-mountainbike_chunk_0058.mp4,mountainbike,116,118,2,ses-03,run-01,2.786,211.309,118.786,2,258.2304347826087,262.5782608695652
31,mountainbike,ses-03_run-01_order-01_content-mountainbike_chunk_0059.mp4,mountainbike,118,120,2,ses-03,run-01,2.786,211.309,120.786,2,262.5782608695652,266.9260869565217
31,mountainbike,ses-03_run-01_order-01_content-mountainbike_chunk_0056.mp4,mountainbike,112,114,2,ses-03,run-01,2.786,211.309,114.786,2,249.53478260869565,253.88260869565215
31,mountainbike,ses-03_run-01_order-01_content-mountainbike_chunk_0057.mp4,mountainbike,114,116,2,ses-03,run-01,2.786,211.309,116.786,2,253.88260869565215,258.2304347826087
31,mountainbike,ses-03_run-01_order-01_content-mountainbike_chunk_0055.mp4,mountainbike,110,112,2,ses-03,run-01,2.786,211.309,112.786,2,245.18695652173912,249.53478260869565
31,mountainbike,ses-03_run-01_order-01_content-mountainbike_chunk_0053.mp4,mountainbike,106,108,2,ses-03,run-01,2.786,211.309,108.786,2,236.4913043478261,240.8391304347826
31,mountainbike,ses-03_run-01_order-01_content-mountainbike_chunk_0054.mp4,mountainbike,108,110,2,ses-03,run-01,2.786,211.309,110.786,2,240.8391304347826,245.18695652173912
31,mountainbike,ses-03_run-01_order-01_content-mountainbike_chunk_0061.mp4,mountainbike,122,124,2,ses-03,run-01,2.786,211.309,124.786,2,271.2739130434783,275.6217391304348
31,mountainbike,ses-03_run-01_order-01_content-mountainbike_chunk_0062.mp4,mountainbike,124,126,2,ses-03,run-01,2.786,211.309,126.786,2,275.6217391304348,279.9695652173913
31,mountainbike,ses-03_run-01_order-01_content-mountainbike_chunk_0065.mp4,mountainbike,130,132,2,ses-03,run-01,2.786,211.309,132.786,2,288.66521739130434,293.01304347826084
31,mountainbike,ses-03_run-01_order-01_content-mountainbike_chunk_0063.mp4,mountainbike,126,128,2,ses-03,run-01,2.786,211.309,128.786,2,279.9695652173913,284.31739130434784
31,mountainbike,ses-03_run-01_order-01_content-mountainbike_chunk_0064.mp4,mountainbike,128,130,2,ses-03,run-01,2.786,211.309,130.786,2,284.31739130434784,288.66521739130434
31,mountainbike,ses-03_run-01_order-01_content-mountainbike_chunk_0068.mp4,mountainbike,136,138,2,ses-03,run-01,2.786,211.309,138.786,2,301.7086956521739,306.0565217391304
31,mountainbike,ses-03_run-01_order-01_content-mountainbike_chunk_0069.mp4,mountainbike,138,140,2,ses-03,run-01,2.786,211.309,140.786,2,306.0565217391304,310.40434782608696
31,mountainbike,ses-03_run-01_order-01_content-mountainbike_chunk_0066.mp4,mountainbike,132,134,2,ses-03,run-01,2.786,211.309,134.786,2,293.01304347826084,297.3608695652174
31,mountainbike,ses-03_run-01_order-01_content-mountainbike_chunk_0067.mp4,mountainbike,134,136,2,ses-03,run-01,2.786,211.309,136.786,2,297.3608695652174,301.7086956521739
31,mountainbike,ses-03_run-01_order-01_content-mountainbike_chunk_0070.mp4,mountainbike,140,142,2,ses-03,run-01,2.786,211.309,142.786,2,310.40434782608696,314.75217391304346
31,mountainbike,ses-03_run-01_order-01_content-mountainbike_chunk_0071.mp4,mountainbike,142,144,2,ses-03,run-01,2.786,211.309,144.786,2,314.75217391304346,319.09999999999997
31,mountainbike,ses-03_run-01_order-01_content-mountainbike_chunk_0074.mp4,mountainbike,148,150,2,ses-03,run-01,2.786,211.309,150.786,2,327.795652173913,332.14347826086953
31,mountainbike,ses-03_run-01_order-01_content-mountainbike_chunk_0072.mp4,mountainbike,144,146,2,ses-03,run-01,2.786,211.309,146.786,2,319.09999999999997,323.4478260869565
31,mountainbike,ses-03_run-01_order-01_content-mountainbike_chunk_0073.mp4,mountainbike,146,148,2,ses-03,run-01,2.786,211.309,148.786,2,323.4478260869565,327.795652173913
32,mountainbike,ses-03_run-01_order-01_content-mountainbike_chunk_0021.mp4,mountainbike,42,44,2,ses-03,run-01,2.786,211.309,44.786,2,97.36086956521739,101.70869565217392
32,mountainbike,ses-03_run-01_order-01_content-mountainbike_chunk_0022.mp4,mountainbike,44,46,2,ses-03,run-01,2.786,211.309,46.786,2,101.70869565217392,106.05652173913043
32,mountainbike,ses-03_run-01_order-01_content-mountainbike_chunk_0023.mp4,mountainbike,46,48,2,ses-03,run-01,2.786,211.309,48.786,2,106.05652173913043,110.40434782608695
32,mountainbike,ses-03_run-01_order-01_content-mountainbike_chunk_0030.mp4,mountainbike,60,62,2,ses-03,run-01,2.786,211.309,62.786,2,136.4913043478261,140.83913043478262
32,mountainbike,ses-03_run-01_order-01_content-mountainbike_chunk_0028.mp4,mountainbike,56,58,2,ses-03,run-01,2.786,211.309,58.786,2,127.79565217391304,132.14347826086956
32,mountainbike,ses-03_run-01_order-01_content-mountainbike_chunk_0029.mp4,mountainbike,58,60,2,ses-03,run-01,2.786,211.309,60.786,2,132.14347826086956,136.4913043478261
32,mountainbike,ses-03_run-01_order-01_content-mountainbike_chunk_0026.mp4,mountainbike,52,54,2,ses-03,run-01,2.786,211.309,54.786,2,119.1,123.44782608695652
32,mountainbike,ses-03_run-01_order-01_content-mountainbike_chunk_0027.mp4,mountainbike,54,56,2,ses-03,run-01,2.786,211.309,56.786,2,123.44782608695652,127.79565217391304
32,mountainbike,ses-03_run-01_order-01_content-mountainbike_chunk_0024.mp4,mountainbike,48,50,2,ses-03,run-01,2.786,211.309,50.786,2,110.40434782608695,114.75217391304348
32,mountainbike,ses-03_run-01_order-01_content-mountainbike_chunk_0025.mp4,mountainbike,50,52,2,ses-03,run-01,2.786,211.309,52.786,2,114.75217391304348,119.1
32,mountainbike,ses-03_run-01_order-01_content-mountainbike_chunk_0012.mp4,mountainbike,24,26,2,ses-03,run-01,2.786,211.309,26.786,2,58.2304347826087,62.57826086956522
32,mountainbike,ses-03_run-01_order-01_content-mountainbike_chunk_0013.mp4,mountainbike,26,28,2,ses-03,run-01,2.786,211.309,28.786,2,62.57826086956522,66.92608695652174
32,mountainbike,ses-03_run-01_order-01_content-mountainbike_chunk_0014.mp4,mountainbike,28,30,2,ses-03,run-01,2.786,211.309,30.786,2,66.92608695652174,71.27391304347826
32,mountainbike,ses-03_run-01_order-01_content-mountainbike_chunk_0015.mp4,mountainbike,30,32,2,ses-03,run-01,2.786,211.309,32.786,2,71.27391304347826,75.62173913043478
32,mountainbike,ses-03_run-01_order-01_content-mountainbike_chunk_0019.mp4,mountainbike,38,40,2,ses-03,run-01,2.786,211.309,40.786,2,88.66521739130435,93.01304347826087
32,mountainbike,ses-03_run-01_order-01_content-mountainbike_chunk_0020.mp4,mountainbike,40,42,2,ses-03,run-01,2.786,211.309,42.786,2,93.01304347826087,97.36086956521739
32,mountainbike,ses-03_run-01_order-01_content-mountainbike_chunk_0016.mp4,mountainbike,32,34,2,ses-03,run-01,2.786,211.309,34.786,2,75.62173913043478,79.9695652173913
32,mountainbike,ses-03_run-01_order-01_content-mountainbike_chunk_0017.mp4,mountainbike,34,36,2,ses-03,run-01,2.786,211.309,36.786,2,79.9695652173913,84.31739130434782
32,mountainbike,ses-03_run-01_order-01_content-mountainbike_chunk_0018.mp4,mountainbike,36,38,2,ses-03,run-01,2.786,211.309,38.786,2,84.31739130434782,88.66521739130435
32,mountainbike,ses-03_run-01_order-01_content-mountainbike_chunk_0004.mp4,mountainbike,8,10,2,ses-03,run-01,2.786,211.309,10.786,2,23.44782608695652,27.79565217391304
32,mountainbike,ses-03_run-01_order-01_content-mountainbike_chunk_0005.mp4,mountainbike,10,12,2,ses-03,run-01,2.786,211.309,12.786,2,27.79565217391304,32.143478260869564
32,mountainbike,ses-03_run-01_order-01_content-mountainbike_chunk_0006.mp4,mountainbike,12,14,2,ses-03,run-01,2.786,211.309,14.786,2,32.143478260869564,36.49130434782609
32,mountainbike,ses-03_run-01_order-01_content-mountainbike_chunk_0011.mp4,mountainbike,22,24,2,ses-03,run-01,2.786,211.309,24.786,2,53.88260869565217,58.2304347826087
32,mountainbike,ses-03_run-01_order-01_content-mountainbike_chunk_0010.mp4,mountainbike,20,22,2,ses-03,run-01,2.786,211.309,22.786,2,49.53478260869565,53.88260869565217
32,mountainbike,ses-03_run-01_order-01_content-mountainbike_chunk_0007.mp4,mountainbike,14,16,2,ses-03,run-01,2.786,211.309,16.786,2,36.49130434782609,40.83913043478261
32,mountainbike,ses-03_run-01_order-01_content-mountainbike_chunk_0008.mp4,mountainbike,16,18,2,ses-03,run-01,2.786,211.309,18.786,2,40.83913043478261,45.186956521739134
32,mountainbike,ses-03_run-01_order-01_content-mountainbike_chunk_0009.mp4,mountainbike,18,20,2,ses-03,run-01,2.786,211.309,20.786,2,45.186956521739134,49.53478260869565
32,mountainbike,ses-03_run-01_order-01_content-mountainbike_chunk_0002.mp4,mountainbike,4,6,2,ses-03,run-01,2.786,211.309,6.786,2,14.752173913043476,19.099999999999998
32,mountainbike,ses-03_run-01_order-01_content-mountainbike_chunk_0003.mp4,mountainbike,6,8,2,ses-03,run-01,2.786,211.309,8.786,2,19.099999999999998,23.44782608695652
32,mountainbike,ses-03_run-01_order-01_content-mountainbike_chunk_0000.mp4,mountainbike,0,2,2,ses-03,run-01,2.786,211.309,2.786,2,6.056521739130434,10.404347826086955
32,mountainbike,ses-03_run-01_order-01_content-mountainbike_chunk_0001.mp4,mountainbike,2,4,2,ses-03,run-01,2.786,211.309,4.786,2,10.404347826086955,14.752173913043476
33,angrygrandpa,ses-01_run-04_order-02_content-angrygrandpa_chunk_0012.mp4,angrygrandpa,24,26,2,ses-01,run-04,178.143,339.004,202.143,2,439.4413043478261,443.7891304347826
33,angrygrandpa,ses-01_run-04_order-02_content-angrygrandpa_chunk_0009.mp4,angrygrandpa,18,20,2,ses-01,run-04,178.143,339.004,196.143,2,426.3978260869565,430.745652173913
33,angrygrandpa,ses-01_run-04_order-02_content-angrygrandpa_chunk_0010.mp4,angrygrandpa,20,22,2,ses-01,run-04,178.143,339.004,198.143,2,430.745652173913,435.0934782608696
33,angrygrandpa,ses-01_run-04_order-02_content-angrygrandpa_chunk_0011.mp4,angrygrandpa,22,24,2,ses-01,run-04,178.143,339.004,200.143,2,435.0934782608696,439.4413043478261
33,angrygrandpa,ses-01_run-04_order-02_content-angrygrandpa_chunk_0000.mp4,angrygrandpa,0,2,2,ses-01,run-04,178.143,339.004,178.143,2,387.2673913043478,391.6152173913043
33,angrygrandpa,ses-01_run-04_order-02_content-angrygrandpa_chunk_0001.mp4,angrygrandpa,2,4,2,ses-01,run-04,178.143,339.004,180.143,2,391.6152173913043,395.96304347826083
33,angrygrandpa,ses-01_run-04_order-02_content-angrygrandpa_chunk_0007.mp4,angrygrandpa,14,16,2,ses-01,run-04,178.143,339.004,192.143,2,417.70217391304345,422.05
33,angrygrandpa,ses-01_run-04_order-02_content-angrygrandpa_chunk_0008.mp4,angrygrandpa,16,18,2,ses-01,run-04,178.143,339.004,194.143,2,422.05,426.3978260869565
33,angrygrandpa,ses-01_run-04_order-02_content-angrygrandpa_chunk_0005.mp4,angrygrandpa,10,12,2,ses-01,run-04,178.143,339.004,188.143,2,409.0065217391304,413.35434782608695
33,angrygrandpa,ses-01_run-04_order-02_content-angrygrandpa_chunk_0006.mp4,angrygrandpa,12,14,2,ses-01,run-04,178.143,339.004,190.143,2,413.35434782608695,417.70217391304345
33,angrygrandpa,ses-01_run-04_order-02_content-angrygrandpa_chunk_0002.mp4,angrygrandpa,4,6,2,ses-01,run-04,178.143,339.004,182.143,2,395.96304347826083,400.3108695652174
33,angrygrandpa,ses-01_run-04_order-02_content-angrygrandpa_chunk_0003.mp4,angrygrandpa,6,8,2,ses-01,run-04,178.143,339.004,184.143,2,400.3108695652174,404.6586956521739
33,angrygrandpa,ses-01_run-04_order-02_content-angrygrandpa_chunk_0004.mp4,angrygrandpa,8,10,2,ses-01,run-04,178.143,339.004,186.143,2,404.6586956521739,409.0065217391304
34,angrygrandpa,ses-01_run-04_order-02_content-angrygrandpa_chunk_0157.mp4,angrygrandpa,314,316,2,ses-01,run-04,178.143,339.004,492.14300000000003,2,1069.8760869565217,1074.2239130434782
34,angrygrandpa,ses-01_run-04_order-02_content-angrygrandpa_chunk_0158.mp4,angrygrandpa,316,318,2,ses-01,run-04,178.143,339.004,494.14300000000003,2,1074.2239130434782,1078.5717391304347
34,angrygrandpa,ses-01_run-04_order-02_content-angrygrandpa_chunk_0164.mp4,angrygrandpa,328,330,2,ses-01,run-04,178.143,339.004,506.14300000000003,2,1100.3108695652174,1104.658695652174
34,angrygrandpa,ses-01_run-04_order-02_content-angrygrandpa_chunk_0165.mp4,angrygrandpa,330,332,2,ses-01,run-04,178.143,339.004,508.14300000000003,2,1104.658695652174,1109.0065217391304
34,angrygrandpa,ses-01_run-04_order-02_content-angrygrandpa_chunk_0166.mp4,angrygrandpa,332,334,2,ses-01,run-04,178.143,339.004,510.14300000000003,2,1109.0065217391304,1113.354347826087
34,angrygrandpa,ses-01_run-04_order-02_content-angrygrandpa_chunk_0167.mp4,angrygrandpa,334,336,2,ses-01,run-04,178.143,339.004,512.143,2,1113.354347826087,1117.7021739130435
34,angrygrandpa,ses-01_run-04_order-02_content-angrygrandpa_chunk_0168.mp4,angrygrandpa,336,338,2,ses-01,run-04,178.143,339.004,514.143,2,1117.7021739130435,1122.05
34,angrygrandpa,ses-01_run-04_order-02_content-angrygrandpa_chunk_0162.mp4,angrygrandpa,324,326,2,ses-01,run-04,178.143,339.004,502.14300000000003,2,1091.6152173913044,1095.963043478261
34,angrygrandpa,ses-01_run-04_order-02_content-angrygrandpa_chunk_0163.mp4,angrygrandpa,326,328,2,ses-01,run-04,178.143,339.004,504.14300000000003,2,1095.963043478261,1100.3108695652174
34,angrygrandpa,ses-01_run-04_order-02_content-angrygrandpa_chunk_0159.mp4,angrygrandpa,318,320,2,ses-01,run-04,178.143,339.004,496.14300000000003,2,1078.5717391304347,1082.9195652173912
34,angrygrandpa,ses-01_run-04_order-02_content-angrygrandpa_chunk_0160.mp4,angrygrandpa,320,322,2,ses-01,run-04,178.143,339.004,498.14300000000003,2,1082.9195652173912,1087.267391304348
34,angrygrandpa,ses-01_run-04_order-02_content-angrygrandpa_chunk_0161.mp4,angrygrandpa,322,324,2,ses-01,run-04,178.143,339.004,500.14300000000003,2,1087.267391304348,1091.6152173913044
35,angrygrandpa,ses-01_run-04_order-02_content-angrygrandpa_chunk_0135.mp4,angrygrandpa,270,272,2,ses-01,run-04,178.143,339.004,448.14300000000003,2,974.2239130434783,978.5717391304348
35,angrygrandpa,ses-01_run-04_order-02_content-angrygrandpa_chunk_0136.mp4,angrygrandpa,272,274,2,ses-01,run-04,178.143,339.004,450.14300000000003,2,978.5717391304348,982.9195652173913
35,angrygrandpa,ses-01_run-04_order-02_content-angrygrandpa_chunk_0137.mp4,angrygrandpa,274,276,2,ses-01,run-04,178.143,339.004,452.14300000000003,2,982.9195652173913,987.2673913043478
35,angrygrandpa,ses-01_run-04_order-02_content-angrygrandpa_chunk_0141.mp4,angrygrandpa,282,284,2,ses-01,run-04,178.143,339.004,460.14300000000003,2,1000.3108695652174,1004.658695652174
35,angrygrandpa,ses-01_run-04_order-02_content-angrygrandpa_chunk_0142.mp4,angrygrandpa,284,286,2,ses-01,run-04,178.143,339.004,462.14300000000003,2,1004.658695652174,1009.0065217391304
35,angrygrandpa,ses-01_run-04_order-02_content-angrygrandpa_chunk_0140.mp4,angrygrandpa,280,282,2,ses-01,run-04,178.143,339.004,458.14300000000003,2,995.9630434782609,1000.3108695652174
35,angrygrandpa,ses-01_run-04_order-02_content-angrygrandpa_chunk_0138.mp4,angrygrandpa,276,278,2,ses-01,run-04,178.143,339.004,454.14300000000003,2,987.2673913043478,991.6152173913043
35,angrygrandpa,ses-01_run-04_order-02_content-angrygrandpa_chunk_0139.mp4,angrygrandpa,278,280,2,ses-01,run-04,178.143,339.004,456.14300000000003,2,991.6152173913043,995.9630434782609
36,angrygrandpa,ses-01_run-04_order-02_content-angrygrandpa_chunk_0143.mp4,angrygrandpa,286,288,2,ses-01,run-04,178.143,339.004,464.14300000000003,2,1009.0065217391304,1013.354347826087
36,angrygrandpa,ses-01_run-04_order-02_content-angrygrandpa_chunk_0144.mp4,angrygrandpa,288,290,2,ses-01,run-04,178.143,339.004,466.14300000000003,2,1013.354347826087,1017.7021739130435
36,angrygrandpa,ses-01_run-04_order-02_content-angrygrandpa_chunk_0147.mp4,angrygrandpa,294,296,2,ses-01,run-04,178.143,339.004,472.14300000000003,2,1026.3978260869565,1030.745652173913
36,angrygrandpa,ses-01_run-04_order-02_content-angrygrandpa_chunk_0148.mp4,angrygrandpa,296,298,2,ses-01,run-04,178.143,339.004,474.14300000000003,2,1030.745652173913,1035.0934782608697
36,angrygrandpa,ses-01_run-04_order-02_content-angrygrandpa_chunk_0145.mp4,angrygrandpa,290,292,2,ses-01,run-04,178.143,339.004,468.14300000000003,2,1017.7021739130435,1022.0500000000001
36,angrygrandpa,ses-01_run-04_order-02_content-angrygrandpa_chunk_0146.mp4,angrygrandpa,292,294,2,ses-01,run-04,178.143,339.004,470.14300000000003,2,1022.0500000000001,1026.3978260869565
36,angrygrandpa,ses-01_run-04_order-02_content-angrygrandpa_chunk_0151.mp4,angrygrandpa,302,304,2,ses-01,run-04,178.143,339.004,480.14300000000003,2,1043.7891304347827,1048.1369565217392
36,angrygrandpa,ses-01_run-04_order-02_content-angrygrandpa_chunk_0152.mp4,angrygrandpa,304,306,2,ses-01,run-04,178.143,339.004,482.14300000000003,2,1048.1369565217392,1052.4847826086957
36,angrygrandpa,ses-01_run-04_order-02_content-angrygrandpa_chunk_0149.mp4,angrygrandpa,298,300,2,ses-01,run-04,178.143,339.004,476.14300000000003,2,1035.0934782608697,1039.4413043478262
36,angrygrandpa,ses-01_run-04_order-02_content-angrygrandpa_chunk_0150.mp4,angrygrandpa,300,302,2,ses-01,run-04,178.143,339.004,478.14300000000003,2,1039.4413043478262,1043.7891304347827
36,angrygrandpa,ses-01_run-04_order-02_content-angrygrandpa_chunk_0156.mp4,angrygrandpa,312,314,2,ses-01,run-04,178.143,339.004,490.14300000000003,2,1065.5282608695652,1069.8760869565217
36,angrygrandpa,ses-01_run-04_order-02_content-angrygrandpa_chunk_0155.mp4,angrygrandpa,310,312,2,ses-01,run-04,178.143,339.004,488.14300000000003,2,1061.1804347826087,1065.5282608695652
36,angrygrandpa,ses-01_run-04_order-02_content-angrygrandpa_chunk_0153.mp4,angrygrandpa,306,308,2,ses-01,run-04,178.143,339.004,484.14300000000003,2,1052.4847826086957,1056.8326086956522
36,angrygrandpa,ses-01_run-04_order-02_content-angrygrandpa_chunk_0154.mp4,angrygrandpa,308,310,2,ses-01,run-04,178.143,339.004,486.14300000000003,2,1056.8326086956522,1061.1804347826087
37,angrygrandpa,ses-01_run-04_order-02_content-angrygrandpa_chunk_0081.mp4,angrygrandpa,162,164,2,ses-01,run-04,178.143,339.004,340.14300000000003,2,739.4413043478261,743.7891304347827
37,angrygrandpa,ses-01_run-04_order-02_content-angrygrandpa_chunk_0082.mp4,angrygrandpa,164,166,2,ses-01,run-04,178.143,339.004,342.14300000000003,2,743.7891304347827,748.1369565217392
37,angrygrandpa,ses-01_run-04_order-02_content-angrygrandpa_chunk_0083.mp4,angrygrandpa,166,168,2,ses-01,run-04,178.143,339.004,344.14300000000003,2,748.1369565217392,752.4847826086957
37,angrygrandpa,ses-01_run-04_order-02_content-angrygrandpa_chunk_0084.mp4,angrygrandpa,168,170,2,ses-01,run-04,178.143,339.004,346.14300000000003,2,752.4847826086957,756.8326086956522
37,angrygrandpa,ses-01_run-04_order-02_content-angrygrandpa_chunk_0085.mp4,angrygrandpa,170,172,2,ses-01,run-04,178.143,339.004,348.14300000000003,2,756.8326086956522,761.1804347826087
37,angrygrandpa,ses-01_run-04_order-02_content-angrygrandpa_chunk_0090.mp4,angrygrandpa,180,182,2,ses-01,run-04,178.143,339.004,358.14300000000003,2,778.5717391304348,782.9195652173913
37,angrygrandpa,ses-01_run-04_order-02_content-angrygrandpa_chunk_0091.mp4,angrygrandpa,182,184,2,ses-01,run-04,178.143,339.004,360.14300000000003,2,782.9195652173913,787.2673913043478
37,angrygrandpa,ses-01_run-04_order-02_content-angrygrandpa_chunk_0088.mp4,angrygrandpa,176,178,2,ses-01,run-04,178.143,339.004,354.14300000000003,2,769.8760869565218,774.2239130434783
37,angrygrandpa,ses-01_run-04_order-02_content-angrygrandpa_chunk_0089.mp4,angrygrandpa,178,180,2,ses-01,run-04,178.143,339.004,356.14300000000003,2,774.2239130434783,778.5717391304348
37,angrygrandpa,ses-01_run-04_order-02_content-angrygrandpa_chunk_0086.mp4,angrygrandpa,172,174,2,ses-01,run-04,178.143,339.004,350.14300000000003,2,761.1804347826087,765.5282608695652
37,angrygrandpa,ses-01_run-04_order-02_content-angrygrandpa_chunk_0087.mp4,angrygrandpa,174,176,2,ses-01,run-04,178.143,339.004,352.14300000000003,2,765.5282608695652,769.8760869565218
37,angrygrandpa,ses-01_run-04_order-02_content-angrygrandpa_chunk_0092.mp4,angrygrandpa,184,186,2,ses-01,run-04,178.143,339.004,362.14300000000003,2,787.2673913043478,791.6152173913043
37,angrygrandpa,ses-01_run-04_order-02_content-angrygrandpa_chunk_0093.mp4,angrygrandpa,186,188,2,ses-01,run-04,178.143,339.004,364.14300000000003,2,791.6152173913043,795.9630434782609
37,angrygrandpa,ses-01_run-04_order-02_content-angrygrandpa_chunk_0098.mp4,angrygrandpa,196,198,2,ses-01,run-04,178.143,339.004,374.14300000000003,2,813.354347826087,817.7021739130435
37,angrygrandpa,ses-01_run-04_order-02_content-angrygrandpa_chunk_0099.mp4,angrygrandpa,198,200,2,ses-01,run-04,178.143,339.004,376.14300000000003,2,817.7021739130435,822.0500000000001
37,angrygrandpa,ses-01_run-04_order-02_content-angrygrandpa_chunk_0096.mp4,angrygrandpa,192,194,2,ses-01,run-04,178.143,339.004,370.14300000000003,2,804.658695652174,809.0065217391304
37,angrygrandpa,ses-01_run-04_order-02_content-angrygrandpa_chunk_0097.mp4,angrygrandpa,194,196,2,ses-01,run-04,178.143,339.004,372.14300000000003,2,809.0065217391304,813.354347826087
37,angrygrandpa,ses-01_run-04_order-02_content-angrygrandpa_chunk_0094.mp4,angrygrandpa,188,190,2,ses-01,run-04,178.143,339.004,366.14300000000003,2,795.9630434782609,800.3108695652174
37,angrygrandpa,ses-01_run-04_order-02_content-angrygrandpa_chunk_0095.mp4,angrygrandpa,190,192,2,ses-01,run-04,178.143,339.004,368.14300000000003,2,800.3108695652174,804.658695652174
37,angrygrandpa,ses-01_run-04_order-02_content-angrygrandpa_chunk_0106.mp4,angrygrandpa,212,214,2,ses-01,run-04,178.143,339.004,390.14300000000003,2,848.1369565217392,852.4847826086957
37,angrygrandpa,ses-01_run-04_order-02_content-angrygrandpa_chunk_0104.mp4,angrygrandpa,208,210,2,ses-01,run-04,178.143,339.004,386.14300000000003,2,839.4413043478261,843.7891304347827
37,angrygrandpa,ses-01_run-04_order-02_content-angrygrandpa_chunk_0105.mp4,angrygrandpa,210,212,2,ses-01,run-04,178.143,339.004,388.14300000000003,2,843.7891304347827,848.1369565217392
37,angrygrandpa,ses-01_run-04_order-02_content-angrygrandpa_chunk_0102.mp4,angrygrandpa,204,206,2,ses-01,run-04,178.143,339.004,382.14300000000003,2,830.7456521739131,835.0934782608696
37,angrygrandpa,ses-01_run-04_order-02_content-angrygrandpa_chunk_0103.mp4,angrygrandpa,206,208,2,ses-01,run-04,178.143,339.004,384.14300000000003,2,835.0934782608696,839.4413043478261
37,angrygrandpa,ses-01_run-04_order-02_content-angrygrandpa_chunk_0100.mp4,angrygrandpa,200,202,2,ses-01,run-04,178.143,339.004,378.14300000000003,2,822.0500000000001,826.3978260869566
37,angrygrandpa,ses-01_run-04_order-02_content-angrygrandpa_chunk_0101.mp4,angrygrandpa,202,204,2,ses-01,run-04,178.143,339.004,380.14300000000003,2,826.3978260869566,830.7456521739131
37,angrygrandpa,ses-01_run-04_order-02_content-angrygrandpa_chunk_0110.mp4,angrygrandpa,220,222,2,ses-01,run-04,178.143,339.004,398.14300000000003,2,865.5282608695652,869.8760869565218
37,angrygrandpa,ses-01_run-04_order-02_content-angrygrandpa_chunk_0111.mp4,angrygrandpa,222,224,2,ses-01,run-04,178.143,339.004,400.14300000000003,2,869.8760869565218,874.2239130434783
37,angrygrandpa,ses-01_run-04_order-02_content-angrygrandpa_chunk_0114.mp4,angrygrandpa,228,230,2,ses-01,run-04,178.143,339.004,406.14300000000003,2,882.9195652173913,887.2673913043478
37,angrygrandpa,ses-01_run-04_order-02_content-angrygrandpa_chunk_0112.mp4,angrygrandpa,224,226,2,ses-01,run-04,178.143,339.004,402.14300000000003,2,874.2239130434783,878.5717391304348
37,angrygrandpa,ses-01_run-04_order-02_content-angrygrandpa_chunk_0113.mp4,angrygrandpa,226,228,2,ses-01,run-04,178.143,339.004,404.14300000000003,2,878.5717391304348,882.9195652173913
37,angrygrandpa,ses-01_run-04_order-02_content-angrygrandpa_chunk_0117.mp4,angrygrandpa,234,236,2,ses-01,run-04,178.143,339.004,412.14300000000003,2,895.9630434782609,900.3108695652174
37,angrygrandpa,ses-01_run-04_order-02_content-angrygrandpa_chunk_0115.mp4,angrygrandpa,230,232,2,ses-01,run-04,178.143,339.004,408.14300000000003,2,887.2673913043478,891.6152173913043
37,angrygrandpa,ses-01_run-04_order-02_content-angrygrandpa_chunk_0116.mp4,angrygrandpa,232,234,2,ses-01,run-04,178.143,339.004,410.14300000000003,2,891.6152173913043,895.9630434782609
37,angrygrandpa,ses-01_run-04_order-02_content-angrygrandpa_chunk_0107.mp4,angrygrandpa,214,216,2,ses-01,run-04,178.143,339.004,392.14300000000003,2,852.4847826086957,856.8326086956522
37,angrygrandpa,ses-01_run-04_order-02_content-angrygrandpa_chunk_0108.mp4,angrygrandpa,216,218,2,ses-01,run-04,178.143,339.004,394.14300000000003,2,856.8326086956522,861.1804347826087
37,angrygrandpa,ses-01_run-04_order-02_content-angrygrandpa_chunk_0109.mp4,angrygrandpa,218,220,2,ses-01,run-04,178.143,339.004,396.14300000000003,2,861.1804347826087,865.5282608695652
37,angrygrandpa,ses-01_run-04_order-02_content-angrygrandpa_chunk_0125.mp4,angrygrandpa,250,252,2,ses-01,run-04,178.143,339.004,428.14300000000003,2,930.7456521739131,935.0934782608696
37,angrygrandpa,ses-01_run-04_order-02_content-angrygrandpa_chunk_0123.mp4,angrygrandpa,246,248,2,ses-01,run-04,178.143,339.004,424.14300000000003,2,922.0500000000001,926.3978260869566
37,angrygrandpa,ses-01_run-04_order-02_content-angrygrandpa_chunk_0124.mp4,angrygrandpa,248,250,2,ses-01,run-04,178.143,339.004,426.14300000000003,2,926.3978260869566,930.7456521739131
37,angrygrandpa,ses-01_run-04_order-02_content-angrygrandpa_chunk_0121.mp4,angrygrandpa,242,244,2,ses-01,run-04,178.143,339.004,420.14300000000003,2,913.354347826087,917.7021739130435
37,angrygrandpa,ses-01_run-04_order-02_content-angrygrandpa_chunk_0122.mp4,angrygrandpa,244,246,2,ses-01,run-04,178.143,339.004,422.14300000000003,2,917.7021739130435,922.0500000000001
37,angrygrandpa,ses-01_run-04_order-02_content-angrygrandpa_chunk_0118.mp4,angrygrandpa,236,238,2,ses-01,run-04,178.143,339.004,414.14300000000003,2,900.3108695652174,904.658695652174
37,angrygrandpa,ses-01_run-04_order-02_content-angrygrandpa_chunk_0119.mp4,angrygrandpa,238,240,2,ses-01,run-04,178.143,339.004,416.14300000000003,2,904.658695652174,909.0065217391304
37,angrygrandpa,ses-01_run-04_order-02_content-angrygrandpa_chunk_0120.mp4,angrygrandpa,240,242,2,ses-01,run-04,178.143,339.004,418.14300000000003,2,909.0065217391304,913.354347826087
37,angrygrandpa,ses-01_run-04_order-02_content-angrygrandpa_chunk_0126.mp4,angrygrandpa,252,254,2,ses-01,run-04,178.143,339.004,430.14300000000003,2,935.0934782608696,939.4413043478261
37,angrygrandpa,ses-01_run-04_order-02_content-angrygrandpa_chunk_0127.mp4,angrygrandpa,254,256,2,ses-01,run-04,178.143,339.004,432.14300000000003,2,939.4413043478261,943.7891304347826
37,angrygrandpa,ses-01_run-04_order-02_content-angrygrandpa_chunk_0128.mp4,angrygrandpa,256,258,2,ses-01,run-04,178.143,339.004,434.14300000000003,2,943.7891304347826,948.1369565217392
37,angrygrandpa,ses-01_run-04_order-02_content-angrygrandpa_chunk_0129.mp4,angrygrandpa,258,260,2,ses-01,run-04,178.143,339.004,436.14300000000003,2,948.1369565217392,952.4847826086957
37,angrygrandpa,ses-01_run-04_order-02_content-angrygrandpa_chunk_0133.mp4,angrygrandpa,266,268,2,ses-01,run-04,178.143,339.004,444.14300000000003,2,965.5282608695652,969.8760869565217
37,angrygrandpa,ses-01_run-04_order-02_content-angrygrandpa_chunk_0134.mp4,angrygrandpa,268,270,2,ses-01,run-04,178.143,339.004,446.14300000000003,2,969.8760869565217,974.2239130434783
37,angrygrandpa,ses-01_run-04_order-02_content-angrygrandpa_chunk_0132.mp4,angrygrandpa,264,266,2,ses-01,run-04,178.143,339.004,442.14300000000003,2,961.1804347826087,965.5282608695652
37,angrygrandpa,ses-01_run-04_order-02_content-angrygrandpa_chunk_0130.mp4,angrygrandpa,260,262,2,ses-01,run-04,178.143,339.004,438.14300000000003,2,952.4847826086957,956.8326086956522
37,angrygrandpa,ses-01_run-04_order-02_content-angrygrandpa_chunk_0131.mp4,angrygrandpa,262,264,2,ses-01,run-04,178.143,339.004,440.14300000000003,2,956.8326086956522,961.1804347826087
38,angrygrandpa,ses-01_run-04_order-02_content-angrygrandpa_chunk_0045.mp4,angrygrandpa,90,92,2,ses-01,run-04,178.143,339.004,268.14300000000003,2,582.9195652173913,587.2673913043478
38,angrygrandpa,ses-01_run-04_order-02_content-angrygrandpa_chunk_0046.mp4,angrygrandpa,92,94,2,ses-01,run-04,178.143,339.004,270.14300000000003,2,587.2673913043478,591.6152173913044
38,angrygrandpa,ses-01_run-04_order-02_content-angrygrandpa_chunk_0047.mp4,angrygrandpa,94,96,2,ses-01,run-04,178.143,339.004,272.14300000000003,2,591.6152173913044,595.9630434782609
38,angrygrandpa,ses-01_run-04_order-02_content-angrygrandpa_chunk_0042.mp4,angrygrandpa,84,86,2,ses-01,run-04,178.143,339.004,262.14300000000003,2,569.8760869565218,574.2239130434783
38,angrygrandpa,ses-01_run-04_order-02_content-angrygrandpa_chunk_0043.mp4,angrygrandpa,86,88,2,ses-01,run-04,178.143,339.004,264.14300000000003,2,574.2239130434783,578.5717391304348
38,angrygrandpa,ses-01_run-04_order-02_content-angrygrandpa_chunk_0044.mp4,angrygrandpa,88,90,2,ses-01,run-04,178.143,339.004,266.14300000000003,2,578.5717391304348,582.9195652173913
38,angrygrandpa,ses-01_run-04_order-02_content-angrygrandpa_chunk_0048.mp4,angrygrandpa,96,98,2,ses-01,run-04,178.143,339.004,274.14300000000003,2,595.9630434782609,600.3108695652174
38,angrygrandpa,ses-01_run-04_order-02_content-angrygrandpa_chunk_0049.mp4,angrygrandpa,98,100,2,ses-01,run-04,178.143,339.004,276.14300000000003,2,600.3108695652174,604.658695652174
38,angrygrandpa,ses-01_run-04_order-02_content-angrygrandpa_chunk_0050.mp4,angrygrandpa,100,102,2,ses-01,run-04,178.143,339.004,278.14300000000003,2,604.658695652174,609.0065217391304
38,angrygrandpa,ses-01_run-04_order-02_content-angrygrandpa_chunk_0051.mp4,angrygrandpa,102,104,2,ses-01,run-04,178.143,339.004,280.14300000000003,2,609.0065217391304,613.354347826087
38,angrygrandpa,ses-01_run-04_order-02_content-angrygrandpa_chunk_0056.mp4,angrygrandpa,112,114,2,ses-01,run-04,178.143,339.004,290.14300000000003,2,630.7456521739131,635.0934782608696
38,angrygrandpa,ses-01_run-04_order-02_content-angrygrandpa_chunk_0057.mp4,angrygrandpa,114,116,2,ses-01,run-04,178.143,339.004,292.14300000000003,2,635.0934782608696,639.4413043478261
38,angrygrandpa,ses-01_run-04_order-02_content-angrygrandpa_chunk_0058.mp4,angrygrandpa,116,118,2,ses-01,run-04,178.143,339.004,294.14300000000003,2,639.4413043478261,643.7891304347827
38,angrygrandpa,ses-01_run-04_order-02_content-angrygrandpa_chunk_0052.mp4,angrygrandpa,104,106,2,ses-01,run-04,178.143,339.004,282.14300000000003,2,613.354347826087,617.7021739130436
38,angrygrandpa,ses-01_run-04_order-02_content-angrygrandpa_chunk_0055.mp4,angrygrandpa,110,112,2,ses-01,run-04,178.143,339.004,288.14300000000003,2,626.3978260869566,630.7456521739131
38,angrygrandpa,ses-01_run-04_order-02_content-angrygrandpa_chunk_0053.mp4,angrygrandpa,106,108,2,ses-01,run-04,178.143,339.004,284.14300000000003,2,617.7021739130436,622.0500000000001
38,angrygrandpa,ses-01_run-04_order-02_content-angrygrandpa_chunk_0054.mp4,angrygrandpa,108,110,2,ses-01,run-04,178.143,339.004,286.14300000000003,2,622.0500000000001,626.3978260869566
38,angrygrandpa,ses-01_run-04_order-02_content-angrygrandpa_chunk_0059.mp4,angrygrandpa,118,120,2,ses-01,run-04,178.143,339.004,296.14300000000003,2,643.7891304347827,648.1369565217392
38,angrygrandpa,ses-01_run-04_order-02_content-angrygrandpa_chunk_0060.mp4,angrygrandpa,120,122,2,ses-01,run-04,178.143,339.004,298.14300000000003,2,648.1369565217392,652.4847826086957
38,angrygrandpa,ses-01_run-04_order-02_content-angrygrandpa_chunk_0061.mp4,angrygrandpa,122,124,2,ses-01,run-04,178.143,339.004,300.14300000000003,2,652.4847826086957,656.8326086956522
38,angrygrandpa,ses-01_run-04_order-02_content-angrygrandpa_chunk_0064.mp4,angrygrandpa,128,130,2,ses-01,run-04,178.143,339.004,306.14300000000003,2,665.5282608695652,669.8760869565218
38,angrygrandpa,ses-01_run-04_order-02_content-angrygrandpa_chunk_0062.mp4,angrygrandpa,124,126,2,ses-01,run-04,178.143,339.004,302.14300000000003,2,656.8326086956522,661.1804347826087
38,angrygrandpa,ses-01_run-04_order-02_content-angrygrandpa_chunk_0063.mp4,angrygrandpa,126,128,2,ses-01,run-04,178.143,339.004,304.14300000000003,2,661.1804347826087,665.5282608695652
38,angrygrandpa,ses-01_run-04_order-02_content-angrygrandpa_chunk_0067.mp4,angrygrandpa,134,136,2,ses-01,run-04,178.143,339.004,312.14300000000003,2,678.5717391304348,682.9195652173913
38,angrygrandpa,ses-01_run-04_order-02_content-angrygrandpa_chunk_0068.mp4,angrygrandpa,136,138,2,ses-01,run-04,178.143,339.004,314.14300000000003,2,682.9195652173913,687.2673913043478
38,angrygrandpa,ses-01_run-04_order-02_content-angrygrandpa_chunk_0065.mp4,angrygrandpa,130,132,2,ses-01,run-04,178.143,339.004,308.14300000000003,2,669.8760869565218,674.2239130434783
38,angrygrandpa,ses-01_run-04_order-02_content-angrygrandpa_chunk_0066.mp4,angrygrandpa,132,134,2,ses-01,run-04,178.143,339.004,310.14300000000003,2,674.2239130434783,678.5717391304348
38,angrygrandpa,ses-01_run-04_order-02_content-angrygrandpa_chunk_0077.mp4,angrygrandpa,154,156,2,ses-01,run-04,178.143,339.004,332.14300000000003,2,722.0500000000001,726.3978260869566
38,angrygrandpa,ses-01_run-04_order-02_content-angrygrandpa_chunk_0078.mp4,angrygrandpa,156,158,2,ses-01,run-04,178.143,339.004,334.14300000000003,2,726.3978260869566,730.7456521739131
38,angrygrandpa,ses-01_run-04_order-02_content-angrygrandpa_chunk_0079.mp4,angrygrandpa,158,160,2,ses-01,run-04,178.143,339.004,336.14300000000003,2,730.7456521739131,735.0934782608696
38,angrygrandpa,ses-01_run-04_order-02_content-angrygrandpa_chunk_0080.mp4,angrygrandpa,160,162,2,ses-01,run-04,178.143,339.004,338.14300000000003,2,735.0934782608696,739.4413043478261
38,angrygrandpa,ses-01_run-04_order-02_content-angrygrandpa_chunk_0071.mp4,angrygrandpa,142,144,2,ses-01,run-04,178.143,339.004,320.14300000000003,2,695.9630434782609,700.3108695652174
38,angrygrandpa,ses-01_run-04_order-02_content-angrygrandpa_chunk_0072.mp4,angrygrandpa,144,146,2,ses-01,run-04,178.143,339.004,322.14300000000003,2,700.3108695652174,704.658695652174
38,angrygrandpa,ses-01_run-04_order-02_content-angrygrandpa_chunk_0069.mp4,angrygrandpa,138,140,2,ses-01,run-04,178.143,339.004,316.14300000000003,2,687.2673913043478,691.6152173913043
38,angrygrandpa,ses-01_run-04_order-02_content-angrygrandpa_chunk_0070.mp4,angrygrandpa,140,142,2,ses-01,run-04,178.143,339.004,318.14300000000003,2,691.6152173913043,695.9630434782609
38,angrygrandpa,ses-01_run-04_order-02_content-angrygrandpa_chunk_0075.mp4,angrygrandpa,150,152,2,ses-01,run-04,178.143,339.004,328.14300000000003,2,713.354347826087,717.7021739130436
38,angrygrandpa,ses-01_run-04_order-02_content-angrygrandpa_chunk_0076.mp4,angrygrandpa,152,154,2,ses-01,run-04,178.143,339.004,330.14300000000003,2,717.7021739130436,722.0500000000001
38,angrygrandpa,ses-01_run-04_order-02_content-angrygrandpa_chunk_0073.mp4,angrygrandpa,146,148,2,ses-01,run-04,178.143,339.004,324.14300000000003,2,704.658695652174,709.0065217391304
38,angrygrandpa,ses-01_run-04_order-02_content-angrygrandpa_chunk_0074.mp4,angrygrandpa,148,150,2,ses-01,run-04,178.143,339.004,326.14300000000003,2,709.0065217391304,713.354347826087
38,angrygrandpa,ses-01_run-04_order-02_content-angrygrandpa_chunk_0013.mp4,angrygrandpa,26,28,2,ses-01,run-04,178.143,339.004,204.143,2,443.7891304347826,448.13695652173914
38,angrygrandpa,ses-01_run-04_order-02_content-angrygrandpa_chunk_0014.mp4,angrygrandpa,28,30,2,ses-01,run-04,178.143,339.004,206.143,2,448.13695652173914,452.48478260869564
38,angrygrandpa,ses-01_run-04_order-02_content-angrygrandpa_chunk_0015.mp4,angrygrandpa,30,32,2,ses-01,run-04,178.143,339.004,208.143,2,452.48478260869564,456.83260869565214
38,angrygrandpa,ses-01_run-04_order-02_content-angrygrandpa_chunk_0016.mp4,angrygrandpa,32,34,2,ses-01,run-04,178.143,339.004,210.143,2,456.83260869565214,461.1804347826087
38,angrygrandpa,ses-01_run-04_order-02_content-angrygrandpa_chunk_0017.mp4,angrygrandpa,34,36,2,ses-01,run-04,178.143,339.004,212.143,2,461.1804347826087,465.5282608695652
38,angrygrandpa,ses-01_run-04_order-02_content-angrygrandpa_chunk_0018.mp4,angrygrandpa,36,38,2,ses-01,run-04,178.143,339.004,214.143,2,465.5282608695652,469.8760869565217
38,angrygrandpa,ses-01_run-04_order-02_content-angrygrandpa_chunk_0019.mp4,angrygrandpa,38,40,2,ses-01,run-04,178.143,339.004,216.143,2,469.8760869565217,474.22391304347826
38,angrygrandpa,ses-01_run-04_order-02_content-angrygrandpa_chunk_0022.mp4,angrygrandpa,44,46,2,ses-01,run-04,178.143,339.004,222.143,2,482.91956521739127,487.2673913043478
38,angrygrandpa,ses-01_run-04_order-02_content-angrygrandpa_chunk_0023.mp4,angrygrandpa,46,48,2,ses-01,run-04,178.143,339.004,224.143,2,487.2673913043478,491.6152173913043
38,angrygrandpa,ses-01_run-04_order-02_content-angrygrandpa_chunk_0020.mp4,angrygrandpa,40,42,2,ses-01,run-04,178.143,339.004,218.143,2,474.22391304347826,478.57173913043476
38,angrygrandpa,ses-01_run-04_order-02_content-angrygrandpa_chunk_0021.mp4,angrygrandpa,42,44,2,ses-01,run-04,178.143,339.004,220.143,2,478.57173913043476,482.91956521739127
38,angrygrandpa,ses-01_run-04_order-02_content-angrygrandpa_chunk_0038.mp4,angrygrandpa,76,78,2,ses-01,run-04,178.143,339.004,254.143,2,552.4847826086956,556.8326086956522
38,angrygrandpa,ses-01_run-04_order-02_content-angrygrandpa_chunk_0039.mp4,angrygrandpa,78,80,2,ses-01,run-04,178.143,339.004,256.14300000000003,2,556.8326086956522,561.1804347826087
38,angrygrandpa,ses-01_run-04_order-02_content-angrygrandpa_chunk_0040.mp4,angrygrandpa,80,82,2,ses-01,run-04,178.143,339.004,258.14300000000003,2,561.1804347826087,565.5282608695652
38,angrygrandpa,ses-01_run-04_order-02_content-angrygrandpa_chunk_0041.mp4,angrygrandpa,82,84,2,ses-01,run-04,178.143,339.004,260.14300000000003,2,565.5282608695652,569.8760869565218
38,angrygrandpa,ses-01_run-04_order-02_content-angrygrandpa_chunk_0035.mp4,angrygrandpa,70,72,2,ses-01,run-04,178.143,339.004,248.143,2,539.4413043478261,543.7891304347826
38,angrygrandpa,ses-01_run-04_order-02_content-angrygrandpa_chunk_0036.mp4,angrygrandpa,72,74,2,ses-01,run-04,178.143,339.004,250.143,2,543.7891304347826,548.1369565217391
38,angrygrandpa,ses-01_run-04_order-02_content-angrygrandpa_chunk_0037.mp4,angrygrandpa,74,76,2,ses-01,run-04,178.143,339.004,252.143,2,548.1369565217391,552.4847826086956
38,angrygrandpa,ses-01_run-04_order-02_content-angrygrandpa_chunk_0033.mp4,angrygrandpa,66,68,2,ses-01,run-04,178.143,339.004,244.143,2,530.7456521739131,535.0934782608696
38,angrygrandpa,ses-01_run-04_order-02_content-angrygrandpa_chunk_0034.mp4,angrygrandpa,68,70,2,ses-01,run-04,178.143,339.004,246.143,2,535.0934782608696,539.4413043478261
38,angrygrandpa,ses-01_run-04_order-02_content-angrygrandpa_chunk_0031.mp4,angrygrandpa,62,64,2,ses-01,run-04,178.143,339.004,240.143,2,522.05,526.3978260869565
38,angrygrandpa,ses-01_run-04_order-02_content-angrygrandpa_chunk_0032.mp4,angrygrandpa,64,66,2,ses-01,run-04,178.143,339.004,242.143,2,526.3978260869565,530.7456521739131
38,angrygrandpa,ses-01_run-04_order-02_content-angrygrandpa_chunk_0024.mp4,angrygrandpa,48,50,2,ses-01,run-04,178.143,339.004,226.143,2,491.6152173913043,495.96304347826083
38,angrygrandpa,ses-01_run-04_order-02_content-angrygrandpa_chunk_0025.mp4,angrygrandpa,50,52,2,ses-01,run-04,178.143,339.004,228.143,2,495.96304347826083,500.3108695652174
38,angrygrandpa,ses-01_run-04_order-02_content-angrygrandpa_chunk_0026.mp4,angrygrandpa,52,54,2,ses-01,run-04,178.143,339.004,230.143,2,500.3108695652174,504.6586956521739
38,angrygrandpa,ses-01_run-04_order-02_content-angrygrandpa_chunk_0029.mp4,angrygrandpa,58,60,2,ses-01,run-04,178.143,339.004,236.143,2,513.354347826087,517.7021739130435
38,angrygrandpa,ses-01_run-04_order-02_content-angrygrandpa_chunk_0030.mp4,angrygrandpa,60,62,2,ses-01,run-04,178.143,339.004,238.143,2,517.7021739130435,522.05
38,angrygrandpa,ses-01_run-04_order-02_content-angrygrandpa_chunk_0027.mp4,angrygrandpa,54,56,2,ses-01,run-04,178.143,339.004,232.143,2,504.6586956521739,509.0065217391304
38,angrygrandpa,ses-01_run-04_order-02_content-angrygrandpa_chunk_0028.mp4,angrygrandpa,56,58,2,ses-01,run-04,178.143,339.004,234.143,2,509.0065217391304,513.354347826087
39,islamophobia,ses-01_run-02_order-03_content-islamophobia_chunk_0000.mp4,islamophobia,0,2,2,ses-01,run-02,282.675,243.835,282.675,2,614.5108695652174,618.8586956521739
39,islamophobia,ses-01_run-02_order-03_content-islamophobia_chunk_0001.mp4,islamophobia,2,4,2,ses-01,run-02,282.675,243.835,284.675,2,618.8586956521739,623.2065217391304
39,islamophobia,ses-01_run-02_order-03_content-islamophobia_chunk_0002.mp4,islamophobia,4,6,2,ses-01,run-02,282.675,243.835,286.675,2,623.2065217391304,627.554347826087
39,islamophobia,ses-01_run-02_order-03_content-islamophobia_chunk_0003.mp4,islamophobia,6,8,2,ses-01,run-02,282.675,243.835,288.675,2,627.554347826087,631.9021739130435
39,islamophobia,ses-01_run-02_order-03_content-islamophobia_chunk_0004.mp4,islamophobia,8,10,2,ses-01,run-02,282.675,243.835,290.675,2,631.9021739130435,636.25
39,islamophobia,ses-01_run-02_order-03_content-islamophobia_chunk_0005.mp4,islamophobia,10,12,2,ses-01,run-02,282.675,243.835,292.675,2,636.25,640.5978260869565
39,islamophobia,ses-01_run-02_order-03_content-islamophobia_chunk_0006.mp4,islamophobia,12,14,2,ses-01,run-02,282.675,243.835,294.675,2,640.5978260869565,644.945652173913
39,islamophobia,ses-01_run-02_order-03_content-islamophobia_chunk_0007.mp4,islamophobia,14,16,2,ses-01,run-02,282.675,243.835,296.675,2,644.945652173913,649.2934782608695
39,islamophobia,ses-01_run-02_order-03_content-islamophobia_chunk_0008.mp4,islamophobia,16,18,2,ses-01,run-02,282.675,243.835,298.675,2,649.2934782608695,653.6413043478261
39,islamophobia,ses-01_run-02_order-03_content-islamophobia_chunk_0009.mp4,islamophobia,18,20,2,ses-01,run-02,282.675,243.835,300.675,2,653.6413043478261,657.9891304347826
40,islamophobia,ses-01_run-02_order-03_content-islamophobia_chunk_0026.mp4,islamophobia,52,54,2,ses-01,run-02,282.675,243.835,334.675,2,727.554347826087,731.9021739130435
40,islamophobia,ses-01_run-02_order-03_content-islamophobia_chunk_0027.mp4,islamophobia,54,56,2,ses-01,run-02,282.675,243.835,336.675,2,731.9021739130435,736.25
40,islamophobia,ses-01_run-02_order-03_content-islamophobia_chunk_0024.mp4,islamophobia,48,50,2,ses-01,run-02,282.675,243.835,330.675,2,718.8586956521739,723.2065217391304
40,islamophobia,ses-01_run-02_order-03_content-islamophobia_chunk_0025.mp4,islamophobia,50,52,2,ses-01,run-02,282.675,243.835,332.675,2,723.2065217391304,727.554347826087
40,islamophobia,ses-01_run-02_order-03_content-islamophobia_chunk_0031.mp4,islamophobia,62,64,2,ses-01,run-02,282.675,243.835,344.675,2,749.2934782608695,753.6413043478261
40,islamophobia,ses-01_run-02_order-03_content-islamophobia_chunk_0032.mp4,islamophobia,64,66,2,ses-01,run-02,282.675,243.835,346.675,2,753.6413043478261,757.9891304347826
40,islamophobia,ses-01_run-02_order-03_content-islamophobia_chunk_0028.mp4,islamophobia,56,58,2,ses-01,run-02,282.675,243.835,338.675,2,736.25,740.5978260869565
40,islamophobia,ses-01_run-02_order-03_content-islamophobia_chunk_0029.mp4,islamophobia,58,60,2,ses-01,run-02,282.675,243.835,340.675,2,740.5978260869565,744.945652173913
40,islamophobia,ses-01_run-02_order-03_content-islamophobia_chunk_0030.mp4,islamophobia,60,62,2,ses-01,run-02,282.675,243.835,342.675,2,744.945652173913,749.2934782608695
40,islamophobia,ses-01_run-02_order-03_content-islamophobia_chunk_0035.mp4,islamophobia,70,72,2,ses-01,run-02,282.675,243.835,352.675,2,766.6847826086956,771.0326086956521
40,islamophobia,ses-01_run-02_order-03_content-islamophobia_chunk_0036.mp4,islamophobia,72,74,2,ses-01,run-02,282.675,243.835,354.675,2,771.0326086956521,775.3804347826086
40,islamophobia,ses-01_run-02_order-03_content-islamophobia_chunk_0033.mp4,islamophobia,66,68,2,ses-01,run-02,282.675,243.835,348.675,2,757.9891304347826,762.3369565217391
40,islamophobia,ses-01_run-02_order-03_content-islamophobia_chunk_0034.mp4,islamophobia,68,70,2,ses-01,run-02,282.675,243.835,350.675,2,762.3369565217391,766.6847826086956
40,islamophobia,ses-01_run-02_order-03_content-islamophobia_chunk_0037.mp4,islamophobia,74,76,2,ses-01,run-02,282.675,243.835,356.675,2,775.3804347826086,779.7282608695652
40,islamophobia,ses-01_run-02_order-03_content-islamophobia_chunk_0038.mp4,islamophobia,76,78,2,ses-01,run-02,282.675,243.835,358.675,2,779.7282608695652,784.0760869565217
40,islamophobia,ses-01_run-02_order-03_content-islamophobia_chunk_0039.mp4,islamophobia,78,80,2,ses-01,run-02,282.675,243.835,360.675,2,784.0760869565217,788.4239130434783
40,islamophobia,ses-01_run-02_order-03_content-islamophobia_chunk_0042.mp4,islamophobia,84,86,2,ses-01,run-02,282.675,243.835,366.675,2,797.1195652173913,801.4673913043479
40,islamophobia,ses-01_run-02_order-03_content-islamophobia_chunk_0040.mp4,islamophobia,80,82,2,ses-01,run-02,282.675,243.835,362.675,2,788.4239130434783,792.7717391304348
40,islamophobia,ses-01_run-02_order-03_content-islamophobia_chunk_0041.mp4,islamophobia,82,84,2,ses-01,run-02,282.675,243.835,364.675,2,792.7717391304348,797.1195652173913
40,islamophobia,ses-01_run-02_order-03_content-islamophobia_chunk_0010.mp4,islamophobia,20,22,2,ses-01,run-02,282.675,243.835,302.675,2,657.9891304347826,662.3369565217391
40,islamophobia,ses-01_run-02_order-03_content-islamophobia_chunk_0011.mp4,islamophobia,22,24,2,ses-01,run-02,282.675,243.835,304.675,2,662.3369565217391,666.6847826086956
40,islamophobia,ses-01_run-02_order-03_content-islamophobia_chunk_0012.mp4,islamophobia,24,26,2,ses-01,run-02,282.675,243.835,306.675,2,666.6847826086956,671.0326086956521
40,islamophobia,ses-01_run-02_order-03_content-islamophobia_chunk_0013.mp4,islamophobia,26,28,2,ses-01,run-02,282.675,243.835,308.675,2,671.0326086956521,675.3804347826087
40,islamophobia,ses-01_run-02_order-03_content-islamophobia_chunk_0014.mp4,islamophobia,28,30,2,ses-01,run-02,282.675,243.835,310.675,2,675.3804347826087,679.7282608695652
40,islamophobia,ses-01_run-02_order-03_content-islamophobia_chunk_0015.mp4,islamophobia,30,32,2,ses-01,run-02,282.675,243.835,312.675,2,679.7282608695652,684.0760869565217
40,islamophobia,ses-01_run-02_order-03_content-islamophobia_chunk_0018.mp4,islamophobia,36,38,2,ses-01,run-02,282.675,243.835,318.675,2,692.7717391304348,697.1195652173913
40,islamophobia,ses-01_run-02_order-03_content-islamophobia_chunk_0019.mp4,islamophobia,38,40,2,ses-01,run-02,282.675,243.835,320.675,2,697.1195652173913,701.4673913043479
40,islamophobia,ses-01_run-02_order-03_content-islamophobia_chunk_0016.mp4,islamophobia,32,34,2,ses-01,run-02,282.675,243.835,314.675,2,684.0760869565217,688.4239130434783
40,islamophobia,ses-01_run-02_order-03_content-islamophobia_chunk_0017.mp4,islamophobia,34,36,2,ses-01,run-02,282.675,243.835,316.675,2,688.4239130434783,692.7717391304348
40,islamophobia,ses-01_run-02_order-03_content-islamophobia_chunk_0022.mp4,islamophobia,44,46,2,ses-01,run-02,282.675,243.835,326.675,2,710.1630434782609,714.5108695652174
40,islamophobia,ses-01_run-02_order-03_content-islamophobia_chunk_0023.mp4,islamophobia,46,48,2,ses-01,run-02,282.675,243.835,328.675,2,714.5108695652174,718.8586956521739
40,islamophobia,ses-01_run-02_order-03_content-islamophobia_chunk_0020.mp4,islamophobia,40,42,2,ses-01,run-02,282.675,243.835,322.675,2,701.4673913043479,705.8152173913044
40,islamophobia,ses-01_run-02_order-03_content-islamophobia_chunk_0021.mp4,islamophobia,42,44,2,ses-01,run-02,282.675,243.835,324.675,2,705.8152173913044,710.1630434782609
40,islamophobia,ses-01_run-02_order-03_content-islamophobia_chunk_0098.mp4,islamophobia,196,198,2,ses-01,run-02,282.675,243.835,478.675,2,1040.5978260869565,1044.945652173913
40,islamophobia,ses-01_run-02_order-03_content-islamophobia_chunk_0096.mp4,islamophobia,192,194,2,ses-01,run-02,282.675,243.835,474.675,2,1031.9021739130435,1036.25
40,islamophobia,ses-01_run-02_order-03_content-islamophobia_chunk_0097.mp4,islamophobia,194,196,2,ses-01,run-02,282.675,243.835,476.675,2,1036.25,1040.5978260869565
40,islamophobia,ses-01_run-02_order-03_content-islamophobia_chunk_0099.mp4,islamophobia,198,200,2,ses-01,run-02,282.675,243.835,480.675,2,1044.945652173913,1049.2934782608695
40,islamophobia,ses-01_run-02_order-03_content-islamophobia_chunk_0094.mp4,islamophobia,188,190,2,ses-01,run-02,282.675,243.835,470.675,2,1023.2065217391304,1027.554347826087
40,islamophobia,ses-01_run-02_order-03_content-islamophobia_chunk_0095.mp4,islamophobia,190,192,2,ses-01,run-02,282.675,243.835,472.675,2,1027.554347826087,1031.9021739130435
40,islamophobia,ses-01_run-02_order-03_content-islamophobia_chunk_0108.mp4,islamophobia,216,218,2,ses-01,run-02,282.675,243.835,498.675,2,1084.0760869565217,1088.4239130434783
40,islamophobia,ses-01_run-02_order-03_content-islamophobia_chunk_0106.mp4,islamophobia,212,214,2,ses-01,run-02,282.675,243.835,494.675,2,1075.3804347826087,1079.7282608695652
40,islamophobia,ses-01_run-02_order-03_content-islamophobia_chunk_0107.mp4,islamophobia,214,216,2,ses-01,run-02,282.675,243.835,496.675,2,1079.7282608695652,1084.0760869565217
40,islamophobia,ses-01_run-02_order-03_content-islamophobia_chunk_0109.mp4,islamophobia,218,220,2,ses-01,run-02,282.675,243.835,500.675,2,1088.4239130434783,1092.7717391304348
40,islamophobia,ses-01_run-02_order-03_content-islamophobia_chunk_0110.mp4,islamophobia,220,222,2,ses-01,run-02,282.675,243.835,502.675,2,1092.7717391304348,1097.1195652173913
40,islamophobia,ses-01_run-02_order-03_content-islamophobia_chunk_0111.mp4,islamophobia,222,224,2,ses-01,run-02,282.675,243.835,504.675,2,1097.1195652173913,1101.4673913043478
40,islamophobia,ses-01_run-02_order-03_content-islamophobia_chunk_0112.mp4,islamophobia,224,226,2,ses-01,run-02,282.675,243.835,506.675,2,1101.4673913043478,1105.8152173913043
40,islamophobia,ses-01_run-02_order-03_content-islamophobia_chunk_0119.mp4,islamophobia,238,240,2,ses-01,run-02,282.675,243.835,520.675,2,1131.9021739130433,1136.2499999999998
40,islamophobia,ses-01_run-02_order-03_content-islamophobia_chunk_0120.mp4,islamophobia,240,242,2,ses-01,run-02,282.675,243.835,522.675,2,1136.2499999999998,1140.5978260869563
40,islamophobia,ses-01_run-02_order-03_content-islamophobia_chunk_0117.mp4,islamophobia,234,236,2,ses-01,run-02,282.675,243.835,516.675,2,1123.2065217391303,1127.5543478260868
40,islamophobia,ses-01_run-02_order-03_content-islamophobia_chunk_0118.mp4,islamophobia,236,238,2,ses-01,run-02,282.675,243.835,518.675,2,1127.5543478260868,1131.9021739130433
40,islamophobia,ses-01_run-02_order-03_content-islamophobia_chunk_0115.mp4,islamophobia,230,232,2,ses-01,run-02,282.675,243.835,512.675,2,1114.5108695652173,1118.8586956521738
40,islamophobia,ses-01_run-02_order-03_content-islamophobia_chunk_0116.mp4,islamophobia,232,234,2,ses-01,run-02,282.675,243.835,514.675,2,1118.8586956521738,1123.2065217391303
40,islamophobia,ses-01_run-02_order-03_content-islamophobia_chunk_0113.mp4,islamophobia,226,228,2,ses-01,run-02,282.675,243.835,508.675,2,1105.8152173913043,1110.1630434782608
40,islamophobia,ses-01_run-02_order-03_content-islamophobia_chunk_0114.mp4,islamophobia,228,230,2,ses-01,run-02,282.675,243.835,510.675,2,1110.1630434782608,1114.5108695652173
40,islamophobia,ses-01_run-02_order-03_content-islamophobia_chunk_0092.mp4,islamophobia,184,186,2,ses-01,run-02,282.675,243.835,466.675,2,1014.5108695652174,1018.8586956521739
40,islamophobia,ses-01_run-02_order-03_content-islamophobia_chunk_0093.mp4,islamophobia,186,188,2,ses-01,run-02,282.675,243.835,468.675,2,1018.8586956521739,1023.2065217391304
40,islamophobia,ses-01_run-02_order-03_content-islamophobia_chunk_0089.mp4,islamophobia,178,180,2,ses-01,run-02,282.675,243.835,460.675,2,1001.4673913043478,1005.8152173913044
40,islamophobia,ses-01_run-02_order-03_content-islamophobia_chunk_0090.mp4,islamophobia,180,182,2,ses-01,run-02,282.675,243.835,462.675,2,1005.8152173913044,1010.1630434782609
40,islamophobia,ses-01_run-02_order-03_content-islamophobia_chunk_0091.mp4,islamophobia,182,184,2,ses-01,run-02,282.675,243.835,464.675,2,1010.1630434782609,1014.5108695652174
40,islamophobia,ses-01_run-02_order-03_content-islamophobia_chunk_0100.mp4,islamophobia,200,202,2,ses-01,run-02,282.675,243.835,482.675,2,1049.2934782608695,1053.641304347826
40,islamophobia,ses-01_run-02_order-03_content-islamophobia_chunk_0101.mp4,islamophobia,202,204,2,ses-01,run-02,282.675,243.835,484.675,2,1053.641304347826,1057.9891304347825
40,islamophobia,ses-01_run-02_order-03_content-islamophobia_chunk_0104.mp4,islamophobia,208,210,2,ses-01,run-02,282.675,243.835,490.675,2,1066.6847826086957,1071.0326086956522
40,islamophobia,ses-01_run-02_order-03_content-islamophobia_chunk_0105.mp4,islamophobia,210,212,2,ses-01,run-02,282.675,243.835,492.675,2,1071.0326086956522,1075.3804347826087
40,islamophobia,ses-01_run-02_order-03_content-islamophobia_chunk_0102.mp4,islamophobia,204,206,2,ses-01,run-02,282.675,243.835,486.675,2,1057.9891304347825,1062.336956521739
40,islamophobia,ses-01_run-02_order-03_content-islamophobia_chunk_0103.mp4,islamophobia,206,208,2,ses-01,run-02,282.675,243.835,488.675,2,1062.336956521739,1066.6847826086957
40,islamophobia,ses-01_run-02_order-03_content-islamophobia_chunk_0077.mp4,islamophobia,154,156,2,ses-01,run-02,282.675,243.835,436.675,2,949.2934782608695,953.6413043478261
40,islamophobia,ses-01_run-02_order-03_content-islamophobia_chunk_0078.mp4,islamophobia,156,158,2,ses-01,run-02,282.675,243.835,438.675,2,953.6413043478261,957.9891304347826
40,islamophobia,ses-01_run-02_order-03_content-islamophobia_chunk_0075.mp4,islamophobia,150,152,2,ses-01,run-02,282.675,243.835,432.675,2,940.5978260869565,944.945652173913
40,islamophobia,ses-01_run-02_order-03_content-islamophobia_chunk_0076.mp4,islamophobia,152,154,2,ses-01,run-02,282.675,243.835,434.675,2,944.945652173913,949.2934782608695
40,islamophobia,ses-01_run-02_order-03_content-islamophobia_chunk_0081.mp4,islamophobia,162,164,2,ses-01,run-02,282.675,243.835,444.675,2,966.6847826086956,971.0326086956521
40,islamophobia,ses-01_run-02_order-03_content-islamophobia_chunk_0079.mp4,islamophobia,158,160,2,ses-01,run-02,282.675,243.835,440.675,2,957.9891304347826,962.3369565217391
40,islamophobia,ses-01_run-02_order-03_content-islamophobia_chunk_0080.mp4,islamophobia,160,162,2,ses-01,run-02,282.675,243.835,442.675,2,962.3369565217391,966.6847826086956
40,islamophobia,ses-01_run-02_order-03_content-islamophobia_chunk_0088.mp4,islamophobia,176,178,2,ses-01,run-02,282.675,243.835,458.675,2,997.1195652173913,1001.4673913043478
40,islamophobia,ses-01_run-02_order-03_content-islamophobia_chunk_0085.mp4,islamophobia,170,172,2,ses-01,run-02,282.675,243.835,452.675,2,984.0760869565217,988.4239130434783
40,islamophobia,ses-01_run-02_order-03_content-islamophobia_chunk_0086.mp4,islamophobia,172,174,2,ses-01,run-02,282.675,243.835,454.675,2,988.4239130434783,992.7717391304348
40,islamophobia,ses-01_run-02_order-03_content-islamophobia_chunk_0087.mp4,islamophobia,174,176,2,ses-01,run-02,282.675,243.835,456.675,2,992.7717391304348,997.1195652173913
40,islamophobia,ses-01_run-02_order-03_content-islamophobia_chunk_0084.mp4,islamophobia,168,170,2,ses-01,run-02,282.675,243.835,450.675,2,979.7282608695652,984.0760869565217
40,islamophobia,ses-01_run-02_order-03_content-islamophobia_chunk_0082.mp4,islamophobia,164,166,2,ses-01,run-02,282.675,243.835,446.675,2,971.0326086956521,975.3804347826086
40,islamophobia,ses-01_run-02_order-03_content-islamophobia_chunk_0083.mp4,islamophobia,166,168,2,ses-01,run-02,282.675,243.835,448.675,2,975.3804347826086,979.7282608695652
40,islamophobia,ses-01_run-02_order-03_content-islamophobia_chunk_0043.mp4,islamophobia,86,88,2,ses-01,run-02,282.675,243.835,368.675,2,801.4673913043479,805.8152173913044
40,islamophobia,ses-01_run-02_order-03_content-islamophobia_chunk_0044.mp4,islamophobia,88,90,2,ses-01,run-02,282.675,243.835,370.675,2,805.8152173913044,810.1630434782609
40,islamophobia,ses-01_run-02_order-03_content-islamophobia_chunk_0048.mp4,islamophobia,96,98,2,ses-01,run-02,282.675,243.835,378.675,2,823.2065217391304,827.554347826087
40,islamophobia,ses-01_run-02_order-03_content-islamophobia_chunk_0049.mp4,islamophobia,98,100,2,ses-01,run-02,282.675,243.835,380.675,2,827.554347826087,831.9021739130435
40,islamophobia,ses-01_run-02_order-03_content-islamophobia_chunk_0045.mp4,islamophobia,90,92,2,ses-01,run-02,282.675,243.835,372.675,2,810.1630434782609,814.5108695652174
40,islamophobia,ses-01_run-02_order-03_content-islamophobia_chunk_0046.mp4,islamophobia,92,94,2,ses-01,run-02,282.675,243.835,374.675,2,814.5108695652174,818.8586956521739
40,islamophobia,ses-01_run-02_order-03_content-islamophobia_chunk_0047.mp4,islamophobia,94,96,2,ses-01,run-02,282.675,243.835,376.675,2,818.8586956521739,823.2065217391304
40,islamophobia,ses-01_run-02_order-03_content-islamophobia_chunk_0055.mp4,islamophobia,110,112,2,ses-01,run-02,282.675,243.835,392.675,2,853.6413043478261,857.9891304347826
40,islamophobia,ses-01_run-02_order-03_content-islamophobia_chunk_0056.mp4,islamophobia,112,114,2,ses-01,run-02,282.675,243.835,394.675,2,857.9891304347826,862.3369565217391
40,islamophobia,ses-01_run-02_order-03_content-islamophobia_chunk_0057.mp4,islamophobia,114,116,2,ses-01,run-02,282.675,243.835,396.675,2,862.3369565217391,866.6847826086956
40,islamophobia,ses-01_run-02_order-03_content-islamophobia_chunk_0058.mp4,islamophobia,116,118,2,ses-01,run-02,282.675,243.835,398.675,2,866.6847826086956,871.0326086956521
40,islamophobia,ses-01_run-02_order-03_content-islamophobia_chunk_0053.mp4,islamophobia,106,108,2,ses-01,run-02,282.675,243.835,388.675,2,844.945652173913,849.2934782608695
40,islamophobia,ses-01_run-02_order-03_content-islamophobia_chunk_0054.mp4,islamophobia,108,110,2,ses-01,run-02,282.675,243.835,390.675,2,849.2934782608695,853.6413043478261
40,islamophobia,ses-01_run-02_order-03_content-islamophobia_chunk_0052.mp4,islamophobia,104,106,2,ses-01,run-02,282.675,243.835,386.675,2,840.5978260869565,844.945652173913
40,islamophobia,ses-01_run-02_order-03_content-islamophobia_chunk_0050.mp4,islamophobia,100,102,2,ses-01,run-02,282.675,243.835,382.675,2,831.9021739130435,836.25
40,islamophobia,ses-01_run-02_order-03_content-islamophobia_chunk_0051.mp4,islamophobia,102,104,2,ses-01,run-02,282.675,243.835,384.675,2,836.25,840.5978260869565
40,islamophobia,ses-01_run-02_order-03_content-islamophobia_chunk_0059.mp4,islamophobia,118,120,2,ses-01,run-02,282.675,243.835,400.675,2,871.0326086956521,875.3804347826086
40,islamophobia,ses-01_run-02_order-03_content-islamophobia_chunk_0060.mp4,islamophobia,120,122,2,ses-01,run-02,282.675,243.835,402.675,2,875.3804347826086,879.7282608695652
40,islamophobia,ses-01_run-02_order-03_content-islamophobia_chunk_0061.mp4,islamophobia,122,124,2,ses-01,run-02,282.675,243.835,404.675,2,879.7282608695652,884.0760869565217
40,islamophobia,ses-01_run-02_order-03_content-islamophobia_chunk_0062.mp4,islamophobia,124,126,2,ses-01,run-02,282.675,243.835,406.675,2,884.0760869565217,888.4239130434783
40,islamophobia,ses-01_run-02_order-03_content-islamophobia_chunk_0063.mp4,islamophobia,126,128,2,ses-01,run-02,282.675,243.835,408.675,2,888.4239130434783,892.7717391304348
40,islamophobia,ses-01_run-02_order-03_content-islamophobia_chunk_0064.mp4,islamophobia,128,130,2,ses-01,run-02,282.675,243.835,410.675,2,892.7717391304348,897.1195652173913
40,islamophobia,ses-01_run-02_order-03_content-islamophobia_chunk_0065.mp4,islamophobia,130,132,2,ses-01,run-02,282.675,243.835,412.675,2,897.1195652173913,901.4673913043478
40,islamophobia,ses-01_run-02_order-03_content-islamophobia_chunk_0066.mp4,islamophobia,132,134,2,ses-01,run-02,282.675,243.835,414.675,2,901.4673913043478,905.8152173913044
40,islamophobia,ses-01_run-02_order-03_content-islamophobia_chunk_0067.mp4,islamophobia,134,136,2,ses-01,run-02,282.675,243.835,416.675,2,905.8152173913044,910.1630434782609
40,islamophobia,ses-01_run-02_order-03_content-islamophobia_chunk_0068.mp4,islamophobia,136,138,2,ses-01,run-02,282.675,243.835,418.675,2,910.1630434782609,914.5108695652174
40,islamophobia,ses-01_run-02_order-03_content-islamophobia_chunk_0074.mp4,islamophobia,148,150,2,ses-01,run-02,282.675,243.835,430.675,2,936.25,940.5978260869565
40,islamophobia,ses-01_run-02_order-03_content-islamophobia_chunk_0072.mp4,islamophobia,144,146,2,ses-01,run-02,282.675,243.835,426.675,2,927.554347826087,931.9021739130435
40,islamophobia,ses-01_run-02_order-03_content-islamophobia_chunk_0073.mp4,islamophobia,146,148,2,ses-01,run-02,282.675,243.835,428.675,2,931.9021739130435,936.25
40,islamophobia,ses-01_run-02_order-03_content-islamophobia_chunk_0069.mp4,islamophobia,138,140,2,ses-01,run-02,282.675,243.835,420.675,2,914.5108695652174,918.8586956521739
40,islamophobia,ses-01_run-02_order-03_content-islamophobia_chunk_0070.mp4,islamophobia,140,142,2,ses-01,run-02,282.675,243.835,422.675,2,918.8586956521739,923.2065217391304
40,islamophobia,ses-01_run-02_order-03_content-islamophobia_chunk_0071.mp4,islamophobia,142,144,2,ses-01,run-02,282.675,243.835,424.675,2,923.2065217391304,927.554347826087
41,giving+menrunning,ses-02_run-02_order-03_content-menrunning_chunk_0083.mp4,menrunning,166,168,2,ses-02,run-02,400.112,203.85,566.1120000000001,2,1230.6782608695653,1235.0260869565218
41,giving+menrunning,ses-02_run-02_order-03_content-menrunning_chunk_0084.mp4,menrunning,168,170,2,ses-02,run-02,400.112,203.85,568.1120000000001,2,1235.0260869565218,1239.3739130434783
41,giving+menrunning,ses-02_run-02_order-03_content-menrunning_chunk_0085.mp4,menrunning,170,172,2,ses-02,run-02,400.112,203.85,570.1120000000001,2,1239.3739130434783,1243.7217391304348
41,giving+menrunning,ses-02_run-02_order-03_content-menrunning_chunk_0088.mp4,menrunning,176,178,2,ses-02,run-02,400.112,203.85,576.1120000000001,2,1252.417391304348,1256.7652173913045
41,giving+menrunning,ses-02_run-02_order-03_content-menrunning_chunk_0086.mp4,menrunning,172,174,2,ses-02,run-02,400.112,203.85,572.1120000000001,2,1243.7217391304348,1248.0695652173915
41,giving+menrunning,ses-02_run-02_order-03_content-menrunning_chunk_0087.mp4,menrunning,174,176,2,ses-02,run-02,400.112,203.85,574.1120000000001,2,1248.0695652173915,1252.417391304348
41,giving+menrunning,ses-02_run-02_order-03_content-menrunning_chunk_0081.mp4,menrunning,162,164,2,ses-02,run-02,400.112,203.85,562.1120000000001,2,1221.9826086956523,1226.3304347826088
41,giving+menrunning,ses-02_run-02_order-03_content-menrunning_chunk_0082.mp4,menrunning,164,166,2,ses-02,run-02,400.112,203.85,564.1120000000001,2,1226.3304347826088,1230.6782608695653
41,giving+menrunning,ses-02_run-02_order-03_content-menrunning_chunk_0077.mp4,menrunning,154,156,2,ses-02,run-02,400.112,203.85,554.1120000000001,2,1204.5913043478263,1208.9391304347828
41,giving+menrunning,ses-02_run-02_order-03_content-menrunning_chunk_0078.mp4,menrunning,156,158,2,ses-02,run-02,400.112,203.85,556.1120000000001,2,1208.9391304347828,1213.2869565217393
41,giving+menrunning,ses-02_run-02_order-03_content-menrunning_chunk_0079.mp4,menrunning,158,160,2,ses-02,run-02,400.112,203.85,558.1120000000001,2,1213.2869565217393,1217.6347826086958
41,giving+menrunning,ses-02_run-02_order-03_content-menrunning_chunk_0080.mp4,menrunning,160,162,2,ses-02,run-02,400.112,203.85,560.1120000000001,2,1217.6347826086958,1221.9826086956523
41,giving+menrunning,ses-02_run-02_order-03_content-menrunning_chunk_0094.mp4,menrunning,188,190,2,ses-02,run-02,400.112,203.85,588.1120000000001,2,1278.504347826087,1282.8521739130435
41,giving+menrunning,ses-02_run-02_order-03_content-menrunning_chunk_0095.mp4,menrunning,190,192,2,ses-02,run-02,400.112,203.85,590.1120000000001,2,1282.8521739130435,1287.2
41,giving+menrunning,ses-02_run-02_order-03_content-menrunning_chunk_0099.mp4,menrunning,198,200,2,ses-02,run-02,400.112,203.85,598.1120000000001,2,1300.2434782608698,1304.5913043478263
41,giving+menrunning,ses-02_run-02_order-03_content-menrunning_chunk_0096.mp4,menrunning,192,194,2,ses-02,run-02,400.112,203.85,592.1120000000001,2,1287.2,1291.5478260869565
41,giving+menrunning,ses-02_run-02_order-03_content-menrunning_chunk_0097.mp4,menrunning,194,196,2,ses-02,run-02,400.112,203.85,594.1120000000001,2,1291.5478260869565,1295.895652173913
41,giving+menrunning,ses-02_run-02_order-03_content-menrunning_chunk_0098.mp4,menrunning,196,198,2,ses-02,run-02,400.112,203.85,596.1120000000001,2,1295.895652173913,1300.2434782608698
41,giving+menrunning,ses-02_run-02_order-03_content-menrunning_chunk_0091.mp4,menrunning,182,184,2,ses-02,run-02,400.112,203.85,582.1120000000001,2,1265.4608695652175,1269.808695652174
41,giving+menrunning,ses-02_run-02_order-03_content-menrunning_chunk_0092.mp4,menrunning,184,186,2,ses-02,run-02,400.112,203.85,584.1120000000001,2,1269.808695652174,1274.1565217391305
41,giving+menrunning,ses-02_run-02_order-03_content-menrunning_chunk_0093.mp4,menrunning,186,188,2,ses-02,run-02,400.112,203.85,586.1120000000001,2,1274.1565217391305,1278.504347826087
41,giving+menrunning,ses-02_run-02_order-03_content-menrunning_chunk_0100.mp4,menrunning,200,202,2,ses-02,run-02,400.112,203.85,600.1120000000001,2,1304.5913043478263,1308.9391304347828
41,giving+menrunning,ses-02_run-02_order-03_content-menrunning_chunk_0089.mp4,menrunning,178,180,2,ses-02,run-02,400.112,203.85,578.1120000000001,2,1256.7652173913045,1261.113043478261
41,giving+menrunning,ses-02_run-02_order-03_content-menrunning_chunk_0090.mp4,menrunning,180,182,2,ses-02,run-02,400.112,203.85,580.1120000000001,2,1261.113043478261,1265.4608695652175
41,giving+menrunning,ses-02_run-02_order-03_content-menrunning_chunk_0053.mp4,menrunning,106,108,2,ses-02,run-02,400.112,203.85,506.112,2,1100.2434782608696,1104.591304347826
41,giving+menrunning,ses-02_run-02_order-03_content-menrunning_chunk_0056.mp4,menrunning,112,114,2,ses-02,run-02,400.112,203.85,512.1120000000001,2,1113.2869565217393,1117.6347826086958
41,giving+menrunning,ses-02_run-02_order-03_content-menrunning_chunk_0054.mp4,menrunning,108,110,2,ses-02,run-02,400.112,203.85,508.112,2,1104.591304347826,1108.9391304347826
41,giving+menrunning,ses-02_run-02_order-03_content-menrunning_chunk_0055.mp4,menrunning,110,112,2,ses-02,run-02,400.112,203.85,510.112,2,1108.9391304347826,1113.2869565217393
41,giving+menrunning,ses-02_run-02_order-03_content-menrunning_chunk_0057.mp4,menrunning,114,116,2,ses-02,run-02,400.112,203.85,514.1120000000001,2,1117.6347826086958,1121.9826086956523
41,giving+menrunning,ses-02_run-02_order-03_content-menrunning_chunk_0058.mp4,menrunning,116,118,2,ses-02,run-02,400.112,203.85,516.1120000000001,2,1121.9826086956523,1126.3304347826088
41,giving+menrunning,ses-02_run-02_order-03_content-menrunning_chunk_0059.mp4,menrunning,118,120,2,ses-02,run-02,400.112,203.85,518.1120000000001,2,1126.3304347826088,1130.6782608695653
41,giving+menrunning,ses-02_run-02_order-03_content-menrunning_chunk_0060.mp4,menrunning,120,122,2,ses-02,run-02,400.112,203.85,520.1120000000001,2,1130.6782608695653,1135.0260869565218
41,giving+menrunning,ses-02_run-02_order-03_content-menrunning_chunk_0072.mp4,menrunning,144,146,2,ses-02,run-02,400.112,203.85,544.1120000000001,2,1182.8521739130435,1187.2
41,giving+menrunning,ses-02_run-02_order-03_content-menrunning_chunk_0073.mp4,menrunning,146,148,2,ses-02,run-02,400.112,203.85,546.1120000000001,2,1187.2,1191.5478260869565
41,giving+menrunning,ses-02_run-02_order-03_content-menrunning_chunk_0076.mp4,menrunning,152,154,2,ses-02,run-02,400.112,203.85,552.1120000000001,2,1200.2434782608698,1204.5913043478263
41,giving+menrunning,ses-02_run-02_order-03_content-menrunning_chunk_0074.mp4,menrunning,148,150,2,ses-02,run-02,400.112,203.85,548.1120000000001,2,1191.5478260869565,1195.8956521739133
41,giving+menrunning,ses-02_run-02_order-03_content-menrunning_chunk_0075.mp4,menrunning,150,152,2,ses-02,run-02,400.112,203.85,550.1120000000001,2,1195.8956521739133,1200.2434782608698
41,giving+menrunning,ses-02_run-02_order-03_content-menrunning_chunk_0063.mp4,menrunning,126,128,2,ses-02,run-02,400.112,203.85,526.1120000000001,2,1143.7217391304348,1148.0695652173915
41,giving+menrunning,ses-02_run-02_order-03_content-menrunning_chunk_0064.mp4,menrunning,128,130,2,ses-02,run-02,400.112,203.85,528.1120000000001,2,1148.0695652173915,1152.417391304348
41,giving+menrunning,ses-02_run-02_order-03_content-menrunning_chunk_0061.mp4,menrunning,122,124,2,ses-02,run-02,400.112,203.85,522.1120000000001,2,1135.0260869565218,1139.3739130434783
41,giving+menrunning,ses-02_run-02_order-03_content-menrunning_chunk_0062.mp4,menrunning,124,126,2,ses-02,run-02,400.112,203.85,524.1120000000001,2,1139.3739130434783,1143.7217391304348
41,giving+menrunning,ses-02_run-02_order-03_content-menrunning_chunk_0069.mp4,menrunning,138,140,2,ses-02,run-02,400.112,203.85,538.1120000000001,2,1169.808695652174,1174.1565217391305
41,giving+menrunning,ses-02_run-02_order-03_content-menrunning_chunk_0070.mp4,menrunning,140,142,2,ses-02,run-02,400.112,203.85,540.1120000000001,2,1174.1565217391305,1178.504347826087
41,giving+menrunning,ses-02_run-02_order-03_content-menrunning_chunk_0071.mp4,menrunning,142,144,2,ses-02,run-02,400.112,203.85,542.1120000000001,2,1178.504347826087,1182.8521739130435
41,giving+menrunning,ses-02_run-02_order-03_content-menrunning_chunk_0065.mp4,menrunning,130,132,2,ses-02,run-02,400.112,203.85,530.1120000000001,2,1152.417391304348,1156.7652173913045
41,giving+menrunning,ses-02_run-02_order-03_content-menrunning_chunk_0066.mp4,menrunning,132,134,2,ses-02,run-02,400.112,203.85,532.1120000000001,2,1156.7652173913045,1161.113043478261
41,giving+menrunning,ses-02_run-02_order-03_content-menrunning_chunk_0067.mp4,menrunning,134,136,2,ses-02,run-02,400.112,203.85,534.1120000000001,2,1161.113043478261,1165.4608695652175
41,giving+menrunning,ses-02_run-02_order-03_content-menrunning_chunk_0068.mp4,menrunning,136,138,2,ses-02,run-02,400.112,203.85,536.1120000000001,2,1165.4608695652175,1169.808695652174
41,giving+menrunning,ses-02_run-02_order-03_content-menrunning_chunk_0025.mp4,menrunning,50,52,2,ses-02,run-02,400.112,203.85,450.112,2,978.5043478260869,982.8521739130434
41,giving+menrunning,ses-02_run-02_order-03_content-menrunning_chunk_0026.mp4,menrunning,52,54,2,ses-02,run-02,400.112,203.85,452.112,2,982.8521739130434,987.2
41,giving+menrunning,ses-02_run-02_order-03_content-menrunning_chunk_0023.mp4,menrunning,46,48,2,ses-02,run-02,400.112,203.85,446.112,2,969.8086956521739,974.1565217391304
41,giving+menrunning,ses-02_run-02_order-03_content-menrunning_chunk_0024.mp4,menrunning,48,50,2,ses-02,run-02,400.112,203.85,448.112,2,974.1565217391304,978.5043478260869
41,giving+menrunning,ses-02_run-02_order-03_content-menrunning_chunk_0018.mp4,menrunning,36,38,2,ses-02,run-02,400.112,203.85,436.112,2,948.0695652173913,952.4173913043478
41,giving+menrunning,ses-02_run-02_order-03_content-menrunning_chunk_0022.mp4,menrunning,44,46,2,ses-02,run-02,400.112,203.85,444.112,2,965.4608695652174,969.8086956521739
41,giving+menrunning,ses-02_run-02_order-03_content-menrunning_chunk_0019.mp4,menrunning,38,40,2,ses-02,run-02,400.112,203.85,438.112,2,952.4173913043478,956.7652173913043
41,giving+menrunning,ses-02_run-02_order-03_content-menrunning_chunk_0020.mp4,menrunning,40,42,2,ses-02,run-02,400.112,203.85,440.112,2,956.7652173913043,961.1130434782609
41,giving+menrunning,ses-02_run-02_order-03_content-menrunning_chunk_0021.mp4,menrunning,42,44,2,ses-02,run-02,400.112,203.85,442.112,2,961.1130434782609,965.4608695652174
41,giving+menrunning,ses-02_run-02_order-03_content-menrunning_chunk_0016.mp4,menrunning,32,34,2,ses-02,run-02,400.112,203.85,432.112,2,939.3739130434783,943.7217391304348
41,giving+menrunning,ses-02_run-02_order-03_content-menrunning_chunk_0017.mp4,menrunning,34,36,2,ses-02,run-02,400.112,203.85,434.112,2,943.7217391304348,948.0695652173913
41,giving+menrunning,ses-02_run-02_order-03_content-menrunning_chunk_0013.mp4,menrunning,26,28,2,ses-02,run-02,400.112,203.85,426.112,2,926.3304347826087,930.6782608695652
41,giving+menrunning,ses-02_run-02_order-03_content-menrunning_chunk_0014.mp4,menrunning,28,30,2,ses-02,run-02,400.112,203.85,428.112,2,930.6782608695652,935.0260869565218
41,giving+menrunning,ses-02_run-02_order-03_content-menrunning_chunk_0015.mp4,menrunning,30,32,2,ses-02,run-02,400.112,203.85,430.112,2,935.0260869565218,939.3739130434783
41,giving+menrunning,ses-02_run-02_order-03_content-menrunning_chunk_0037.mp4,menrunning,74,76,2,ses-02,run-02,400.112,203.85,474.112,2,1030.6782608695653,1035.0260869565218
41,giving+menrunning,ses-02_run-02_order-03_content-menrunning_chunk_0034.mp4,menrunning,68,70,2,ses-02,run-02,400.112,203.85,468.112,2,1017.6347826086957,1021.9826086956522
41,giving+menrunning,ses-02_run-02_order-03_content-menrunning_chunk_0035.mp4,menrunning,70,72,2,ses-02,run-02,400.112,203.85,470.112,2,1021.9826086956522,1026.3304347826088
41,giving+menrunning,ses-02_run-02_order-03_content-menrunning_chunk_0036.mp4,menrunning,72,74,2,ses-02,run-02,400.112,203.85,472.112,2,1026.3304347826088,1030.6782608695653
41,giving+menrunning,ses-02_run-02_order-03_content-menrunning_chunk_0029.mp4,menrunning,58,60,2,ses-02,run-02,400.112,203.85,458.112,2,995.895652173913,1000.2434782608696
41,giving+menrunning,ses-02_run-02_order-03_content-menrunning_chunk_0027.mp4,menrunning,54,56,2,ses-02,run-02,400.112,203.85,454.112,2,987.2,991.5478260869565
41,giving+menrunning,ses-02_run-02_order-03_content-menrunning_chunk_0028.mp4,menrunning,56,58,2,ses-02,run-02,400.112,203.85,456.112,2,991.5478260869565,995.895652173913
41,giving+menrunning,ses-02_run-02_order-03_content-menrunning_chunk_0032.mp4,menrunning,64,66,2,ses-02,run-02,400.112,203.85,464.112,2,1008.9391304347827,1013.2869565217392
41,giving+menrunning,ses-02_run-02_order-03_content-menrunning_chunk_0033.mp4,menrunning,66,68,2,ses-02,run-02,400.112,203.85,466.112,2,1013.2869565217392,1017.6347826086957
41,giving+menrunning,ses-02_run-02_order-03_content-menrunning_chunk_0030.mp4,menrunning,60,62,2,ses-02,run-02,400.112,203.85,460.112,2,1000.2434782608696,1004.591304347826
41,giving+menrunning,ses-02_run-02_order-03_content-menrunning_chunk_0031.mp4,menrunning,62,64,2,ses-02,run-02,400.112,203.85,462.112,2,1004.591304347826,1008.9391304347827
41,giving+menrunning,ses-02_run-02_order-03_content-menrunning_chunk_0052.mp4,menrunning,104,106,2,ses-02,run-02,400.112,203.85,504.112,2,1095.895652173913,1100.2434782608696
41,giving+menrunning,ses-02_run-02_order-03_content-menrunning_chunk_0050.mp4,menrunning,100,102,2,ses-02,run-02,400.112,203.85,500.112,2,1087.2,1091.5478260869565
41,giving+menrunning,ses-02_run-02_order-03_content-menrunning_chunk_0051.mp4,menrunning,102,104,2,ses-02,run-02,400.112,203.85,502.112,2,1091.5478260869565,1095.895652173913
41,giving+menrunning,ses-02_run-02_order-03_content-menrunning_chunk_0048.mp4,menrunning,96,98,2,ses-02,run-02,400.112,203.85,496.112,2,1078.504347826087,1082.8521739130435
41,giving+menrunning,ses-02_run-02_order-03_content-menrunning_chunk_0049.mp4,menrunning,98,100,2,ses-02,run-02,400.112,203.85,498.112,2,1082.8521739130435,1087.2
41,giving+menrunning,ses-02_run-02_order-03_content-menrunning_chunk_0046.mp4,menrunning,92,94,2,ses-02,run-02,400.112,203.85,492.112,2,1069.8086956521738,1074.1565217391305
41,giving+menrunning,ses-02_run-02_order-03_content-menrunning_chunk_0047.mp4,menrunning,94,96,2,ses-02,run-02,400.112,203.85,494.112,2,1074.1565217391305,1078.504347826087
41,giving+menrunning,ses-02_run-02_order-03_content-menrunning_chunk_0045.mp4,menrunning,90,92,2,ses-02,run-02,400.112,203.85,490.112,2,1065.4608695652173,1069.8086956521738
41,giving+menrunning,ses-02_run-02_order-03_content-menrunning_chunk_0043.mp4,menrunning,86,88,2,ses-02,run-02,400.112,203.85,486.112,2,1056.7652173913043,1061.1130434782608
41,giving+menrunning,ses-02_run-02_order-03_content-menrunning_chunk_0044.mp4,menrunning,88,90,2,ses-02,run-02,400.112,203.85,488.112,2,1061.1130434782608,1065.4608695652173
41,giving+menrunning,ses-02_run-02_order-03_content-menrunning_chunk_0038.mp4,menrunning,76,78,2,ses-02,run-02,400.112,203.85,476.112,2,1035.0260869565218,1039.3739130434783
41,giving+menrunning,ses-02_run-02_order-03_content-menrunning_chunk_0039.mp4,menrunning,78,80,2,ses-02,run-02,400.112,203.85,478.112,2,1039.3739130434783,1043.7217391304348
41,giving+menrunning,ses-02_run-02_order-03_content-menrunning_chunk_0042.mp4,menrunning,84,86,2,ses-02,run-02,400.112,203.85,484.112,2,1052.4173913043478,1056.7652173913043
41,giving+menrunning,ses-02_run-02_order-03_content-menrunning_chunk_0040.mp4,menrunning,80,82,2,ses-02,run-02,400.112,203.85,480.112,2,1043.7217391304348,1048.0695652173913
41,giving+menrunning,ses-02_run-02_order-03_content-menrunning_chunk_0041.mp4,menrunning,82,84,2,ses-02,run-02,400.112,203.85,482.112,2,1048.0695652173913,1052.4173913043478
41,giving+menrunning,ses-02_run-02_order-04_content-giving_chunk_0020.mp4,giving,40,42,2,ses-02,run-02,639.169,177.478,679.169,2,1476.4543478260869,1480.8021739130434
41,giving+menrunning,ses-02_run-02_order-04_content-giving_chunk_0018.mp4,giving,36,38,2,ses-02,run-02,639.169,177.478,675.169,2,1467.7586956521739,1472.1065217391304
41,giving+menrunning,ses-02_run-02_order-04_content-giving_chunk_0019.mp4,giving,38,40,2,ses-02,run-02,639.169,177.478,677.169,2,1472.1065217391304,1476.4543478260869
41,giving+menrunning,ses-02_run-02_order-04_content-giving_chunk_0013.mp4,giving,26,28,2,ses-02,run-02,639.169,177.478,665.169,2,1446.0195652173911,1450.3673913043476
41,giving+menrunning,ses-02_run-02_order-04_content-giving_chunk_0014.mp4,giving,28,30,2,ses-02,run-02,639.169,177.478,667.169,2,1450.3673913043476,1454.7152173913043
41,giving+menrunning,ses-02_run-02_order-04_content-giving_chunk_0017.mp4,giving,34,36,2,ses-02,run-02,639.169,177.478,673.169,2,1463.4108695652174,1467.7586956521739
41,giving+menrunning,ses-02_run-02_order-04_content-giving_chunk_0015.mp4,giving,30,32,2,ses-02,run-02,639.169,177.478,669.169,2,1454.7152173913043,1459.0630434782609
41,giving+menrunning,ses-02_run-02_order-04_content-giving_chunk_0016.mp4,giving,32,34,2,ses-02,run-02,639.169,177.478,671.169,2,1459.0630434782609,1463.4108695652174
41,giving+menrunning,ses-02_run-02_order-04_content-giving_chunk_0000.mp4,giving,0,2,2,ses-02,run-02,639.169,177.478,639.169,2,1389.4978260869564,1393.8456521739129
41,giving+menrunning,ses-02_run-02_order-04_content-giving_chunk_0001.mp4,giving,2,4,2,ses-02,run-02,639.169,177.478,641.169,2,1393.8456521739129,1398.1934782608694
41,giving+menrunning,ses-02_run-02_order-04_content-giving_chunk_0002.mp4,giving,4,6,2,ses-02,run-02,639.169,177.478,643.169,2,1398.1934782608694,1402.541304347826
41,giving+menrunning,ses-02_run-02_order-04_content-giving_chunk_0003.mp4,giving,6,8,2,ses-02,run-02,639.169,177.478,645.169,2,1402.541304347826,1406.8891304347826
41,giving+menrunning,ses-02_run-02_order-04_content-giving_chunk_0004.mp4,giving,8,10,2,ses-02,run-02,639.169,177.478,647.169,2,1406.8891304347826,1411.236956521739
41,giving+menrunning,ses-02_run-02_order-04_content-giving_chunk_0005.mp4,giving,10,12,2,ses-02,run-02,639.169,177.478,649.169,2,1411.236956521739,1415.5847826086956
41,giving+menrunning,ses-02_run-02_order-04_content-giving_chunk_0006.mp4,giving,12,14,2,ses-02,run-02,639.169,177.478,651.169,2,1415.5847826086956,1419.932608695652
41,giving+menrunning,ses-02_run-02_order-04_content-giving_chunk_0007.mp4,giving,14,16,2,ses-02,run-02,639.169,177.478,653.169,2,1419.932608695652,1424.2804347826086
41,giving+menrunning,ses-02_run-02_order-04_content-giving_chunk_0011.mp4,giving,22,24,2,ses-02,run-02,639.169,177.478,661.169,2,1437.3239130434781,1441.6717391304346
41,giving+menrunning,ses-02_run-02_order-04_content-giving_chunk_0012.mp4,giving,24,26,2,ses-02,run-02,639.169,177.478,663.169,2,1441.6717391304346,1446.0195652173911
41,giving+menrunning,ses-02_run-02_order-04_content-giving_chunk_0008.mp4,giving,16,18,2,ses-02,run-02,639.169,177.478,655.169,2,1424.2804347826086,1428.628260869565
41,giving+menrunning,ses-02_run-02_order-04_content-giving_chunk_0009.mp4,giving,18,20,2,ses-02,run-02,639.169,177.478,657.169,2,1428.628260869565,1432.9760869565216
41,giving+menrunning,ses-02_run-02_order-04_content-giving_chunk_0010.mp4,giving,20,22,2,ses-02,run-02,639.169,177.478,659.169,2,1432.9760869565216,1437.3239130434781
41,giving+menrunning,ses-02_run-02_order-04_content-giving_chunk_0086.mp4,giving,172,174,2,ses-02,run-02,639.169,177.478,811.169,2,1763.4108695652174,1767.7586956521739
41,giving+menrunning,ses-02_run-02_order-04_content-giving_chunk_0087.mp4,giving,174,176,2,ses-02,run-02,639.169,177.478,813.169,2,1767.7586956521739,1772.1065217391304
41,giving+menrunning,ses-02_run-02_order-04_content-giving_chunk_0083.mp4,giving,166,168,2,ses-02,run-02,639.169,177.478,805.169,2,1750.3673913043476,1754.7152173913041
41,giving+menrunning,ses-02_run-02_order-04_content-giving_chunk_0084.mp4,giving,168,170,2,ses-02,run-02,639.169,177.478,807.169,2,1754.7152173913041,1759.0630434782609
41,giving+menrunning,ses-02_run-02_order-04_content-giving_chunk_0085.mp4,giving,170,172,2,ses-02,run-02,639.169,177.478,809.169,2,1759.0630434782609,1763.4108695652174
41,giving+menrunning,ses-02_run-02_order-04_content-giving_chunk_0081.mp4,giving,162,164,2,ses-02,run-02,639.169,177.478,801.169,2,1741.6717391304346,1746.0195652173911
41,giving+menrunning,ses-02_run-02_order-04_content-giving_chunk_0082.mp4,giving,164,166,2,ses-02,run-02,639.169,177.478,803.169,2,1746.0195652173911,1750.3673913043476
41,giving+menrunning,ses-02_run-02_order-04_content-giving_chunk_0079.mp4,giving,158,160,2,ses-02,run-02,639.169,177.478,797.169,2,1732.9760869565216,1737.3239130434781
41,giving+menrunning,ses-02_run-02_order-04_content-giving_chunk_0080.mp4,giving,160,162,2,ses-02,run-02,639.169,177.478,799.169,2,1737.3239130434781,1741.6717391304346
41,giving+menrunning,ses-02_run-02_order-04_content-giving_chunk_0077.mp4,giving,154,156,2,ses-02,run-02,639.169,177.478,793.169,2,1724.2804347826086,1728.628260869565
41,giving+menrunning,ses-02_run-02_order-04_content-giving_chunk_0078.mp4,giving,156,158,2,ses-02,run-02,639.169,177.478,795.169,2,1728.628260869565,1732.9760869565216
41,giving+menrunning,ses-02_run-02_order-04_content-giving_chunk_0075.mp4,giving,150,152,2,ses-02,run-02,639.169,177.478,789.169,2,1715.5847826086956,1719.932608695652
41,giving+menrunning,ses-02_run-02_order-04_content-giving_chunk_0076.mp4,giving,152,154,2,ses-02,run-02,639.169,177.478,791.169,2,1719.932608695652,1724.2804347826086
41,giving+menrunning,ses-02_run-02_order-04_content-giving_chunk_0055.mp4,giving,110,112,2,ses-02,run-02,639.169,177.478,749.169,2,1628.628260869565,1632.9760869565216
41,giving+menrunning,ses-02_run-02_order-04_content-giving_chunk_0056.mp4,giving,112,114,2,ses-02,run-02,639.169,177.478,751.169,2,1632.9760869565216,1637.3239130434781
41,giving+menrunning,ses-02_run-02_order-04_content-giving_chunk_0060.mp4,giving,120,122,2,ses-02,run-02,639.169,177.478,759.169,2,1650.3673913043476,1654.7152173913043
41,giving+menrunning,ses-02_run-02_order-04_content-giving_chunk_0057.mp4,giving,114,116,2,ses-02,run-02,639.169,177.478,753.169,2,1637.3239130434781,1641.6717391304346
41,giving+menrunning,ses-02_run-02_order-04_content-giving_chunk_0058.mp4,giving,116,118,2,ses-02,run-02,639.169,177.478,755.169,2,1641.6717391304346,1646.0195652173911
41,giving+menrunning,ses-02_run-02_order-04_content-giving_chunk_0059.mp4,giving,118,120,2,ses-02,run-02,639.169,177.478,757.169,2,1646.0195652173911,1650.3673913043476
41,giving+menrunning,ses-02_run-02_order-04_content-giving_chunk_0053.mp4,giving,106,108,2,ses-02,run-02,639.169,177.478,745.169,2,1619.932608695652,1624.2804347826086
41,giving+menrunning,ses-02_run-02_order-04_content-giving_chunk_0054.mp4,giving,108,110,2,ses-02,run-02,639.169,177.478,747.169,2,1624.2804347826086,1628.628260869565
41,giving+menrunning,ses-02_run-02_order-04_content-giving_chunk_0051.mp4,giving,102,104,2,ses-02,run-02,639.169,177.478,741.169,2,1611.236956521739,1615.5847826086956
41,giving+menrunning,ses-02_run-02_order-04_content-giving_chunk_0052.mp4,giving,104,106,2,ses-02,run-02,639.169,177.478,743.169,2,1615.5847826086956,1619.932608695652
41,giving+menrunning,ses-02_run-02_order-04_content-giving_chunk_0071.mp4,giving,142,144,2,ses-02,run-02,639.169,177.478,781.169,2,1698.1934782608694,1702.5413043478259
41,giving+menrunning,ses-02_run-02_order-04_content-giving_chunk_0072.mp4,giving,144,146,2,ses-02,run-02,639.169,177.478,783.169,2,1702.5413043478259,1706.8891304347826
41,giving+menrunning,ses-02_run-02_order-04_content-giving_chunk_0073.mp4,giving,146,148,2,ses-02,run-02,639.169,177.478,785.169,2,1706.8891304347826,1711.236956521739
41,giving+menrunning,ses-02_run-02_order-04_content-giving_chunk_0074.mp4,giving,148,150,2,ses-02,run-02,639.169,177.478,787.169,2,1711.236956521739,1715.5847826086956
41,giving+menrunning,ses-02_run-02_order-04_content-giving_chunk_0070.mp4,giving,140,142,2,ses-02,run-02,639.169,177.478,779.169,2,1693.8456521739129,1698.1934782608694
41,giving+menrunning,ses-02_run-02_order-04_content-giving_chunk_0068.mp4,giving,136,138,2,ses-02,run-02,639.169,177.478,775.169,2,1685.1499999999999,1689.4978260869564
41,giving+menrunning,ses-02_run-02_order-04_content-giving_chunk_0069.mp4,giving,138,140,2,ses-02,run-02,639.169,177.478,777.169,2,1689.4978260869564,1693.8456521739129
41,giving+menrunning,ses-02_run-02_order-04_content-giving_chunk_0063.mp4,giving,126,128,2,ses-02,run-02,639.169,177.478,765.169,2,1663.4108695652174,1667.7586956521739
41,giving+menrunning,ses-02_run-02_order-04_content-giving_chunk_0061.mp4,giving,122,124,2,ses-02,run-02,639.169,177.478,761.169,2,1654.7152173913043,1659.0630434782609
41,giving+menrunning,ses-02_run-02_order-04_content-giving_chunk_0062.mp4,giving,124,126,2,ses-02,run-02,639.169,177.478,763.169,2,1659.0630434782609,1663.4108695652174
41,giving+menrunning,ses-02_run-02_order-04_content-giving_chunk_0064.mp4,giving,128,130,2,ses-02,run-02,639.169,177.478,767.169,2,1667.7586956521739,1672.1065217391304
41,giving+menrunning,ses-02_run-02_order-04_content-giving_chunk_0065.mp4,giving,130,132,2,ses-02,run-02,639.169,177.478,769.169,2,1672.1065217391304,1676.4543478260869
41,giving+menrunning,ses-02_run-02_order-04_content-giving_chunk_0066.mp4,giving,132,134,2,ses-02,run-02,639.169,177.478,771.169,2,1676.4543478260869,1680.8021739130434
41,giving+menrunning,ses-02_run-02_order-04_content-giving_chunk_0067.mp4,giving,134,136,2,ses-02,run-02,639.169,177.478,773.169,2,1680.8021739130434,1685.1499999999999
41,giving+menrunning,ses-02_run-02_order-04_content-giving_chunk_0049.mp4,giving,98,100,2,ses-02,run-02,639.169,177.478,737.169,2,1602.5413043478259,1606.8891304347826
41,giving+menrunning,ses-02_run-02_order-04_content-giving_chunk_0050.mp4,giving,100,102,2,ses-02,run-02,639.169,177.478,739.169,2,1606.8891304347826,1611.236956521739
41,giving+menrunning,ses-02_run-02_order-04_content-giving_chunk_0047.mp4,giving,94,96,2,ses-02,run-02,639.169,177.478,733.169,2,1593.8456521739129,1598.1934782608694
41,giving+menrunning,ses-02_run-02_order-04_content-giving_chunk_0048.mp4,giving,96,98,2,ses-02,run-02,639.169,177.478,735.169,2,1598.1934782608694,1602.5413043478259
41,giving+menrunning,ses-02_run-02_order-04_content-giving_chunk_0042.mp4,giving,84,86,2,ses-02,run-02,639.169,177.478,723.169,2,1572.1065217391304,1576.4543478260869
41,giving+menrunning,ses-02_run-02_order-04_content-giving_chunk_0043.mp4,giving,86,88,2,ses-02,run-02,639.169,177.478,725.169,2,1576.4543478260869,1580.8021739130434
41,giving+menrunning,ses-02_run-02_order-04_content-giving_chunk_0046.mp4,giving,92,94,2,ses-02,run-02,639.169,177.478,731.169,2,1589.4978260869564,1593.8456521739129
41,giving+menrunning,ses-02_run-02_order-04_content-giving_chunk_0044.mp4,giving,88,90,2,ses-02,run-02,639.169,177.478,727.169,2,1580.8021739130434,1585.1499999999999
41,giving+menrunning,ses-02_run-02_order-04_content-giving_chunk_0045.mp4,giving,90,92,2,ses-02,run-02,639.169,177.478,729.169,2,1585.1499999999999,1589.4978260869564
41,giving+menrunning,ses-02_run-02_order-04_content-giving_chunk_0038.mp4,giving,76,78,2,ses-02,run-02,639.169,177.478,715.169,2,1554.7152173913043,1559.0630434782609
41,giving+menrunning,ses-02_run-02_order-04_content-giving_chunk_0039.mp4,giving,78,80,2,ses-02,run-02,639.169,177.478,717.169,2,1559.0630434782609,1563.4108695652174
41,giving+menrunning,ses-02_run-02_order-04_content-giving_chunk_0040.mp4,giving,80,82,2,ses-02,run-02,639.169,177.478,719.169,2,1563.4108695652174,1567.7586956521739
41,giving+menrunning,ses-02_run-02_order-04_content-giving_chunk_0041.mp4,giving,82,84,2,ses-02,run-02,639.169,177.478,721.169,2,1567.7586956521739,1572.1065217391304
41,giving+menrunning,ses-02_run-02_order-04_content-giving_chunk_0021.mp4,giving,42,44,2,ses-02,run-02,639.169,177.478,681.169,2,1480.8021739130434,1485.1499999999999
41,giving+menrunning,ses-02_run-02_order-04_content-giving_chunk_0022.mp4,giving,44,46,2,ses-02,run-02,639.169,177.478,683.169,2,1485.1499999999999,1489.4978260869564
41,giving+menrunning,ses-02_run-02_order-04_content-giving_chunk_0023.mp4,giving,46,48,2,ses-02,run-02,639.169,177.478,685.169,2,1489.4978260869564,1493.8456521739129
41,giving+menrunning,ses-02_run-02_order-04_content-giving_chunk_0024.mp4,giving,48,50,2,ses-02,run-02,639.169,177.478,687.169,2,1493.8456521739129,1498.1934782608694
41,giving+menrunning,ses-02_run-02_order-04_content-giving_chunk_0025.mp4,giving,50,52,2,ses-02,run-02,639.169,177.478,689.169,2,1498.1934782608694,1502.5413043478259
41,giving+menrunning,ses-02_run-02_order-04_content-giving_chunk_0026.mp4,giving,52,54,2,ses-02,run-02,639.169,177.478,691.169,2,1502.5413043478259,1506.8891304347826
41,giving+menrunning,ses-02_run-02_order-04_content-giving_chunk_0027.mp4,giving,54,56,2,ses-02,run-02,639.169,177.478,693.169,2,1506.8891304347826,1511.236956521739
41,giving+menrunning,ses-02_run-02_order-04_content-giving_chunk_0036.mp4,giving,72,74,2,ses-02,run-02,639.169,177.478,711.169,2,1546.0195652173911,1550.3673913043476
41,giving+menrunning,ses-02_run-02_order-04_content-giving_chunk_0037.mp4,giving,74,76,2,ses-02,run-02,639.169,177.478,713.169,2,1550.3673913043476,1554.7152173913043
41,giving+menrunning,ses-02_run-02_order-04_content-giving_chunk_0034.mp4,giving,68,70,2,ses-02,run-02,639.169,177.478,707.169,2,1537.3239130434781,1541.6717391304346
41,giving+menrunning,ses-02_run-02_order-04_content-giving_chunk_0035.mp4,giving,70,72,2,ses-02,run-02,639.169,177.478,709.169,2,1541.6717391304346,1546.0195652173911
41,giving+menrunning,ses-02_run-02_order-04_content-giving_chunk_0032.mp4,giving,64,66,2,ses-02,run-02,639.169,177.478,703.169,2,1528.628260869565,1532.9760869565216
41,giving+menrunning,ses-02_run-02_order-04_content-giving_chunk_0033.mp4,giving,66,68,2,ses-02,run-02,639.169,177.478,705.169,2,1532.9760869565216,1537.3239130434781
41,giving+menrunning,ses-02_run-02_order-04_content-giving_chunk_0031.mp4,giving,62,64,2,ses-02,run-02,639.169,177.478,701.169,2,1524.2804347826086,1528.628260869565
41,giving+menrunning,ses-02_run-02_order-04_content-giving_chunk_0028.mp4,giving,56,58,2,ses-02,run-02,639.169,177.478,695.169,2,1511.236956521739,1515.5847826086956
41,giving+menrunning,ses-02_run-02_order-04_content-giving_chunk_0029.mp4,giving,58,60,2,ses-02,run-02,639.169,177.478,697.169,2,1515.5847826086956,1519.932608695652
41,giving+menrunning,ses-02_run-02_order-04_content-giving_chunk_0030.mp4,giving,60,62,2,ses-02,run-02,639.169,177.478,699.169,2,1519.932608695652,1524.2804347826086
42,heartstop,ses-03_run-02_order-03_content-heartstop_chunk_0055.mp4,heartstop,110,112,2,ses-03,run-02,307.714,196.62,417.714,2,908.0739130434782,912.4217391304347
42,heartstop,ses-03_run-02_order-03_content-heartstop_chunk_0056.mp4,heartstop,112,114,2,ses-03,run-02,307.714,196.62,419.714,2,912.4217391304347,916.7695652173912
42,heartstop,ses-03_run-02_order-03_content-heartstop_chunk_0057.mp4,heartstop,114,116,2,ses-03,run-02,307.714,196.62,421.714,2,916.7695652173912,921.1173913043477
42,heartstop,ses-03_run-02_order-03_content-heartstop_chunk_0058.mp4,heartstop,116,118,2,ses-03,run-02,307.714,196.62,423.714,2,921.1173913043477,925.4652173913043
42,heartstop,ses-03_run-02_order-03_content-heartstop_chunk_0059.mp4,heartstop,118,120,2,ses-03,run-02,307.714,196.62,425.714,2,925.4652173913043,929.8130434782609
42,heartstop,ses-03_run-02_order-03_content-heartstop_chunk_0067.mp4,heartstop,134,136,2,ses-03,run-02,307.714,196.62,441.714,2,960.2478260869565,964.595652173913
42,heartstop,ses-03_run-02_order-03_content-heartstop_chunk_0065.mp4,heartstop,130,132,2,ses-03,run-02,307.714,196.62,437.714,2,951.5521739130435,955.9
42,heartstop,ses-03_run-02_order-03_content-heartstop_chunk_0066.mp4,heartstop,132,134,2,ses-03,run-02,307.714,196.62,439.714,2,955.9,960.2478260869565
42,heartstop,ses-03_run-02_order-03_content-heartstop_chunk_0064.mp4,heartstop,128,130,2,ses-03,run-02,307.714,196.62,435.714,2,947.2043478260869,951.5521739130435
42,heartstop,ses-03_run-02_order-03_content-heartstop_chunk_0062.mp4,heartstop,124,126,2,ses-03,run-02,307.714,196.62,431.714,2,938.5086956521739,942.8565217391304
42,heartstop,ses-03_run-02_order-03_content-heartstop_chunk_0063.mp4,heartstop,126,128,2,ses-03,run-02,307.714,196.62,433.714,2,942.8565217391304,947.2043478260869
42,heartstop,ses-03_run-02_order-03_content-heartstop_chunk_0060.mp4,heartstop,120,122,2,ses-03,run-02,307.714,196.62,427.714,2,929.8130434782609,934.1608695652174
42,heartstop,ses-03_run-02_order-03_content-heartstop_chunk_0061.mp4,heartstop,122,124,2,ses-03,run-02,307.714,196.62,429.714,2,934.1608695652174,938.5086956521739
42,heartstop,ses-03_run-02_order-03_content-heartstop_chunk_0068.mp4,heartstop,136,138,2,ses-03,run-02,307.714,196.62,443.714,2,964.595652173913,968.9434782608695
42,heartstop,ses-03_run-02_order-03_content-heartstop_chunk_0069.mp4,heartstop,138,140,2,ses-03,run-02,307.714,196.62,445.714,2,968.9434782608695,973.291304347826
42,heartstop,ses-03_run-02_order-03_content-heartstop_chunk_0070.mp4,heartstop,140,142,2,ses-03,run-02,307.714,196.62,447.714,2,973.291304347826,977.6391304347826
42,heartstop,ses-03_run-02_order-03_content-heartstop_chunk_0071.mp4,heartstop,142,144,2,ses-03,run-02,307.714,196.62,449.714,2,977.6391304347826,981.9869565217391
42,heartstop,ses-03_run-02_order-03_content-heartstop_chunk_0074.mp4,heartstop,148,150,2,ses-03,run-02,307.714,196.62,455.714,2,990.6826086956521,995.0304347826086
42,heartstop,ses-03_run-02_order-03_content-heartstop_chunk_0072.mp4,heartstop,144,146,2,ses-03,run-02,307.714,196.62,451.714,2,981.9869565217391,986.3347826086956
42,heartstop,ses-03_run-02_order-03_content-heartstop_chunk_0073.mp4,heartstop,146,148,2,ses-03,run-02,307.714,196.62,453.714,2,986.3347826086956,990.6826086956521
42,heartstop,ses-03_run-02_order-03_content-heartstop_chunk_0094.mp4,heartstop,188,190,2,ses-03,run-02,307.714,196.62,495.714,2,1077.6391304347826,1081.986956521739
42,heartstop,ses-03_run-02_order-03_content-heartstop_chunk_0097.mp4,heartstop,194,196,2,ses-03,run-02,307.714,196.62,501.714,2,1090.682608695652,1095.0304347826086
42,heartstop,ses-03_run-02_order-03_content-heartstop_chunk_0095.mp4,heartstop,190,192,2,ses-03,run-02,307.714,196.62,497.714,2,1081.986956521739,1086.3347826086956
42,heartstop,ses-03_run-02_order-03_content-heartstop_chunk_0096.mp4,heartstop,192,194,2,ses-03,run-02,307.714,196.62,499.714,2,1086.3347826086956,1090.682608695652
42,heartstop,ses-03_run-02_order-03_content-heartstop_chunk_0092.mp4,heartstop,184,186,2,ses-03,run-02,307.714,196.62,491.714,2,1068.9434782608696,1073.291304347826
42,heartstop,ses-03_run-02_order-03_content-heartstop_chunk_0093.mp4,heartstop,186,188,2,ses-03,run-02,307.714,196.62,493.714,2,1073.291304347826,1077.6391304347826
42,heartstop,ses-03_run-02_order-03_content-heartstop_chunk_0089.mp4,heartstop,178,180,2,ses-03,run-02,307.714,196.62,485.714,2,1055.8999999999999,1060.2478260869564
42,heartstop,ses-03_run-02_order-03_content-heartstop_chunk_0090.mp4,heartstop,180,182,2,ses-03,run-02,307.714,196.62,487.714,2,1060.2478260869564,1064.595652173913
42,heartstop,ses-03_run-02_order-03_content-heartstop_chunk_0091.mp4,heartstop,182,184,2,ses-03,run-02,307.714,196.62,489.714,2,1064.595652173913,1068.9434782608696
42,heartstop,ses-03_run-02_order-03_content-heartstop_chunk_0075.mp4,heartstop,150,152,2,ses-03,run-02,307.714,196.62,457.714,2,995.0304347826086,999.3782608695652
42,heartstop,ses-03_run-02_order-03_content-heartstop_chunk_0076.mp4,heartstop,152,154,2,ses-03,run-02,307.714,196.62,459.714,2,999.3782608695652,1003.7260869565217
42,heartstop,ses-03_run-02_order-03_content-heartstop_chunk_0079.mp4,heartstop,158,160,2,ses-03,run-02,307.714,196.62,465.714,2,1012.4217391304347,1016.7695652173912
42,heartstop,ses-03_run-02_order-03_content-heartstop_chunk_0080.mp4,heartstop,160,162,2,ses-03,run-02,307.714,196.62,467.714,2,1016.7695652173912,1021.1173913043477
42,heartstop,ses-03_run-02_order-03_content-heartstop_chunk_0077.mp4,heartstop,154,156,2,ses-03,run-02,307.714,196.62,461.714,2,1003.7260869565217,1008.0739130434782
42,heartstop,ses-03_run-02_order-03_content-heartstop_chunk_0078.mp4,heartstop,156,158,2,ses-03,run-02,307.714,196.62,463.714,2,1008.0739130434782,1012.4217391304347
42,heartstop,ses-03_run-02_order-03_content-heartstop_chunk_0083.mp4,heartstop,166,168,2,ses-03,run-02,307.714,196.62,473.714,2,1029.8130434782609,1034.1608695652174
42,heartstop,ses-03_run-02_order-03_content-heartstop_chunk_0081.mp4,heartstop,162,164,2,ses-03,run-02,307.714,196.62,469.714,2,1021.1173913043477,1025.4652173913043
42,heartstop,ses-03_run-02_order-03_content-heartstop_chunk_0082.mp4,heartstop,164,166,2,ses-03,run-02,307.714,196.62,471.714,2,1025.4652173913043,1029.8130434782609
42,heartstop,ses-03_run-02_order-03_content-heartstop_chunk_0088.mp4,heartstop,176,178,2,ses-03,run-02,307.714,196.62,483.714,2,1051.5521739130434,1055.8999999999999
42,heartstop,ses-03_run-02_order-03_content-heartstop_chunk_0086.mp4,heartstop,172,174,2,ses-03,run-02,307.714,196.62,479.714,2,1042.8565217391304,1047.2043478260869
42,heartstop,ses-03_run-02_order-03_content-heartstop_chunk_0087.mp4,heartstop,174,176,2,ses-03,run-02,307.714,196.62,481.714,2,1047.2043478260869,1051.5521739130434
42,heartstop,ses-03_run-02_order-03_content-heartstop_chunk_0084.mp4,heartstop,168,170,2,ses-03,run-02,307.714,196.62,475.714,2,1034.1608695652174,1038.5086956521739
42,heartstop,ses-03_run-02_order-03_content-heartstop_chunk_0085.mp4,heartstop,170,172,2,ses-03,run-02,307.714,196.62,477.714,2,1038.5086956521739,1042.8565217391304
42,heartstop,ses-03_run-02_order-03_content-heartstop_chunk_0025.mp4,heartstop,50,52,2,ses-03,run-02,307.714,196.62,357.714,2,777.6391304347826,781.9869565217391
42,heartstop,ses-03_run-02_order-03_content-heartstop_chunk_0026.mp4,heartstop,52,54,2,ses-03,run-02,307.714,196.62,359.714,2,781.9869565217391,786.3347826086956
42,heartstop,ses-03_run-02_order-03_content-heartstop_chunk_0027.mp4,heartstop,54,56,2,ses-03,run-02,307.714,196.62,361.714,2,786.3347826086956,790.6826086956521
42,heartstop,ses-03_run-02_order-03_content-heartstop_chunk_0028.mp4,heartstop,56,58,2,ses-03,run-02,307.714,196.62,363.714,2,790.6826086956521,795.0304347826086
42,heartstop,ses-03_run-02_order-03_content-heartstop_chunk_0034.mp4,heartstop,68,70,2,ses-03,run-02,307.714,196.62,375.714,2,816.7695652173912,821.1173913043477
42,heartstop,ses-03_run-02_order-03_content-heartstop_chunk_0035.mp4,heartstop,70,72,2,ses-03,run-02,307.714,196.62,377.714,2,821.1173913043477,825.4652173913043
42,heartstop,ses-03_run-02_order-03_content-heartstop_chunk_0038.mp4,heartstop,76,78,2,ses-03,run-02,307.714,196.62,383.714,2,834.1608695652174,838.5086956521739
42,heartstop,ses-03_run-02_order-03_content-heartstop_chunk_0036.mp4,heartstop,72,74,2,ses-03,run-02,307.714,196.62,379.714,2,825.4652173913043,829.8130434782609
42,heartstop,ses-03_run-02_order-03_content-heartstop_chunk_0037.mp4,heartstop,74,76,2,ses-03,run-02,307.714,196.62,381.714,2,829.8130434782609,834.1608695652174
42,heartstop,ses-03_run-02_order-03_content-heartstop_chunk_0029.mp4,heartstop,58,60,2,ses-03,run-02,307.714,196.62,365.714,2,795.0304347826086,799.3782608695652
42,heartstop,ses-03_run-02_order-03_content-heartstop_chunk_0030.mp4,heartstop,60,62,2,ses-03,run-02,307.714,196.62,367.714,2,799.3782608695652,803.7260869565217
42,heartstop,ses-03_run-02_order-03_content-heartstop_chunk_0033.mp4,heartstop,66,68,2,ses-03,run-02,307.714,196.62,373.714,2,812.4217391304347,816.7695652173912
42,heartstop,ses-03_run-02_order-03_content-heartstop_chunk_0031.mp4,heartstop,62,64,2,ses-03,run-02,307.714,196.62,369.714,2,803.7260869565217,808.0739130434782
42,heartstop,ses-03_run-02_order-03_content-heartstop_chunk_0032.mp4,heartstop,64,66,2,ses-03,run-02,307.714,196.62,371.714,2,808.0739130434782,812.4217391304347
42,heartstop,ses-03_run-02_order-03_content-heartstop_chunk_0054.mp4,heartstop,108,110,2,ses-03,run-02,307.714,196.62,415.714,2,903.7260869565217,908.0739130434782
42,heartstop,ses-03_run-02_order-03_content-heartstop_chunk_0049.mp4,heartstop,98,100,2,ses-03,run-02,307.714,196.62,405.714,2,881.9869565217391,886.3347826086956
42,heartstop,ses-03_run-02_order-03_content-heartstop_chunk_0050.mp4,heartstop,100,102,2,ses-03,run-02,307.714,196.62,407.714,2,886.3347826086956,890.6826086956521
42,heartstop,ses-03_run-02_order-03_content-heartstop_chunk_0053.mp4,heartstop,106,108,2,ses-03,run-02,307.714,196.62,413.714,2,899.3782608695652,903.7260869565217
42,heartstop,ses-03_run-02_order-03_content-heartstop_chunk_0051.mp4,heartstop,102,104,2,ses-03,run-02,307.714,196.62,409.714,2,890.6826086956521,895.0304347826086
42,heartstop,ses-03_run-02_order-03_content-heartstop_chunk_0052.mp4,heartstop,104,106,2,ses-03,run-02,307.714,196.62,411.714,2,895.0304347826086,899.3782608695652
42,heartstop,ses-03_run-02_order-03_content-heartstop_chunk_0041.mp4,heartstop,82,84,2,ses-03,run-02,307.714,196.62,389.714,2,847.204347826087,851.5521739130435
42,heartstop,ses-03_run-02_order-03_content-heartstop_chunk_0039.mp4,heartstop,78,80,2,ses-03,run-02,307.714,196.62,385.714,2,838.5086956521739,842.8565217391304
42,heartstop,ses-03_run-02_order-03_content-heartstop_chunk_0040.mp4,heartstop,80,82,2,ses-03,run-02,307.714,196.62,387.714,2,842.8565217391304,847.204347826087
42,heartstop,ses-03_run-02_order-03_content-heartstop_chunk_0042.mp4,heartstop,84,86,2,ses-03,run-02,307.714,196.62,391.714,2,851.5521739130435,855.9
42,heartstop,ses-03_run-02_order-03_content-heartstop_chunk_0043.mp4,heartstop,86,88,2,ses-03,run-02,307.714,196.62,393.714,2,855.9,860.2478260869565
42,heartstop,ses-03_run-02_order-03_content-heartstop_chunk_0044.mp4,heartstop,88,90,2,ses-03,run-02,307.714,196.62,395.714,2,860.2478260869565,864.595652173913
42,heartstop,ses-03_run-02_order-03_content-heartstop_chunk_0047.mp4,heartstop,94,96,2,ses-03,run-02,307.714,196.62,401.714,2,873.2913043478261,877.6391304347826
42,heartstop,ses-03_run-02_order-03_content-heartstop_chunk_0048.mp4,heartstop,96,98,2,ses-03,run-02,307.714,196.62,403.714,2,877.6391304347826,881.9869565217391
42,heartstop,ses-03_run-02_order-03_content-heartstop_chunk_0045.mp4,heartstop,90,92,2,ses-03,run-02,307.714,196.62,397.714,2,864.595652173913,868.9434782608695
42,heartstop,ses-03_run-02_order-03_content-heartstop_chunk_0046.mp4,heartstop,92,94,2,ses-03,run-02,307.714,196.62,399.714,2,868.9434782608695,873.2913043478261
42,heartstop,ses-03_run-02_order-03_content-heartstop_chunk_0011.mp4,heartstop,22,24,2,ses-03,run-02,307.714,196.62,329.714,2,716.7695652173912,721.1173913043478
42,heartstop,ses-03_run-02_order-03_content-heartstop_chunk_0012.mp4,heartstop,24,26,2,ses-03,run-02,307.714,196.62,331.714,2,721.1173913043478,725.4652173913043
42,heartstop,ses-03_run-02_order-03_content-heartstop_chunk_0013.mp4,heartstop,26,28,2,ses-03,run-02,307.714,196.62,333.714,2,725.4652173913043,729.8130434782609
42,heartstop,ses-03_run-02_order-03_content-heartstop_chunk_0023.mp4,heartstop,46,48,2,ses-03,run-02,307.714,196.62,353.714,2,768.9434782608695,773.2913043478261
42,heartstop,ses-03_run-02_order-03_content-heartstop_chunk_0024.mp4,heartstop,48,50,2,ses-03,run-02,307.714,196.62,355.714,2,773.2913043478261,777.6391304347826
42,heartstop,ses-03_run-02_order-03_content-heartstop_chunk_0021.mp4,heartstop,42,44,2,ses-03,run-02,307.714,196.62,349.714,2,760.2478260869565,764.595652173913
42,heartstop,ses-03_run-02_order-03_content-heartstop_chunk_0022.mp4,heartstop,44,46,2,ses-03,run-02,307.714,196.62,351.714,2,764.595652173913,768.9434782608695
42,heartstop,ses-03_run-02_order-03_content-heartstop_chunk_0020.mp4,heartstop,40,42,2,ses-03,run-02,307.714,196.62,347.714,2,755.9,760.2478260869565
42,heartstop,ses-03_run-02_order-03_content-heartstop_chunk_0017.mp4,heartstop,34,36,2,ses-03,run-02,307.714,196.62,341.714,2,742.8565217391304,747.204347826087
42,heartstop,ses-03_run-02_order-03_content-heartstop_chunk_0018.mp4,heartstop,36,38,2,ses-03,run-02,307.714,196.62,343.714,2,747.204347826087,751.5521739130435
42,heartstop,ses-03_run-02_order-03_content-heartstop_chunk_0019.mp4,heartstop,38,40,2,ses-03,run-02,307.714,196.62,345.714,2,751.5521739130435,755.9
42,heartstop,ses-03_run-02_order-03_content-heartstop_chunk_0014.mp4,heartstop,28,30,2,ses-03,run-02,307.714,196.62,335.714,2,729.8130434782609,734.1608695652174
42,heartstop,ses-03_run-02_order-03_content-heartstop_chunk_0015.mp4,heartstop,30,32,2,ses-03,run-02,307.714,196.62,337.714,2,734.1608695652174,738.5086956521739
42,heartstop,ses-03_run-02_order-03_content-heartstop_chunk_0016.mp4,heartstop,32,34,2,ses-03,run-02,307.714,196.62,339.714,2,738.5086956521739,742.8565217391304
43,photography,ses-02_run-02_order-02_content-photography_chunk_0061.mp4,photography,122,124,2,ses-02,run-02,157.075,207.869,279.075,2,606.6847826086956,611.0326086956521
43,photography,ses-02_run-02_order-02_content-photography_chunk_0062.mp4,photography,124,126,2,ses-02,run-02,157.075,207.869,281.075,2,611.0326086956521,615.3804347826086
43,photography,ses-02_run-02_order-02_content-photography_chunk_0063.mp4,photography,126,128,2,ses-02,run-02,157.075,207.869,283.075,2,615.3804347826086,619.7282608695651
43,photography,ses-02_run-02_order-02_content-photography_chunk_0066.mp4,photography,132,134,2,ses-02,run-02,157.075,207.869,289.075,2,628.4239130434783,632.7717391304348
43,photography,ses-02_run-02_order-02_content-photography_chunk_0067.mp4,photography,134,136,2,ses-02,run-02,157.075,207.869,291.075,2,632.7717391304348,637.1195652173913
43,photography,ses-02_run-02_order-02_content-photography_chunk_0064.mp4,photography,128,130,2,ses-02,run-02,157.075,207.869,285.075,2,619.7282608695651,624.0760869565216
43,photography,ses-02_run-02_order-02_content-photography_chunk_0065.mp4,photography,130,132,2,ses-02,run-02,157.075,207.869,287.075,2,624.0760869565216,628.4239130434783
44,photography,ses-02_run-02_order-02_content-photography_chunk_0079.mp4,photography,158,160,2,ses-02,run-02,157.075,207.869,315.075,2,684.945652173913,689.2934782608695
44,photography,ses-02_run-02_order-02_content-photography_chunk_0080.mp4,photography,160,162,2,ses-02,run-02,157.075,207.869,317.075,2,689.2934782608695,693.641304347826
44,photography,ses-02_run-02_order-02_content-photography_chunk_0078.mp4,photography,156,158,2,ses-02,run-02,157.075,207.869,313.075,2,680.5978260869565,684.945652173913
44,photography,ses-02_run-02_order-02_content-photography_chunk_0076.mp4,photography,152,154,2,ses-02,run-02,157.075,207.869,309.075,2,671.9021739130434,676.25
44,photography,ses-02_run-02_order-02_content-photography_chunk_0077.mp4,photography,154,156,2,ses-02,run-02,157.075,207.869,311.075,2,676.25,680.5978260869565
44,photography,ses-02_run-02_order-02_content-photography_chunk_0070.mp4,photography,140,142,2,ses-02,run-02,157.075,207.869,297.075,2,645.8152173913043,650.1630434782608
44,photography,ses-02_run-02_order-02_content-photography_chunk_0071.mp4,photography,142,144,2,ses-02,run-02,157.075,207.869,299.075,2,650.1630434782608,654.5108695652174
44,photography,ses-02_run-02_order-02_content-photography_chunk_0068.mp4,photography,136,138,2,ses-02,run-02,157.075,207.869,293.075,2,637.1195652173913,641.4673913043478
44,photography,ses-02_run-02_order-02_content-photography_chunk_0069.mp4,photography,138,140,2,ses-02,run-02,157.075,207.869,295.075,2,641.4673913043478,645.8152173913043
44,photography,ses-02_run-02_order-02_content-photography_chunk_0072.mp4,photography,144,146,2,ses-02,run-02,157.075,207.869,301.075,2,654.5108695652174,658.8586956521739
44,photography,ses-02_run-02_order-02_content-photography_chunk_0073.mp4,photography,146,148,2,ses-02,run-02,157.075,207.869,303.075,2,658.8586956521739,663.2065217391304
44,photography,ses-02_run-02_order-02_content-photography_chunk_0074.mp4,photography,148,150,2,ses-02,run-02,157.075,207.869,305.075,2,663.2065217391304,667.5543478260869
44,photography,ses-02_run-02_order-02_content-photography_chunk_0075.mp4,photography,150,152,2,ses-02,run-02,157.075,207.869,307.075,2,667.5543478260869,671.9021739130434
45,photography,ses-02_run-02_order-02_content-photography_chunk_0089.mp4,photography,178,180,2,ses-02,run-02,157.075,207.869,335.075,2,728.4239130434783,732.7717391304348
45,photography,ses-02_run-02_order-02_content-photography_chunk_0090.mp4,photography,180,182,2,ses-02,run-02,157.075,207.869,337.075,2,732.7717391304348,737.1195652173913
45,photography,ses-02_run-02_order-02_content-photography_chunk_0093.mp4,photography,186,188,2,ses-02,run-02,157.075,207.869,343.075,2,745.8152173913043,750.1630434782608
45,photography,ses-02_run-02_order-02_content-photography_chunk_0091.mp4,photography,182,184,2,ses-02,run-02,157.075,207.869,339.075,2,737.1195652173913,741.4673913043478
45,photography,ses-02_run-02_order-02_content-photography_chunk_0092.mp4,photography,184,186,2,ses-02,run-02,157.075,207.869,341.075,2,741.4673913043478,745.8152173913043
45,photography,ses-02_run-02_order-02_content-photography_chunk_0083.mp4,photography,166,168,2,ses-02,run-02,157.075,207.869,323.075,2,702.3369565217391,706.6847826086956
45,photography,ses-02_run-02_order-02_content-photography_chunk_0081.mp4,photography,162,164,2,ses-02,run-02,157.075,207.869,319.075,2,693.641304347826,697.9891304347825
45,photography,ses-02_run-02_order-02_content-photography_chunk_0082.mp4,photography,164,166,2,ses-02,run-02,157.075,207.869,321.075,2,697.9891304347825,702.3369565217391
45,photography,ses-02_run-02_order-02_content-photography_chunk_0084.mp4,photography,168,170,2,ses-02,run-02,157.075,207.869,325.075,2,706.6847826086956,711.0326086956521
45,photography,ses-02_run-02_order-02_content-photography_chunk_0085.mp4,photography,170,172,2,ses-02,run-02,157.075,207.869,327.075,2,711.0326086956521,715.3804347826086
45,photography,ses-02_run-02_order-02_content-photography_chunk_0088.mp4,photography,176,178,2,ses-02,run-02,157.075,207.869,333.075,2,724.0760869565216,728.4239130434783
45,photography,ses-02_run-02_order-02_content-photography_chunk_0086.mp4,photography,172,174,2,ses-02,run-02,157.075,207.869,329.075,2,715.3804347826086,719.7282608695651
45,photography,ses-02_run-02_order-02_content-photography_chunk_0087.mp4,photography,174,176,2,ses-02,run-02,157.075,207.869,331.075,2,719.7282608695651,724.0760869565216
45,photography,ses-02_run-02_order-02_content-photography_chunk_0100.mp4,photography,200,202,2,ses-02,run-02,157.075,207.869,357.075,2,776.2499999999999,780.5978260869565
45,photography,ses-02_run-02_order-02_content-photography_chunk_0101.mp4,photography,202,204,2,ses-02,run-02,157.075,207.869,359.075,2,780.5978260869565,784.945652173913
45,photography,ses-02_run-02_order-02_content-photography_chunk_0102.mp4,photography,204,206,2,ses-02,run-02,157.075,207.869,361.075,2,784.945652173913,789.2934782608695
45,photography,ses-02_run-02_order-02_content-photography_chunk_0099.mp4,photography,198,200,2,ses-02,run-02,157.075,207.869,355.075,2,771.9021739130434,776.2499999999999
45,photography,ses-02_run-02_order-02_content-photography_chunk_0097.mp4,photography,194,196,2,ses-02,run-02,157.075,207.869,351.075,2,763.2065217391304,767.5543478260869
45,photography,ses-02_run-02_order-02_content-photography_chunk_0098.mp4,photography,196,198,2,ses-02,run-02,157.075,207.869,353.075,2,767.5543478260869,771.9021739130434
45,photography,ses-02_run-02_order-02_content-photography_chunk_0094.mp4,photography,188,190,2,ses-02,run-02,157.075,207.869,345.075,2,750.1630434782608,754.5108695652174
45,photography,ses-02_run-02_order-02_content-photography_chunk_0095.mp4,photography,190,192,2,ses-02,run-02,157.075,207.869,347.075,2,754.5108695652174,758.8586956521739
45,photography,ses-02_run-02_order-02_content-photography_chunk_0096.mp4,photography,192,194,2,ses-02,run-02,157.075,207.869,349.075,2,758.8586956521739,763.2065217391304
46,photography,ses-02_run-02_order-02_content-photography_chunk_0025.mp4,photography,50,52,2,ses-02,run-02,157.075,207.869,207.075,2,450.1630434782608,454.5108695652173
46,photography,ses-02_run-02_order-02_content-photography_chunk_0026.mp4,photography,52,54,2,ses-02,run-02,157.075,207.869,209.075,2,454.5108695652173,458.8586956521739
46,photography,ses-02_run-02_order-02_content-photography_chunk_0027.mp4,photography,54,56,2,ses-02,run-02,157.075,207.869,211.075,2,458.8586956521739,463.2065217391304
46,photography,ses-02_run-02_order-02_content-photography_chunk_0028.mp4,photography,56,58,2,ses-02,run-02,157.075,207.869,213.075,2,463.2065217391304,467.55434782608694
46,photography,ses-02_run-02_order-02_content-photography_chunk_0024.mp4,photography,48,50,2,ses-02,run-02,157.075,207.869,205.075,2,445.8152173913043,450.1630434782608
46,photography,ses-02_run-02_order-02_content-photography_chunk_0022.mp4,photography,44,46,2,ses-02,run-02,157.075,207.869,201.075,2,437.11956521739125,441.46739130434776
46,photography,ses-02_run-02_order-02_content-photography_chunk_0023.mp4,photography,46,48,2,ses-02,run-02,157.075,207.869,203.075,2,441.46739130434776,445.8152173913043
46,photography,ses-02_run-02_order-02_content-photography_chunk_0019.mp4,photography,38,40,2,ses-02,run-02,157.075,207.869,195.075,2,424.0760869565217,428.4239130434782
46,photography,ses-02_run-02_order-02_content-photography_chunk_0020.mp4,photography,40,42,2,ses-02,run-02,157.075,207.869,197.075,2,428.4239130434782,432.77173913043475
46,photography,ses-02_run-02_order-02_content-photography_chunk_0021.mp4,photography,42,44,2,ses-02,run-02,157.075,207.869,199.075,2,432.77173913043475,437.11956521739125
46,photography,ses-02_run-02_order-02_content-photography_chunk_0034.mp4,photography,68,70,2,ses-02,run-02,157.075,207.869,225.075,2,489.2934782608695,493.64130434782606
46,photography,ses-02_run-02_order-02_content-photography_chunk_0035.mp4,photography,70,72,2,ses-02,run-02,157.075,207.869,227.075,2,493.64130434782606,497.98913043478257
46,photography,ses-02_run-02_order-02_content-photography_chunk_0036.mp4,photography,72,74,2,ses-02,run-02,157.075,207.869,229.075,2,497.98913043478257,502.33695652173907
46,photography,ses-02_run-02_order-02_content-photography_chunk_0037.mp4,photography,74,76,2,ses-02,run-02,157.075,207.869,231.075,2,502.33695652173907,506.6847826086956
46,photography,ses-02_run-02_order-02_content-photography_chunk_0038.mp4,photography,76,78,2,ses-02,run-02,157.075,207.869,233.075,2,506.6847826086956,511.03260869565213
46,photography,ses-02_run-02_order-02_content-photography_chunk_0041.mp4,photography,82,84,2,ses-02,run-02,157.075,207.869,239.075,2,519.7282608695651,524.0760869565216
46,photography,ses-02_run-02_order-02_content-photography_chunk_0039.mp4,photography,78,80,2,ses-02,run-02,157.075,207.869,235.075,2,511.03260869565213,515.3804347826086
46,photography,ses-02_run-02_order-02_content-photography_chunk_0040.mp4,photography,80,82,2,ses-02,run-02,157.075,207.869,237.075,2,515.3804347826086,519.7282608695651
46,photography,ses-02_run-02_order-02_content-photography_chunk_0029.mp4,photography,58,60,2,ses-02,run-02,157.075,207.869,215.075,2,467.55434782608694,471.90217391304344
46,photography,ses-02_run-02_order-02_content-photography_chunk_0032.mp4,photography,64,66,2,ses-02,run-02,157.075,207.869,221.075,2,480.5978260869565,484.945652173913
46,photography,ses-02_run-02_order-02_content-photography_chunk_0033.mp4,photography,66,68,2,ses-02,run-02,157.075,207.869,223.075,2,484.945652173913,489.2934782608695
46,photography,ses-02_run-02_order-02_content-photography_chunk_0030.mp4,photography,60,62,2,ses-02,run-02,157.075,207.869,217.075,2,471.90217391304344,476.24999999999994
46,photography,ses-02_run-02_order-02_content-photography_chunk_0031.mp4,photography,62,64,2,ses-02,run-02,157.075,207.869,219.075,2,476.24999999999994,480.5978260869565
46,photography,ses-02_run-02_order-02_content-photography_chunk_0057.mp4,photography,114,116,2,ses-02,run-02,157.075,207.869,271.075,2,589.2934782608695,593.641304347826
46,photography,ses-02_run-02_order-02_content-photography_chunk_0058.mp4,photography,116,118,2,ses-02,run-02,157.075,207.869,273.075,2,593.641304347826,597.9891304347825
46,photography,ses-02_run-02_order-02_content-photography_chunk_0059.mp4,photography,118,120,2,ses-02,run-02,157.075,207.869,275.075,2,597.9891304347825,602.3369565217391
46,photography,ses-02_run-02_order-02_content-photography_chunk_0060.mp4,photography,120,122,2,ses-02,run-02,157.075,207.869,277.075,2,602.3369565217391,606.6847826086956
46,photography,ses-02_run-02_order-02_content-photography_chunk_0054.mp4,photography,108,110,2,ses-02,run-02,157.075,207.869,265.075,2,576.25,580.5978260869565
46,photography,ses-02_run-02_order-02_content-photography_chunk_0055.mp4,photography,110,112,2,ses-02,run-02,157.075,207.869,267.075,2,580.5978260869565,584.945652173913
46,photography,ses-02_run-02_order-02_content-photography_chunk_0056.mp4,photography,112,114,2,ses-02,run-02,157.075,207.869,269.075,2,584.945652173913,589.2934782608695
46,photography,ses-02_run-02_order-02_content-photography_chunk_0042.mp4,photography,84,86,2,ses-02,run-02,157.075,207.869,241.075,2,524.0760869565216,528.4239130434783
46,photography,ses-02_run-02_order-02_content-photography_chunk_0043.mp4,photography,86,88,2,ses-02,run-02,157.075,207.869,243.075,2,528.4239130434783,532.7717391304348
46,photography,ses-02_run-02_order-02_content-photography_chunk_0044.mp4,photography,88,90,2,ses-02,run-02,157.075,207.869,245.075,2,532.7717391304348,537.1195652173913
46,photography,ses-02_run-02_order-02_content-photography_chunk_0045.mp4,photography,90,92,2,ses-02,run-02,157.075,207.869,247.075,2,537.1195652173913,541.4673913043478
46,photography,ses-02_run-02_order-02_content-photography_chunk_0046.mp4,photography,92,94,2,ses-02,run-02,157.075,207.869,249.075,2,541.4673913043478,545.8152173913043
46,photography,ses-02_run-02_order-02_content-photography_chunk_0047.mp4,photography,94,96,2,ses-02,run-02,157.075,207.869,251.075,2,545.8152173913043,550.1630434782609
46,photography,ses-02_run-02_order-02_content-photography_chunk_0052.mp4,photography,104,106,2,ses-02,run-02,157.075,207.869,261.075,2,567.5543478260869,571.9021739130434
46,photography,ses-02_run-02_order-02_content-photography_chunk_0053.mp4,photography,106,108,2,ses-02,run-02,157.075,207.869,263.075,2,571.9021739130434,576.25
46,photography,ses-02_run-02_order-02_content-photography_chunk_0050.mp4,photography,100,102,2,ses-02,run-02,157.075,207.869,257.075,2,558.8586956521739,563.2065217391304
46,photography,ses-02_run-02_order-02_content-photography_chunk_0051.mp4,photography,102,104,2,ses-02,run-02,157.075,207.869,259.075,2,563.2065217391304,567.5543478260869
46,photography,ses-02_run-02_order-02_content-photography_chunk_0048.mp4,photography,96,98,2,ses-02,run-02,157.075,207.869,253.075,2,550.1630434782609,554.5108695652174
46,photography,ses-02_run-02_order-02_content-photography_chunk_0049.mp4,photography,98,100,2,ses-02,run-02,157.075,207.869,255.075,2,554.5108695652174,558.8586956521739
47,gockskumara,ses-04_run-01_order-02_content-gockskumara_chunk_0012.mp4,gockskumara,24,26,2,ses-04,run-01,88.398,179.377,112.398,2,244.34347826086955,248.69130434782608
47,gockskumara,ses-04_run-01_order-02_content-gockskumara_chunk_0013.mp4,gockskumara,26,28,2,ses-04,run-01,88.398,179.377,114.398,2,248.69130434782608,253.03913043478258
47,gockskumara,ses-04_run-01_order-02_content-gockskumara_chunk_0014.mp4,gockskumara,28,30,2,ses-04,run-01,88.398,179.377,116.398,2,253.03913043478258,257.38695652173914
47,gockskumara,ses-04_run-01_order-02_content-gockskumara_chunk_0017.mp4,gockskumara,34,36,2,ses-04,run-01,88.398,179.377,122.398,2,266.08260869565214,270.4304347826087
47,gockskumara,ses-04_run-01_order-02_content-gockskumara_chunk_0018.mp4,gockskumara,36,38,2,ses-04,run-01,88.398,179.377,124.398,2,270.4304347826087,274.7782608695652
47,gockskumara,ses-04_run-01_order-02_content-gockskumara_chunk_0015.mp4,gockskumara,30,32,2,ses-04,run-01,88.398,179.377,118.398,2,257.38695652173914,261.73478260869564
47,gockskumara,ses-04_run-01_order-02_content-gockskumara_chunk_0016.mp4,gockskumara,32,34,2,ses-04,run-01,88.398,179.377,120.398,2,261.73478260869564,266.08260869565214
47,gockskumara,ses-04_run-01_order-02_content-gockskumara_chunk_0023.mp4,gockskumara,46,48,2,ses-04,run-01,88.398,179.377,134.398,2,292.16956521739127,296.5173913043478
47,gockskumara,ses-04_run-01_order-02_content-gockskumara_chunk_0026.mp4,gockskumara,52,54,2,ses-04,run-01,88.398,179.377,140.398,2,305.21304347826083,309.5608695652174
47,gockskumara,ses-04_run-01_order-02_content-gockskumara_chunk_0024.mp4,gockskumara,48,50,2,ses-04,run-01,88.398,179.377,136.398,2,296.5173913043478,300.8652173913043
47,gockskumara,ses-04_run-01_order-02_content-gockskumara_chunk_0025.mp4,gockskumara,50,52,2,ses-04,run-01,88.398,179.377,138.398,2,300.8652173913043,305.21304347826083
47,gockskumara,ses-04_run-01_order-02_content-gockskumara_chunk_0019.mp4,gockskumara,38,40,2,ses-04,run-01,88.398,179.377,126.398,2,274.7782608695652,279.1260869565217
47,gockskumara,ses-04_run-01_order-02_content-gockskumara_chunk_0020.mp4,gockskumara,40,42,2,ses-04,run-01,88.398,179.377,128.398,2,279.1260869565217,283.47391304347826
47,gockskumara,ses-04_run-01_order-02_content-gockskumara_chunk_0021.mp4,gockskumara,42,44,2,ses-04,run-01,88.398,179.377,130.398,2,283.47391304347826,287.82173913043476
47,gockskumara,ses-04_run-01_order-02_content-gockskumara_chunk_0022.mp4,gockskumara,44,46,2,ses-04,run-01,88.398,179.377,132.398,2,287.82173913043476,292.16956521739127
47,gockskumara,ses-04_run-01_order-02_content-gockskumara_chunk_0005.mp4,gockskumara,10,12,2,ses-04,run-01,88.398,179.377,98.398,2,213.9086956521739,218.25652173913042
47,gockskumara,ses-04_run-01_order-02_content-gockskumara_chunk_0010.mp4,gockskumara,20,22,2,ses-04,run-01,88.398,179.377,108.398,2,235.6478260869565,239.99565217391302
47,gockskumara,ses-04_run-01_order-02_content-gockskumara_chunk_0011.mp4,gockskumara,22,24,2,ses-04,run-01,88.398,179.377,110.398,2,239.99565217391302,244.34347826086955
47,gockskumara,ses-04_run-01_order-02_content-gockskumara_chunk_0008.mp4,gockskumara,16,18,2,ses-04,run-01,88.398,179.377,104.398,2,226.95217391304345,231.29999999999998
47,gockskumara,ses-04_run-01_order-02_content-gockskumara_chunk_0009.mp4,gockskumara,18,20,2,ses-04,run-01,88.398,179.377,106.398,2,231.29999999999998,235.6478260869565
47,gockskumara,ses-04_run-01_order-02_content-gockskumara_chunk_0006.mp4,gockskumara,12,14,2,ses-04,run-01,88.398,179.377,100.398,2,218.25652173913042,222.60434782608695
47,gockskumara,ses-04_run-01_order-02_content-gockskumara_chunk_0007.mp4,gockskumara,14,16,2,ses-04,run-01,88.398,179.377,102.398,2,222.60434782608695,226.95217391304345
47,gockskumara,ses-04_run-01_order-02_content-gockskumara_chunk_0000.mp4,gockskumara,0,2,2,ses-04,run-01,88.398,179.377,88.398,2,192.1695652173913,196.5173913043478
47,gockskumara,ses-04_run-01_order-02_content-gockskumara_chunk_0001.mp4,gockskumara,2,4,2,ses-04,run-01,88.398,179.377,90.398,2,196.5173913043478,200.86521739130433
47,gockskumara,ses-04_run-01_order-02_content-gockskumara_chunk_0002.mp4,gockskumara,4,6,2,ses-04,run-01,88.398,179.377,92.398,2,200.86521739130433,205.21304347826086
47,gockskumara,ses-04_run-01_order-02_content-gockskumara_chunk_0003.mp4,gockskumara,6,8,2,ses-04,run-01,88.398,179.377,94.398,2,205.21304347826086,209.5608695652174
47,gockskumara,ses-04_run-01_order-02_content-gockskumara_chunk_0004.mp4,gockskumara,8,10,2,ses-04,run-01,88.398,179.377,96.398,2,209.5608695652174,213.9086956521739
47,gockskumara,ses-04_run-01_order-02_content-gockskumara_chunk_0088.mp4,gockskumara,176,178,2,ses-04,run-01,88.398,179.377,264.398,2,574.7782608695652,579.1260869565218
47,gockskumara,ses-04_run-01_order-02_content-gockskumara_chunk_0086.mp4,gockskumara,172,174,2,ses-04,run-01,88.398,179.377,260.398,2,566.0826086956522,570.4304347826087
47,gockskumara,ses-04_run-01_order-02_content-gockskumara_chunk_0087.mp4,gockskumara,174,176,2,ses-04,run-01,88.398,179.377,262.398,2,570.4304347826087,574.7782608695652
47,gockskumara,ses-04_run-01_order-02_content-gockskumara_chunk_0083.mp4,gockskumara,166,168,2,ses-04,run-01,88.398,179.377,254.398,2,553.0391304347826,557.3869565217392
47,gockskumara,ses-04_run-01_order-02_content-gockskumara_chunk_0084.mp4,gockskumara,168,170,2,ses-04,run-01,88.398,179.377,256.398,2,557.3869565217392,561.7347826086957
47,gockskumara,ses-04_run-01_order-02_content-gockskumara_chunk_0085.mp4,gockskumara,170,172,2,ses-04,run-01,88.398,179.377,258.398,2,561.7347826086957,566.0826086956522
47,gockskumara,ses-04_run-01_order-02_content-gockskumara_chunk_0081.mp4,gockskumara,162,164,2,ses-04,run-01,88.398,179.377,250.398,2,544.3434782608696,548.6913043478261
47,gockskumara,ses-04_run-01_order-02_content-gockskumara_chunk_0082.mp4,gockskumara,164,166,2,ses-04,run-01,88.398,179.377,252.398,2,548.6913043478261,553.0391304347826
47,gockskumara,ses-04_run-01_order-02_content-gockskumara_chunk_0077.mp4,gockskumara,154,156,2,ses-04,run-01,88.398,179.377,242.398,2,526.9521739130435,531.3
47,gockskumara,ses-04_run-01_order-02_content-gockskumara_chunk_0078.mp4,gockskumara,156,158,2,ses-04,run-01,88.398,179.377,244.398,2,531.3,535.6478260869565
47,gockskumara,ses-04_run-01_order-02_content-gockskumara_chunk_0079.mp4,gockskumara,158,160,2,ses-04,run-01,88.398,179.377,246.398,2,535.6478260869565,539.995652173913
47,gockskumara,ses-04_run-01_order-02_content-gockskumara_chunk_0080.mp4,gockskumara,160,162,2,ses-04,run-01,88.398,179.377,248.398,2,539.995652173913,544.3434782608696
47,gockskumara,ses-04_run-01_order-02_content-gockskumara_chunk_0053.mp4,gockskumara,106,108,2,ses-04,run-01,88.398,179.377,194.398,2,422.60434782608695,426.95217391304345
47,gockskumara,ses-04_run-01_order-02_content-gockskumara_chunk_0054.mp4,gockskumara,108,110,2,ses-04,run-01,88.398,179.377,196.398,2,426.95217391304345,431.29999999999995
47,gockskumara,ses-04_run-01_order-02_content-gockskumara_chunk_0055.mp4,gockskumara,110,112,2,ses-04,run-01,88.398,179.377,198.398,2,431.29999999999995,435.6478260869565
47,gockskumara,ses-04_run-01_order-02_content-gockskumara_chunk_0059.mp4,gockskumara,118,120,2,ses-04,run-01,88.398,179.377,206.398,2,448.6913043478261,453.0391304347826
47,gockskumara,ses-04_run-01_order-02_content-gockskumara_chunk_0060.mp4,gockskumara,120,122,2,ses-04,run-01,88.398,179.377,208.398,2,453.0391304347826,457.3869565217391
47,gockskumara,ses-04_run-01_order-02_content-gockskumara_chunk_0056.mp4,gockskumara,112,114,2,ses-04,run-01,88.398,179.377,200.398,2,435.6478260869565,439.995652173913
47,gockskumara,ses-04_run-01_order-02_content-gockskumara_chunk_0057.mp4,gockskumara,114,116,2,ses-04,run-01,88.398,179.377,202.398,2,439.995652173913,444.3434782608695
47,gockskumara,ses-04_run-01_order-02_content-gockskumara_chunk_0058.mp4,gockskumara,116,118,2,ses-04,run-01,88.398,179.377,204.398,2,444.3434782608695,448.6913043478261
47,gockskumara,ses-04_run-01_order-02_content-gockskumara_chunk_0061.mp4,gockskumara,122,124,2,ses-04,run-01,88.398,179.377,210.398,2,457.3869565217391,461.73478260869564
47,gockskumara,ses-04_run-01_order-02_content-gockskumara_chunk_0062.mp4,gockskumara,124,126,2,ses-04,run-01,88.398,179.377,212.398,2,461.73478260869564,466.08260869565214
47,gockskumara,ses-04_run-01_order-02_content-gockskumara_chunk_0063.mp4,gockskumara,126,128,2,ses-04,run-01,88.398,179.377,214.398,2,466.08260869565214,470.43043478260864
47,gockskumara,ses-04_run-01_order-02_content-gockskumara_chunk_0064.mp4,gockskumara,128,130,2,ses-04,run-01,88.398,179.377,216.398,2,470.43043478260864,474.7782608695652
47,gockskumara,ses-04_run-01_order-02_content-gockskumara_chunk_0065.mp4,gockskumara,130,132,2,ses-04,run-01,88.398,179.377,218.398,2,474.7782608695652,479.1260869565217
47,gockskumara,ses-04_run-01_order-02_content-gockskumara_chunk_0068.mp4,gockskumara,136,138,2,ses-04,run-01,88.398,179.377,224.398,2,487.82173913043476,492.16956521739127
47,gockskumara,ses-04_run-01_order-02_content-gockskumara_chunk_0066.mp4,gockskumara,132,134,2,ses-04,run-01,88.398,179.377,220.398,2,479.1260869565217,483.4739130434782
47,gockskumara,ses-04_run-01_order-02_content-gockskumara_chunk_0067.mp4,gockskumara,134,136,2,ses-04,run-01,88.398,179.377,222.398,2,483.4739130434782,487.82173913043476
47,gockskumara,ses-04_run-01_order-02_content-gockskumara_chunk_0075.mp4,gockskumara,150,152,2,ses-04,run-01,88.398,179.377,238.398,2,518.2565217391304,522.604347826087
47,gockskumara,ses-04_run-01_order-02_content-gockskumara_chunk_0076.mp4,gockskumara,152,154,2,ses-04,run-01,88.398,179.377,240.398,2,522.604347826087,526.9521739130435
47,gockskumara,ses-04_run-01_order-02_content-gockskumara_chunk_0069.mp4,gockskumara,138,140,2,ses-04,run-01,88.398,179.377,226.398,2,492.16956521739127,496.51739130434777
47,gockskumara,ses-04_run-01_order-02_content-gockskumara_chunk_0070.mp4,gockskumara,140,142,2,ses-04,run-01,88.398,179.377,228.398,2,496.51739130434777,500.8652173913043
47,gockskumara,ses-04_run-01_order-02_content-gockskumara_chunk_0074.mp4,gockskumara,148,150,2,ses-04,run-01,88.398,179.377,236.398,2,513.9086956521738,518.2565217391304
47,gockskumara,ses-04_run-01_order-02_content-gockskumara_chunk_0071.mp4,gockskumara,142,144,2,ses-04,run-01,88.398,179.377,230.398,2,500.8652173913043,505.21304347826083
47,gockskumara,ses-04_run-01_order-02_content-gockskumara_chunk_0072.mp4,gockskumara,144,146,2,ses-04,run-01,88.398,179.377,232.398,2,505.21304347826083,509.5608695652174
47,gockskumara,ses-04_run-01_order-02_content-gockskumara_chunk_0073.mp4,gockskumara,146,148,2,ses-04,run-01,88.398,179.377,234.398,2,509.5608695652174,513.9086956521738
47,gockskumara,ses-04_run-01_order-02_content-gockskumara_chunk_0033.mp4,gockskumara,66,68,2,ses-04,run-01,88.398,179.377,154.398,2,335.6478260869565,339.995652173913
47,gockskumara,ses-04_run-01_order-02_content-gockskumara_chunk_0031.mp4,gockskumara,62,64,2,ses-04,run-01,88.398,179.377,150.398,2,326.95217391304345,331.29999999999995
47,gockskumara,ses-04_run-01_order-02_content-gockskumara_chunk_0032.mp4,gockskumara,64,66,2,ses-04,run-01,88.398,179.377,152.398,2,331.29999999999995,335.6478260869565
47,gockskumara,ses-04_run-01_order-02_content-gockskumara_chunk_0027.mp4,gockskumara,54,56,2,ses-04,run-01,88.398,179.377,142.398,2,309.5608695652174,313.9086956521739
47,gockskumara,ses-04_run-01_order-02_content-gockskumara_chunk_0028.mp4,gockskumara,56,58,2,ses-04,run-01,88.398,179.377,144.398,2,313.9086956521739,318.2565217391304
47,gockskumara,ses-04_run-01_order-02_content-gockskumara_chunk_0029.mp4,gockskumara,58,60,2,ses-04,run-01,88.398,179.377,146.398,2,318.2565217391304,322.60434782608695
47,gockskumara,ses-04_run-01_order-02_content-gockskumara_chunk_0030.mp4,gockskumara,60,62,2,ses-04,run-01,88.398,179.377,148.398,2,322.60434782608695,326.95217391304345
47,gockskumara,ses-04_run-01_order-02_content-gockskumara_chunk_0036.mp4,gockskumara,72,74,2,ses-04,run-01,88.398,179.377,160.398,2,348.6913043478261,353.0391304347826
47,gockskumara,ses-04_run-01_order-02_content-gockskumara_chunk_0034.mp4,gockskumara,68,70,2,ses-04,run-01,88.398,179.377,156.398,2,339.995652173913,344.3434782608695
47,gockskumara,ses-04_run-01_order-02_content-gockskumara_chunk_0035.mp4,gockskumara,70,72,2,ses-04,run-01,88.398,179.377,158.398,2,344.3434782608695,348.6913043478261
47,gockskumara,ses-04_run-01_order-02_content-gockskumara_chunk_0037.mp4,gockskumara,74,76,2,ses-04,run-01,88.398,179.377,162.398,2,353.0391304347826,357.3869565217391
47,gockskumara,ses-04_run-01_order-02_content-gockskumara_chunk_0038.mp4,gockskumara,76,78,2,ses-04,run-01,88.398,179.377,164.398,2,357.3869565217391,361.73478260869564
47,gockskumara,ses-04_run-01_order-02_content-gockskumara_chunk_0043.mp4,gockskumara,86,88,2,ses-04,run-01,88.398,179.377,174.398,2,379.1260869565217,383.47391304347826
47,gockskumara,ses-04_run-01_order-02_content-gockskumara_chunk_0044.mp4,gockskumara,88,90,2,ses-04,run-01,88.398,179.377,176.398,2,383.47391304347826,387.82173913043476
47,gockskumara,ses-04_run-01_order-02_content-gockskumara_chunk_0045.mp4,gockskumara,90,92,2,ses-04,run-01,88.398,179.377,178.398,2,387.82173913043476,392.16956521739127
47,gockskumara,ses-04_run-01_order-02_content-gockskumara_chunk_0042.mp4,gockskumara,84,86,2,ses-04,run-01,88.398,179.377,172.398,2,374.7782608695652,379.1260869565217
47,gockskumara,ses-04_run-01_order-02_content-gockskumara_chunk_0039.mp4,gockskumara,78,80,2,ses-04,run-01,88.398,179.377,166.398,2,361.73478260869564,366.08260869565214
47,gockskumara,ses-04_run-01_order-02_content-gockskumara_chunk_0040.mp4,gockskumara,80,82,2,ses-04,run-01,88.398,179.377,168.398,2,366.08260869565214,370.43043478260864
47,gockskumara,ses-04_run-01_order-02_content-gockskumara_chunk_0041.mp4,gockskumara,82,84,2,ses-04,run-01,88.398,179.377,170.398,2,370.43043478260864,374.7782608695652
47,gockskumara,ses-04_run-01_order-02_content-gockskumara_chunk_0050.mp4,gockskumara,100,102,2,ses-04,run-01,88.398,179.377,188.398,2,409.5608695652174,413.9086956521739
47,gockskumara,ses-04_run-01_order-02_content-gockskumara_chunk_0051.mp4,gockskumara,102,104,2,ses-04,run-01,88.398,179.377,190.398,2,413.9086956521739,418.2565217391304
47,gockskumara,ses-04_run-01_order-02_content-gockskumara_chunk_0052.mp4,gockskumara,104,106,2,ses-04,run-01,88.398,179.377,192.398,2,418.2565217391304,422.60434782608695
47,gockskumara,ses-04_run-01_order-02_content-gockskumara_chunk_0048.mp4,gockskumara,96,98,2,ses-04,run-01,88.398,179.377,184.398,2,400.8652173913043,405.21304347826083
47,gockskumara,ses-04_run-01_order-02_content-gockskumara_chunk_0049.mp4,gockskumara,98,100,2,ses-04,run-01,88.398,179.377,186.398,2,405.21304347826083,409.5608695652174
47,gockskumara,ses-04_run-01_order-02_content-gockskumara_chunk_0046.mp4,gockskumara,92,94,2,ses-04,run-01,88.398,179.377,180.398,2,392.16956521739127,396.5173913043478
47,gockskumara,ses-04_run-01_order-02_content-gockskumara_chunk_0047.mp4,gockskumara,94,96,2,ses-04,run-01,88.398,179.377,182.398,2,396.5173913043478,400.8652173913043
48,beatbox+harrymetsally+unefille,ses-01_run-04_order-01_content-beatbox_chunk_0047.mp4,beatbox,94,96,2,ses-01,run-04,0.005,142.868,94.005,2,204.3586956521739,208.7065217391304
48,beatbox+harrymetsally+unefille,ses-01_run-04_order-01_content-beatbox_chunk_0045.mp4,beatbox,90,92,2,ses-01,run-04,0.005,142.868,90.005,2,195.66304347826085,200.01086956521738
48,beatbox+harrymetsally+unefille,ses-01_run-04_order-01_content-beatbox_chunk_0046.mp4,beatbox,92,94,2,ses-01,run-04,0.005,142.868,92.005,2,200.01086956521738,204.3586956521739
48,beatbox+harrymetsally+unefille,ses-01_run-04_order-01_content-beatbox_chunk_0042.mp4,beatbox,84,86,2,ses-01,run-04,0.005,142.868,84.005,2,182.61956521739128,186.9673913043478
48,beatbox+harrymetsally+unefille,ses-01_run-04_order-01_content-beatbox_chunk_0043.mp4,beatbox,86,88,2,ses-01,run-04,0.005,142.868,86.005,2,186.9673913043478,191.31521739130432
48,beatbox+harrymetsally+unefille,ses-01_run-04_order-01_content-beatbox_chunk_0044.mp4,beatbox,88,90,2,ses-01,run-04,0.005,142.868,88.005,2,191.31521739130432,195.66304347826085
48,beatbox+harrymetsally+unefille,ses-01_run-04_order-01_content-beatbox_chunk_0040.mp4,beatbox,80,82,2,ses-01,run-04,0.005,142.868,80.005,2,173.92391304347825,178.27173913043475
48,beatbox+harrymetsally+unefille,ses-01_run-04_order-01_content-beatbox_chunk_0041.mp4,beatbox,82,84,2,ses-01,run-04,0.005,142.868,82.005,2,178.27173913043475,182.61956521739128
48,beatbox+harrymetsally+unefille,ses-01_run-04_order-01_content-beatbox_chunk_0039.mp4,beatbox,78,80,2,ses-01,run-04,0.005,142.868,78.005,2,169.57608695652172,173.92391304347825
48,beatbox+harrymetsally+unefille,ses-01_run-04_order-01_content-beatbox_chunk_0037.mp4,beatbox,74,76,2,ses-01,run-04,0.005,142.868,74.005,2,160.8804347826087,165.2282608695652
48,beatbox+harrymetsally+unefille,ses-01_run-04_order-01_content-beatbox_chunk_0038.mp4,beatbox,76,78,2,ses-01,run-04,0.005,142.868,76.005,2,165.2282608695652,169.57608695652172
48,beatbox+harrymetsally+unefille,ses-01_run-04_order-01_content-beatbox_chunk_0031.mp4,beatbox,62,64,2,ses-01,run-04,0.005,142.868,62.005,2,134.79347826086956,139.14130434782606
48,beatbox+harrymetsally+unefille,ses-01_run-04_order-01_content-beatbox_chunk_0032.mp4,beatbox,64,66,2,ses-01,run-04,0.005,142.868,64.005,2,139.14130434782606,143.4891304347826
48,beatbox+harrymetsally+unefille,ses-01_run-04_order-01_content-beatbox_chunk_0033.mp4,beatbox,66,68,2,ses-01,run-04,0.005,142.868,66.005,2,143.4891304347826,147.83695652173913
48,beatbox+harrymetsally+unefille,ses-01_run-04_order-01_content-beatbox_chunk_0036.mp4,beatbox,72,74,2,ses-01,run-04,0.005,142.868,72.005,2,156.53260869565216,160.8804347826087
48,beatbox+harrymetsally+unefille,ses-01_run-04_order-01_content-beatbox_chunk_0034.mp4,beatbox,68,70,2,ses-01,run-04,0.005,142.868,68.005,2,147.83695652173913,152.18478260869563
48,beatbox+harrymetsally+unefille,ses-01_run-04_order-01_content-beatbox_chunk_0035.mp4,beatbox,70,72,2,ses-01,run-04,0.005,142.868,70.005,2,152.18478260869563,156.53260869565216
48,beatbox+harrymetsally+unefille,ses-01_run-04_order-01_content-beatbox_chunk_0048.mp4,beatbox,96,98,2,ses-01,run-04,0.005,142.868,96.005,2,208.7065217391304,213.05434782608694
48,beatbox+harrymetsally+unefille,ses-01_run-04_order-01_content-beatbox_chunk_0049.mp4,beatbox,98,100,2,ses-01,run-04,0.005,142.868,98.005,2,213.05434782608694,217.40217391304347
48,beatbox+harrymetsally+unefille,ses-01_run-04_order-01_content-beatbox_chunk_0052.mp4,beatbox,104,106,2,ses-01,run-04,0.005,142.868,104.005,2,226.0978260869565,230.44565217391303
48,beatbox+harrymetsally+unefille,ses-01_run-04_order-01_content-beatbox_chunk_0050.mp4,beatbox,100,102,2,ses-01,run-04,0.005,142.868,100.005,2,217.40217391304347,221.74999999999997
48,beatbox+harrymetsally+unefille,ses-01_run-04_order-01_content-beatbox_chunk_0051.mp4,beatbox,102,104,2,ses-01,run-04,0.005,142.868,102.005,2,221.74999999999997,226.0978260869565
48,beatbox+harrymetsally+unefille,ses-01_run-04_order-01_content-beatbox_chunk_0053.mp4,beatbox,106,108,2,ses-01,run-04,0.005,142.868,106.005,2,230.44565217391303,234.79347826086953
48,beatbox+harrymetsally+unefille,ses-01_run-04_order-01_content-beatbox_chunk_0054.mp4,beatbox,108,110,2,ses-01,run-04,0.005,142.868,108.005,2,234.79347826086953,239.14130434782606
48,beatbox+harrymetsally+unefille,ses-01_run-04_order-01_content-beatbox_chunk_0055.mp4,beatbox,110,112,2,ses-01,run-04,0.005,142.868,110.005,2,239.14130434782606,243.4891304347826
48,beatbox+harrymetsally+unefille,ses-01_run-04_order-01_content-beatbox_chunk_0056.mp4,beatbox,112,114,2,ses-01,run-04,0.005,142.868,112.005,2,243.4891304347826,247.8369565217391
48,beatbox+harrymetsally+unefille,ses-01_run-04_order-01_content-beatbox_chunk_0057.mp4,beatbox,114,116,2,ses-01,run-04,0.005,142.868,114.005,2,247.8369565217391,252.18478260869563
48,beatbox+harrymetsally+unefille,ses-01_run-04_order-01_content-beatbox_chunk_0058.mp4,beatbox,116,118,2,ses-01,run-04,0.005,142.868,116.005,2,252.18478260869563,256.53260869565213
48,beatbox+harrymetsally+unefille,ses-01_run-04_order-01_content-beatbox_chunk_0059.mp4,beatbox,118,120,2,ses-01,run-04,0.005,142.868,118.005,2,256.53260869565213,260.8804347826087
48,beatbox+harrymetsally+unefille,ses-01_run-04_order-01_content-beatbox_chunk_0060.mp4,beatbox,120,122,2,ses-01,run-04,0.005,142.868,120.005,2,260.8804347826087,265.2282608695652
48,beatbox+harrymetsally+unefille,ses-01_run-04_order-01_content-beatbox_chunk_0067.mp4,beatbox,134,136,2,ses-01,run-04,0.005,142.868,134.005,2,291.3152173913043,295.6630434782609
48,beatbox+harrymetsally+unefille,ses-01_run-04_order-01_content-beatbox_chunk_0070.mp4,beatbox,140,142,2,ses-01,run-04,0.005,142.868,140.005,2,304.3586956521739,308.70652173913044
48,beatbox+harrymetsally+unefille,ses-01_run-04_order-01_content-beatbox_chunk_0068.mp4,beatbox,136,138,2,ses-01,run-04,0.005,142.868,136.005,2,295.6630434782609,300.0108695652174
48,beatbox+harrymetsally+unefille,ses-01_run-04_order-01_content-beatbox_chunk_0069.mp4,beatbox,138,140,2,ses-01,run-04,0.005,142.868,138.005,2,300.0108695652174,304.3586956521739
48,beatbox+harrymetsally+unefille,ses-01_run-04_order-01_content-beatbox_chunk_0065.mp4,beatbox,130,132,2,ses-01,run-04,0.005,142.868,130.005,2,282.61956521739125,286.9673913043478
48,beatbox+harrymetsally+unefille,ses-01_run-04_order-01_content-beatbox_chunk_0066.mp4,beatbox,132,134,2,ses-01,run-04,0.005,142.868,132.005,2,286.9673913043478,291.3152173913043
48,beatbox+harrymetsally+unefille,ses-01_run-04_order-01_content-beatbox_chunk_0063.mp4,beatbox,126,128,2,ses-01,run-04,0.005,142.868,126.005,2,273.92391304347825,278.27173913043475
48,beatbox+harrymetsally+unefille,ses-01_run-04_order-01_content-beatbox_chunk_0064.mp4,beatbox,128,130,2,ses-01,run-04,0.005,142.868,128.005,2,278.27173913043475,282.61956521739125
48,beatbox+harrymetsally+unefille,ses-01_run-04_order-01_content-beatbox_chunk_0061.mp4,beatbox,122,124,2,ses-01,run-04,0.005,142.868,122.005,2,265.2282608695652,269.5760869565217
48,beatbox+harrymetsally+unefille,ses-01_run-04_order-01_content-beatbox_chunk_0062.mp4,beatbox,124,126,2,ses-01,run-04,0.005,142.868,124.005,2,269.5760869565217,273.92391304347825
48,beatbox+harrymetsally+unefille,ses-01_run-04_order-01_content-beatbox_chunk_0000.mp4,beatbox,0,2,2,ses-01,run-04,0.005,142.868,0.005,2,0.010869565217391304,4.358695652173912
48,beatbox+harrymetsally+unefille,ses-01_run-04_order-01_content-beatbox_chunk_0001.mp4,beatbox,2,4,2,ses-01,run-04,0.005,142.868,2.005,2,4.358695652173912,8.706521739130434
48,beatbox+harrymetsally+unefille,ses-01_run-04_order-01_content-beatbox_chunk_0002.mp4,beatbox,4,6,2,ses-01,run-04,0.005,142.868,4.005,2,8.706521739130434,13.054347826086955
48,beatbox+harrymetsally+unefille,ses-01_run-04_order-01_content-beatbox_chunk_0007.mp4,beatbox,14,16,2,ses-01,run-04,0.005,142.868,14.005,2,30.445652173913043,34.79347826086956
48,beatbox+harrymetsally+unefille,ses-01_run-04_order-01_content-beatbox_chunk_0008.mp4,beatbox,16,18,2,ses-01,run-04,0.005,142.868,16.005,2,34.79347826086956,39.141304347826086
48,beatbox+harrymetsally+unefille,ses-01_run-04_order-01_content-beatbox_chunk_0005.mp4,beatbox,10,12,2,ses-01,run-04,0.005,142.868,10.005,2,21.75,26.097826086956523
48,beatbox+harrymetsally+unefille,ses-01_run-04_order-01_content-beatbox_chunk_0006.mp4,beatbox,12,14,2,ses-01,run-04,0.005,142.868,12.005,2,26.097826086956523,30.445652173913043
48,beatbox+harrymetsally+unefille,ses-01_run-04_order-01_content-beatbox_chunk_0003.mp4,beatbox,6,8,2,ses-01,run-04,0.005,142.868,6.005,2,13.054347826086955,17.40217391304348
48,beatbox+harrymetsally+unefille,ses-01_run-04_order-01_content-beatbox_chunk_0004.mp4,beatbox,8,10,2,ses-01,run-04,0.005,142.868,8.005,2,17.40217391304348,21.75
48,beatbox+harrymetsally+unefille,ses-01_run-04_order-01_content-beatbox_chunk_0027.mp4,beatbox,54,56,2,ses-01,run-04,0.005,142.868,54.005,2,117.40217391304348,121.75
48,beatbox+harrymetsally+unefille,ses-01_run-04_order-01_content-beatbox_chunk_0028.mp4,beatbox,56,58,2,ses-01,run-04,0.005,142.868,56.005,2,121.75,126.09782608695652
48,beatbox+harrymetsally+unefille,ses-01_run-04_order-01_content-beatbox_chunk_0029.mp4,beatbox,58,60,2,ses-01,run-04,0.005,142.868,58.005,2,126.09782608695652,130.44565217391303
48,beatbox+harrymetsally+unefille,ses-01_run-04_order-01_content-beatbox_chunk_0030.mp4,beatbox,60,62,2,ses-01,run-04,0.005,142.868,60.005,2,130.44565217391303,134.79347826086956
48,beatbox+harrymetsally+unefille,ses-01_run-04_order-01_content-beatbox_chunk_0025.mp4,beatbox,50,52,2,ses-01,run-04,0.005,142.868,50.005,2,108.70652173913044,113.05434782608695
48,beatbox+harrymetsally+unefille,ses-01_run-04_order-01_content-beatbox_chunk_0026.mp4,beatbox,52,54,2,ses-01,run-04,0.005,142.868,52.005,2,113.05434782608695,117.40217391304348
48,beatbox+harrymetsally+unefille,ses-01_run-04_order-01_content-beatbox_chunk_0023.mp4,beatbox,46,48,2,ses-01,run-04,0.005,142.868,46.005,2,100.01086956521739,104.35869565217392
48,beatbox+harrymetsally+unefille,ses-01_run-04_order-01_content-beatbox_chunk_0024.mp4,beatbox,48,50,2,ses-01,run-04,0.005,142.868,48.005,2,104.35869565217392,108.70652173913044
48,beatbox+harrymetsally+unefille,ses-01_run-04_order-01_content-beatbox_chunk_0012.mp4,beatbox,24,26,2,ses-01,run-04,0.005,142.868,24.005,2,52.18478260869565,56.53260869565217
48,beatbox+harrymetsally+unefille,ses-01_run-04_order-01_content-beatbox_chunk_0013.mp4,beatbox,26,28,2,ses-01,run-04,0.005,142.868,26.005,2,56.53260869565217,60.88043478260869
48,beatbox+harrymetsally+unefille,ses-01_run-04_order-01_content-beatbox_chunk_0009.mp4,beatbox,18,20,2,ses-01,run-04,0.005,142.868,18.005,2,39.141304347826086,43.4891304347826
48,beatbox+harrymetsally+unefille,ses-01_run-04_order-01_content-beatbox_chunk_0010.mp4,beatbox,20,22,2,ses-01,run-04,0.005,142.868,20.005,2,43.4891304347826,47.836956521739125
48,beatbox+harrymetsally+unefille,ses-01_run-04_order-01_content-beatbox_chunk_0011.mp4,beatbox,22,24,2,ses-01,run-04,0.005,142.868,22.005,2,47.836956521739125,52.18478260869565
48,beatbox+harrymetsally+unefille,ses-01_run-04_order-01_content-beatbox_chunk_0014.mp4,beatbox,28,30,2,ses-01,run-04,0.005,142.868,28.005,2,60.88043478260869,65.22826086956522
48,beatbox+harrymetsally+unefille,ses-01_run-04_order-01_content-beatbox_chunk_0015.mp4,beatbox,30,32,2,ses-01,run-04,0.005,142.868,30.005,2,65.22826086956522,69.57608695652173
48,beatbox+harrymetsally+unefille,ses-01_run-04_order-01_content-beatbox_chunk_0021.mp4,beatbox,42,44,2,ses-01,run-04,0.005,142.868,42.005,2,91.31521739130434,95.66304347826087
48,beatbox+harrymetsally+unefille,ses-01_run-04_order-01_content-beatbox_chunk_0020.mp4,beatbox,40,42,2,ses-01,run-04,0.005,142.868,40.005,2,86.96739130434783,91.31521739130434
48,beatbox+harrymetsally+unefille,ses-01_run-04_order-01_content-beatbox_chunk_0022.mp4,beatbox,44,46,2,ses-01,run-04,0.005,142.868,44.005,2,95.66304347826087,100.01086956521739
48,beatbox+harrymetsally+unefille,ses-01_run-04_order-01_content-beatbox_chunk_0018.mp4,beatbox,36,38,2,ses-01,run-04,0.005,142.868,36.005,2,78.27173913043478,82.61956521739131
48,beatbox+harrymetsally+unefille,ses-01_run-04_order-01_content-beatbox_chunk_0019.mp4,beatbox,38,40,2,ses-01,run-04,0.005,142.868,38.005,2,82.61956521739131,86.96739130434783
48,beatbox+harrymetsally+unefille,ses-01_run-04_order-01_content-beatbox_chunk_0016.mp4,beatbox,32,34,2,ses-01,run-04,0.005,142.868,32.005,2,69.57608695652173,73.92391304347827
48,beatbox+harrymetsally+unefille,ses-01_run-04_order-01_content-beatbox_chunk_0017.mp4,beatbox,34,36,2,ses-01,run-04,0.005,142.868,34.005,2,73.92391304347827,78.27173913043478
48,beatbox+harrymetsally+unefille,ses-02_run-03_order-01_content-unefille_chunk_0034.mp4,unefille,68,70,2,ses-02,run-03,2.767,116.284,70.767,2,153.84130434782608,158.18913043478258
48,beatbox+harrymetsally+unefille,ses-02_run-03_order-01_content-unefille_chunk_0035.mp4,unefille,70,72,2,ses-02,run-03,2.767,116.284,72.767,2,158.18913043478258,162.5369565217391
48,beatbox+harrymetsally+unefille,ses-02_run-03_order-01_content-unefille_chunk_0036.mp4,unefille,72,74,2,ses-02,run-03,2.767,116.284,74.767,2,162.5369565217391,166.88478260869564
48,beatbox+harrymetsally+unefille,ses-02_run-03_order-01_content-unefille_chunk_0032.mp4,unefille,64,66,2,ses-02,run-03,2.767,116.284,66.767,2,145.14565217391302,149.49347826086955
48,beatbox+harrymetsally+unefille,ses-02_run-03_order-01_content-unefille_chunk_0033.mp4,unefille,66,68,2,ses-02,run-03,2.767,116.284,68.767,2,149.49347826086955,153.84130434782608
48,beatbox+harrymetsally+unefille,ses-02_run-03_order-01_content-unefille_chunk_0030.mp4,unefille,60,62,2,ses-02,run-03,2.767,116.284,62.767,2,136.45,140.79782608695652
48,beatbox+harrymetsally+unefille,ses-02_run-03_order-01_content-unefille_chunk_0031.mp4,unefille,62,64,2,ses-02,run-03,2.767,116.284,64.767,2,140.79782608695652,145.14565217391302
48,beatbox+harrymetsally+unefille,ses-02_run-03_order-01_content-unefille_chunk_0024.mp4,unefille,48,50,2,ses-02,run-03,2.767,116.284,50.767,2,110.36304347826088,114.7108695652174
48,beatbox+harrymetsally+unefille,ses-02_run-03_order-01_content-unefille_chunk_0022.mp4,unefille,44,46,2,ses-02,run-03,2.767,116.284,46.767,2,101.66739130434783,106.01521739130435
48,beatbox+harrymetsally+unefille,ses-02_run-03_order-01_content-unefille_chunk_0023.mp4,unefille,46,48,2,ses-02,run-03,2.767,116.284,48.767,2,106.01521739130435,110.36304347826088
48,beatbox+harrymetsally+unefille,ses-02_run-03_order-01_content-unefille_chunk_0025.mp4,unefille,50,52,2,ses-02,run-03,2.767,116.284,52.767,2,114.7108695652174,119.05869565217391
48,beatbox+harrymetsally+unefille,ses-02_run-03_order-01_content-unefille_chunk_0026.mp4,unefille,52,54,2,ses-02,run-03,2.767,116.284,54.767,2,119.05869565217391,123.40652173913044
48,beatbox+harrymetsally+unefille,ses-02_run-03_order-01_content-unefille_chunk_0027.mp4,unefille,54,56,2,ses-02,run-03,2.767,116.284,56.767,2,123.40652173913044,127.75434782608696
48,beatbox+harrymetsally+unefille,ses-02_run-03_order-01_content-unefille_chunk_0028.mp4,unefille,56,58,2,ses-02,run-03,2.767,116.284,58.767,2,127.75434782608696,132.1021739130435
48,beatbox+harrymetsally+unefille,ses-02_run-03_order-01_content-unefille_chunk_0029.mp4,unefille,58,60,2,ses-02,run-03,2.767,116.284,60.767,2,132.1021739130435,136.45
48,beatbox+harrymetsally+unefille,ses-02_run-03_order-01_content-unefille_chunk_0057.mp4,unefille,114,116,2,ses-02,run-03,2.767,116.284,116.767,2,253.84130434782605,258.1891304347826
48,beatbox+harrymetsally+unefille,ses-02_run-03_order-01_content-unefille_chunk_0054.mp4,unefille,108,110,2,ses-02,run-03,2.767,116.284,110.767,2,240.7978260869565,245.14565217391302
48,beatbox+harrymetsally+unefille,ses-02_run-03_order-01_content-unefille_chunk_0055.mp4,unefille,110,112,2,ses-02,run-03,2.767,116.284,112.767,2,245.14565217391302,249.49347826086955
48,beatbox+harrymetsally+unefille,ses-02_run-03_order-01_content-unefille_chunk_0056.mp4,unefille,112,114,2,ses-02,run-03,2.767,116.284,114.767,2,249.49347826086955,253.84130434782605
48,beatbox+harrymetsally+unefille,ses-02_run-03_order-01_content-unefille_chunk_0052.mp4,unefille,104,106,2,ses-02,run-03,2.767,116.284,106.767,2,232.10217391304346,236.45
48,beatbox+harrymetsally+unefille,ses-02_run-03_order-01_content-unefille_chunk_0053.mp4,unefille,106,108,2,ses-02,run-03,2.767,116.284,108.767,2,236.45,240.7978260869565
48,beatbox+harrymetsally+unefille,ses-02_run-03_order-01_content-unefille_chunk_0051.mp4,unefille,102,104,2,ses-02,run-03,2.767,116.284,104.767,2,227.75434782608693,232.10217391304346
48,beatbox+harrymetsally+unefille,ses-02_run-03_order-01_content-unefille_chunk_0049.mp4,unefille,98,100,2,ses-02,run-03,2.767,116.284,100.767,2,219.0586956521739,223.40652173913043
48,beatbox+harrymetsally+unefille,ses-02_run-03_order-01_content-unefille_chunk_0050.mp4,unefille,100,102,2,ses-02,run-03,2.767,116.284,102.767,2,223.40652173913043,227.75434782608693
48,beatbox+harrymetsally+unefille,ses-02_run-03_order-01_content-unefille_chunk_0040.mp4,unefille,80,82,2,ses-02,run-03,2.767,116.284,82.767,2,179.9282608695652,184.2760869565217
48,beatbox+harrymetsally+unefille,ses-02_run-03_order-01_content-unefille_chunk_0041.mp4,unefille,82,84,2,ses-02,run-03,2.767,116.284,84.767,2,184.2760869565217,188.62391304347824
48,beatbox+harrymetsally+unefille,ses-02_run-03_order-01_content-unefille_chunk_0039.mp4,unefille,78,80,2,ses-02,run-03,2.767,116.284,80.767,2,175.58043478260868,179.9282608695652
48,beatbox+harrymetsally+unefille,ses-02_run-03_order-01_content-unefille_chunk_0037.mp4,unefille,74,76,2,ses-02,run-03,2.767,116.284,76.767,2,166.88478260869564,171.23260869565215
48,beatbox+harrymetsally+unefille,ses-02_run-03_order-01_content-unefille_chunk_0038.mp4,unefille,76,78,2,ses-02,run-03,2.767,116.284,78.767,2,171.23260869565215,175.58043478260868
48,beatbox+harrymetsally+unefille,ses-02_run-03_order-01_content-unefille_chunk_0048.mp4,unefille,96,98,2,ses-02,run-03,2.767,116.284,98.767,2,214.71086956521737,219.0586956521739
48,beatbox+harrymetsally+unefille,ses-02_run-03_order-01_content-unefille_chunk_0046.mp4,unefille,92,94,2,ses-02,run-03,2.767,116.284,94.767,2,206.01521739130433,210.36304347826086
48,beatbox+harrymetsally+unefille,ses-02_run-03_order-01_content-unefille_chunk_0047.mp4,unefille,94,96,2,ses-02,run-03,2.767,116.284,96.767,2,210.36304347826086,214.71086956521737
48,beatbox+harrymetsally+unefille,ses-02_run-03_order-01_content-unefille_chunk_0044.mp4,unefille,88,90,2,ses-02,run-03,2.767,116.284,90.767,2,197.3195652173913,201.6673913043478
48,beatbox+harrymetsally+unefille,ses-02_run-03_order-01_content-unefille_chunk_0045.mp4,unefille,90,92,2,ses-02,run-03,2.767,116.284,92.767,2,201.6673913043478,206.01521739130433
48,beatbox+harrymetsally+unefille,ses-02_run-03_order-01_content-unefille_chunk_0042.mp4,unefille,84,86,2,ses-02,run-03,2.767,116.284,86.767,2,188.62391304347824,192.97173913043477
48,beatbox+harrymetsally+unefille,ses-02_run-03_order-01_content-unefille_chunk_0043.mp4,unefille,86,88,2,ses-02,run-03,2.767,116.284,88.767,2,192.97173913043477,197.3195652173913
48,beatbox+harrymetsally+unefille,ses-02_run-03_order-01_content-unefille_chunk_0000.mp4,unefille,0,2,2,ses-02,run-03,2.767,116.284,2.767,2,6.015217391304347,10.363043478260868
48,beatbox+harrymetsally+unefille,ses-02_run-03_order-01_content-unefille_chunk_0001.mp4,unefille,2,4,2,ses-02,run-03,2.767,116.284,4.7669999999999995,2,10.363043478260868,14.71086956521739
48,beatbox+harrymetsally+unefille,ses-02_run-03_order-01_content-unefille_chunk_0002.mp4,unefille,4,6,2,ses-02,run-03,2.767,116.284,6.7669999999999995,2,14.71086956521739,19.05869565217391
48,beatbox+harrymetsally+unefille,ses-02_run-03_order-01_content-unefille_chunk_0018.mp4,unefille,36,38,2,ses-02,run-03,2.767,116.284,38.767,2,84.27608695652174,88.62391304347827
48,beatbox+harrymetsally+unefille,ses-02_run-03_order-01_content-unefille_chunk_0019.mp4,unefille,38,40,2,ses-02,run-03,2.767,116.284,40.767,2,88.62391304347827,92.97173913043478
48,beatbox+harrymetsally+unefille,ses-02_run-03_order-01_content-unefille_chunk_0020.mp4,unefille,40,42,2,ses-02,run-03,2.767,116.284,42.767,2,92.97173913043478,97.3195652173913
48,beatbox+harrymetsally+unefille,ses-02_run-03_order-01_content-unefille_chunk_0021.mp4,unefille,42,44,2,ses-02,run-03,2.767,116.284,44.767,2,97.3195652173913,101.66739130434783
48,beatbox+harrymetsally+unefille,ses-02_run-03_order-01_content-unefille_chunk_0016.mp4,unefille,32,34,2,ses-02,run-03,2.767,116.284,34.767,2,75.5804347826087,79.92826086956522
48,beatbox+harrymetsally+unefille,ses-02_run-03_order-01_content-unefille_chunk_0017.mp4,unefille,34,36,2,ses-02,run-03,2.767,116.284,36.767,2,79.92826086956522,84.27608695652174
48,beatbox+harrymetsally+unefille,ses-02_run-03_order-01_content-unefille_chunk_0014.mp4,unefille,28,30,2,ses-02,run-03,2.767,116.284,30.767,2,66.88478260869564,71.23260869565217
48,beatbox+harrymetsally+unefille,ses-02_run-03_order-01_content-unefille_chunk_0015.mp4,unefille,30,32,2,ses-02,run-03,2.767,116.284,32.767,2,71.23260869565217,75.5804347826087
48,beatbox+harrymetsally+unefille,ses-02_run-03_order-01_content-unefille_chunk_0012.mp4,unefille,24,26,2,ses-02,run-03,2.767,116.284,26.767,2,58.189130434782605,62.53695652173913
48,beatbox+harrymetsally+unefille,ses-02_run-03_order-01_content-unefille_chunk_0013.mp4,unefille,26,28,2,ses-02,run-03,2.767,116.284,28.767,2,62.53695652173913,66.88478260869564
48,beatbox+harrymetsally+unefille,ses-02_run-03_order-01_content-unefille_chunk_0010.mp4,unefille,20,22,2,ses-02,run-03,2.767,116.284,22.767,2,49.49347826086956,53.84130434782608
48,beatbox+harrymetsally+unefille,ses-02_run-03_order-01_content-unefille_chunk_0011.mp4,unefille,22,24,2,ses-02,run-03,2.767,116.284,24.767,2,53.84130434782608,58.189130434782605
48,beatbox+harrymetsally+unefille,ses-02_run-03_order-01_content-unefille_chunk_0007.mp4,unefille,14,16,2,ses-02,run-03,2.767,116.284,16.767,2,36.449999999999996,40.79782608695652
48,beatbox+harrymetsally+unefille,ses-02_run-03_order-01_content-unefille_chunk_0008.mp4,unefille,16,18,2,ses-02,run-03,2.767,116.284,18.767,2,40.79782608695652,45.14565217391304
48,beatbox+harrymetsally+unefille,ses-02_run-03_order-01_content-unefille_chunk_0009.mp4,unefille,18,20,2,ses-02,run-03,2.767,116.284,20.767,2,45.14565217391304,49.49347826086956
48,beatbox+harrymetsally+unefille,ses-02_run-03_order-01_content-unefille_chunk_0003.mp4,unefille,6,8,2,ses-02,run-03,2.767,116.284,8.767,2,19.05869565217391,23.406521739130433
48,beatbox+harrymetsally+unefille,ses-02_run-03_order-01_content-unefille_chunk_0004.mp4,unefille,8,10,2,ses-02,run-03,2.767,116.284,10.767,2,23.406521739130433,27.754347826086953
48,beatbox+harrymetsally+unefille,ses-02_run-03_order-01_content-unefille_chunk_0005.mp4,unefille,10,12,2,ses-02,run-03,2.767,116.284,12.767,2,27.754347826086953,32.10217391304347
48,beatbox+harrymetsally+unefille,ses-02_run-03_order-01_content-unefille_chunk_0006.mp4,unefille,12,14,2,ses-02,run-03,2.767,116.284,14.767,2,32.10217391304347,36.449999999999996
48,beatbox+harrymetsally+unefille,ses-01_run-02_order-01_content-harrymetsally_chunk_0063.mp4,harrymetsally,126,128,2,ses-01,run-02,0.011,154.992,126.011,2,273.9369565217391,278.28478260869565
48,beatbox+harrymetsally+unefille,ses-01_run-02_order-01_content-harrymetsally_chunk_0061.mp4,harrymetsally,122,124,2,ses-01,run-02,0.011,154.992,122.011,2,265.2413043478261,269.5891304347826
48,beatbox+harrymetsally+unefille,ses-01_run-02_order-01_content-harrymetsally_chunk_0062.mp4,harrymetsally,124,126,2,ses-01,run-02,0.011,154.992,124.011,2,269.5891304347826,273.9369565217391
48,beatbox+harrymetsally+unefille,ses-01_run-02_order-01_content-harrymetsally_chunk_0064.mp4,harrymetsally,128,130,2,ses-01,run-02,0.011,154.992,128.011,2,278.28478260869565,282.63260869565215
48,beatbox+harrymetsally+unefille,ses-01_run-02_order-01_content-harrymetsally_chunk_0065.mp4,harrymetsally,130,132,2,ses-01,run-02,0.011,154.992,130.011,2,282.63260869565215,286.98043478260865
48,beatbox+harrymetsally+unefille,ses-01_run-02_order-01_content-harrymetsally_chunk_0066.mp4,harrymetsally,132,134,2,ses-01,run-02,0.011,154.992,132.011,2,286.98043478260865,291.3282608695652
48,beatbox+harrymetsally+unefille,ses-01_run-02_order-01_content-harrymetsally_chunk_0067.mp4,harrymetsally,134,136,2,ses-01,run-02,0.011,154.992,134.011,2,291.3282608695652,295.6760869565217
48,beatbox+harrymetsally+unefille,ses-01_run-02_order-01_content-harrymetsally_chunk_0075.mp4,harrymetsally,150,152,2,ses-01,run-02,0.011,154.992,150.011,2,326.11086956521734,330.4586956521739
48,beatbox+harrymetsally+unefille,ses-01_run-02_order-01_content-harrymetsally_chunk_0076.mp4,harrymetsally,152,154,2,ses-01,run-02,0.011,154.992,152.011,2,330.4586956521739,334.8065217391304
48,beatbox+harrymetsally+unefille,ses-01_run-02_order-01_content-harrymetsally_chunk_0074.mp4,harrymetsally,148,150,2,ses-01,run-02,0.011,154.992,148.011,2,321.76304347826084,326.11086956521734
48,beatbox+harrymetsally+unefille,ses-01_run-02_order-01_content-harrymetsally_chunk_0072.mp4,harrymetsally,144,146,2,ses-01,run-02,0.011,154.992,144.011,2,313.0673913043478,317.41521739130434
48,beatbox+harrymetsally+unefille,ses-01_run-02_order-01_content-harrymetsally_chunk_0073.mp4,harrymetsally,146,148,2,ses-01,run-02,0.011,154.992,146.011,2,317.41521739130434,321.76304347826084
48,beatbox+harrymetsally+unefille,ses-01_run-02_order-01_content-harrymetsally_chunk_0070.mp4,harrymetsally,140,142,2,ses-01,run-02,0.011,154.992,140.011,2,304.3717391304348,308.7195652173913
48,beatbox+harrymetsally+unefille,ses-01_run-02_order-01_content-harrymetsally_chunk_0071.mp4,harrymetsally,142,144,2,ses-01,run-02,0.011,154.992,142.011,2,308.7195652173913,313.0673913043478
48,beatbox+harrymetsally+unefille,ses-01_run-02_order-01_content-harrymetsally_chunk_0068.mp4,harrymetsally,136,138,2,ses-01,run-02,0.011,154.992,136.011,2,295.6760869565217,300.0239130434782
48,beatbox+harrymetsally+unefille,ses-01_run-02_order-01_content-harrymetsally_chunk_0069.mp4,harrymetsally,138,140,2,ses-01,run-02,0.011,154.992,138.011,2,300.0239130434782,304.3717391304348
48,beatbox+harrymetsally+unefille,ses-01_run-02_order-01_content-harrymetsally_chunk_0048.mp4,harrymetsally,96,98,2,ses-01,run-02,0.011,154.992,96.011,2,208.71956521739128,213.0673913043478
48,beatbox+harrymetsally+unefille,ses-01_run-02_order-01_content-harrymetsally_chunk_0049.mp4,harrymetsally,98,100,2,ses-01,run-02,0.011,154.992,98.011,2,213.0673913043478,217.41521739130434
48,beatbox+harrymetsally+unefille,ses-01_run-02_order-01_content-harrymetsally_chunk_0050.mp4,harrymetsally,100,102,2,ses-01,run-02,0.011,154.992,100.011,2,217.41521739130434,221.76304347826084
48,beatbox+harrymetsally+unefille,ses-01_run-02_order-01_content-harrymetsally_chunk_0051.mp4,harrymetsally,102,104,2,ses-01,run-02,0.011,154.992,102.011,2,221.76304347826084,226.11086956521737
48,beatbox+harrymetsally+unefille,ses-01_run-02_order-01_content-harrymetsally_chunk_0052.mp4,harrymetsally,104,106,2,ses-01,run-02,0.011,154.992,104.011,2,226.11086956521737,230.4586956521739
48,beatbox+harrymetsally+unefille,ses-01_run-02_order-01_content-harrymetsally_chunk_0059.mp4,harrymetsally,118,120,2,ses-01,run-02,0.011,154.992,118.011,2,256.545652173913,260.89347826086953
48,beatbox+harrymetsally+unefille,ses-01_run-02_order-01_content-harrymetsally_chunk_0060.mp4,harrymetsally,120,122,2,ses-01,run-02,0.011,154.992,120.011,2,260.89347826086953,265.2413043478261
48,beatbox+harrymetsally+unefille,ses-01_run-02_order-01_content-harrymetsally_chunk_0053.mp4,harrymetsally,106,108,2,ses-01,run-02,0.011,154.992,106.011,2,230.4586956521739,234.8065217391304
48,beatbox+harrymetsally+unefille,ses-01_run-02_order-01_content-harrymetsally_chunk_0054.mp4,harrymetsally,108,110,2,ses-01,run-02,0.011,154.992,108.011,2,234.8065217391304,239.15434782608693
48,beatbox+harrymetsally+unefille,ses-01_run-02_order-01_content-harrymetsally_chunk_0055.mp4,harrymetsally,110,112,2,ses-01,run-02,0.011,154.992,110.011,2,239.15434782608693,243.50217391304346
48,beatbox+harrymetsally+unefille,ses-01_run-02_order-01_content-harrymetsally_chunk_0056.mp4,harrymetsally,112,114,2,ses-01,run-02,0.011,154.992,112.011,2,243.50217391304346,247.84999999999997
48,beatbox+harrymetsally+unefille,ses-01_run-02_order-01_content-harrymetsally_chunk_0057.mp4,harrymetsally,114,116,2,ses-01,run-02,0.011,154.992,114.011,2,247.84999999999997,252.1978260869565
48,beatbox+harrymetsally+unefille,ses-01_run-02_order-01_content-harrymetsally_chunk_0058.mp4,harrymetsally,116,118,2,ses-01,run-02,0.011,154.992,116.011,2,252.1978260869565,256.545652173913
48,beatbox+harrymetsally+unefille,ses-01_run-02_order-01_content-harrymetsally_chunk_0044.mp4,harrymetsally,88,90,2,ses-01,run-02,0.011,154.992,88.011,2,191.3282608695652,195.67608695652171
48,beatbox+harrymetsally+unefille,ses-01_run-02_order-01_content-harrymetsally_chunk_0042.mp4,harrymetsally,84,86,2,ses-01,run-02,0.011,154.992,84.011,2,182.63260869565215,186.98043478260868
48,beatbox+harrymetsally+unefille,ses-01_run-02_order-01_content-harrymetsally_chunk_0043.mp4,harrymetsally,86,88,2,ses-01,run-02,0.011,154.992,86.011,2,186.98043478260868,191.3282608695652
48,beatbox+harrymetsally+unefille,ses-01_run-02_order-01_content-harrymetsally_chunk_0045.mp4,harrymetsally,90,92,2,ses-01,run-02,0.011,154.992,90.011,2,195.67608695652171,200.02391304347825
48,beatbox+harrymetsally+unefille,ses-01_run-02_order-01_content-harrymetsally_chunk_0046.mp4,harrymetsally,92,94,2,ses-01,run-02,0.011,154.992,92.011,2,200.02391304347825,204.37173913043478
48,beatbox+harrymetsally+unefille,ses-01_run-02_order-01_content-harrymetsally_chunk_0047.mp4,harrymetsally,94,96,2,ses-01,run-02,0.011,154.992,94.011,2,204.37173913043478,208.71956521739128
48,beatbox+harrymetsally+unefille,ses-01_run-02_order-01_content-harrymetsally_chunk_0040.mp4,harrymetsally,80,82,2,ses-01,run-02,0.011,154.992,80.011,2,173.93695652173912,178.28478260869562
48,beatbox+harrymetsally+unefille,ses-01_run-02_order-01_content-harrymetsally_chunk_0041.mp4,harrymetsally,82,84,2,ses-01,run-02,0.011,154.992,82.011,2,178.28478260869562,182.63260869565215
48,beatbox+harrymetsally+unefille,ses-01_run-02_order-01_content-harrymetsally_chunk_0037.mp4,harrymetsally,74,76,2,ses-01,run-02,0.011,154.992,74.011,2,160.89347826086956,165.24130434782606
48,beatbox+harrymetsally+unefille,ses-01_run-02_order-01_content-harrymetsally_chunk_0038.mp4,harrymetsally,76,78,2,ses-01,run-02,0.011,154.992,76.011,2,165.24130434782606,169.5891304347826
48,beatbox+harrymetsally+unefille,ses-01_run-02_order-01_content-harrymetsally_chunk_0039.mp4,harrymetsally,78,80,2,ses-01,run-02,0.011,154.992,78.011,2,169.5891304347826,173.93695652173912
48,beatbox+harrymetsally+unefille,ses-01_run-02_order-01_content-harrymetsally_chunk_0000.mp4,harrymetsally,0,2,2,ses-01,run-02,0.011,154.992,0.011,2,0.023913043478260867,4.371739130434783
48,beatbox+harrymetsally+unefille,ses-01_run-02_order-01_content-harrymetsally_chunk_0001.mp4,harrymetsally,2,4,2,ses-01,run-02,0.011,154.992,2.011,2,4.371739130434783,8.719565217391304
48,beatbox+harrymetsally+unefille,ses-01_run-02_order-01_content-harrymetsally_chunk_0002.mp4,harrymetsally,4,6,2,ses-01,run-02,0.011,154.992,4.011,2,8.719565217391304,13.067391304347826
48,beatbox+harrymetsally+unefille,ses-01_run-02_order-01_content-harrymetsally_chunk_0003.mp4,harrymetsally,6,8,2,ses-01,run-02,0.011,154.992,6.011,2,13.067391304347826,17.415217391304346
48,beatbox+harrymetsally+unefille,ses-01_run-02_order-01_content-harrymetsally_chunk_0004.mp4,harrymetsally,8,10,2,ses-01,run-02,0.011,154.992,8.011,2,17.415217391304346,21.763043478260865
48,beatbox+harrymetsally+unefille,ses-01_run-02_order-01_content-harrymetsally_chunk_0035.mp4,harrymetsally,70,72,2,ses-01,run-02,0.011,154.992,70.011,2,152.1978260869565,156.54565217391303
48,beatbox+harrymetsally+unefille,ses-01_run-02_order-01_content-harrymetsally_chunk_0036.mp4,harrymetsally,72,74,2,ses-01,run-02,0.011,154.992,72.011,2,156.54565217391303,160.89347826086956
48,beatbox+harrymetsally+unefille,ses-01_run-02_order-01_content-harrymetsally_chunk_0033.mp4,harrymetsally,66,68,2,ses-01,run-02,0.011,154.992,66.011,2,143.50217391304346,147.85
48,beatbox+harrymetsally+unefille,ses-01_run-02_order-01_content-harrymetsally_chunk_0034.mp4,harrymetsally,68,70,2,ses-01,run-02,0.011,154.992,68.011,2,147.85,152.1978260869565
48,beatbox+harrymetsally+unefille,ses-01_run-02_order-01_content-harrymetsally_chunk_0025.mp4,harrymetsally,50,52,2,ses-01,run-02,0.011,154.992,50.011,2,108.7195652173913,113.06739130434782
48,beatbox+harrymetsally+unefille,ses-01_run-02_order-01_content-harrymetsally_chunk_0026.mp4,harrymetsally,52,54,2,ses-01,run-02,0.011,154.992,52.011,2,113.06739130434782,117.41521739130435
48,beatbox+harrymetsally+unefille,ses-01_run-02_order-01_content-harrymetsally_chunk_0022.mp4,harrymetsally,44,46,2,ses-01,run-02,0.011,154.992,44.011,2,95.67608695652174,100.02391304347826
48,beatbox+harrymetsally+unefille,ses-01_run-02_order-01_content-harrymetsally_chunk_0023.mp4,harrymetsally,46,48,2,ses-01,run-02,0.011,154.992,46.011,2,100.02391304347826,104.37173913043479
48,beatbox+harrymetsally+unefille,ses-01_run-02_order-01_content-harrymetsally_chunk_0024.mp4,harrymetsally,48,50,2,ses-01,run-02,0.011,154.992,48.011,2,104.37173913043479,108.7195652173913
48,beatbox+harrymetsally+unefille,ses-01_run-02_order-01_content-harrymetsally_chunk_0031.mp4,harrymetsally,62,64,2,ses-01,run-02,0.011,154.992,62.011,2,134.80652173913043,139.15434782608693
48,beatbox+harrymetsally+unefille,ses-01_run-02_order-01_content-harrymetsally_chunk_0032.mp4,harrymetsally,64,66,2,ses-01,run-02,0.011,154.992,64.011,2,139.15434782608693,143.50217391304346
48,beatbox+harrymetsally+unefille,ses-01_run-02_order-01_content-harrymetsally_chunk_0029.mp4,harrymetsally,58,60,2,ses-01,run-02,0.011,154.992,58.011,2,126.11086956521739,130.4586956521739
48,beatbox+harrymetsally+unefille,ses-01_run-02_order-01_content-harrymetsally_chunk_0030.mp4,harrymetsally,60,62,2,ses-01,run-02,0.011,154.992,60.011,2,130.4586956521739,134.80652173913043
48,beatbox+harrymetsally+unefille,ses-01_run-02_order-01_content-harrymetsally_chunk_0027.mp4,harrymetsally,54,56,2,ses-01,run-02,0.011,154.992,54.011,2,117.41521739130435,121.76304347826087
48,beatbox+harrymetsally+unefille,ses-01_run-02_order-01_content-harrymetsally_chunk_0028.mp4,harrymetsally,56,58,2,ses-01,run-02,0.011,154.992,56.011,2,121.76304347826087,126.11086956521739
48,beatbox+harrymetsally+unefille,ses-01_run-02_order-01_content-harrymetsally_chunk_0005.mp4,harrymetsally,10,12,2,ses-01,run-02,0.011,154.992,10.011,2,21.763043478260865,26.11086956521739
48,beatbox+harrymetsally+unefille,ses-01_run-02_order-01_content-harrymetsally_chunk_0006.mp4,harrymetsally,12,14,2,ses-01,run-02,0.011,154.992,12.011,2,26.11086956521739,30.45869565217391
48,beatbox+harrymetsally+unefille,ses-01_run-02_order-01_content-harrymetsally_chunk_0009.mp4,harrymetsally,18,20,2,ses-01,run-02,0.011,154.992,18.011,2,39.154347826086955,43.50217391304348
48,beatbox+harrymetsally+unefille,ses-01_run-02_order-01_content-harrymetsally_chunk_0007.mp4,harrymetsally,14,16,2,ses-01,run-02,0.011,154.992,14.011,2,30.45869565217391,34.80652173913043
48,beatbox+harrymetsally+unefille,ses-01_run-02_order-01_content-harrymetsally_chunk_0008.mp4,harrymetsally,16,18,2,ses-01,run-02,0.011,154.992,16.011,2,34.80652173913043,39.154347826086955
48,beatbox+harrymetsally+unefille,ses-01_run-02_order-01_content-harrymetsally_chunk_0012.mp4,harrymetsally,24,26,2,ses-01,run-02,0.011,154.992,24.011,2,52.19782608695652,56.54565217391304
48,beatbox+harrymetsally+unefille,ses-01_run-02_order-01_content-harrymetsally_chunk_0013.mp4,harrymetsally,26,28,2,ses-01,run-02,0.011,154.992,26.011,2,56.54565217391304,60.893478260869564
48,beatbox+harrymetsally+unefille,ses-01_run-02_order-01_content-harrymetsally_chunk_0010.mp4,harrymetsally,20,22,2,ses-01,run-02,0.011,154.992,20.011,2,43.50217391304348,47.849999999999994
48,beatbox+harrymetsally+unefille,ses-01_run-02_order-01_content-harrymetsally_chunk_0011.mp4,harrymetsally,22,24,2,ses-01,run-02,0.011,154.992,22.011,2,47.849999999999994,52.19782608695652
48,beatbox+harrymetsally+unefille,ses-01_run-02_order-01_content-harrymetsally_chunk_0021.mp4,harrymetsally,42,44,2,ses-01,run-02,0.011,154.992,42.011,2,91.32826086956521,95.67608695652174
48,beatbox+harrymetsally+unefille,ses-01_run-02_order-01_content-harrymetsally_chunk_0019.mp4,harrymetsally,38,40,2,ses-01,run-02,0.011,154.992,38.011,2,82.63260869565218,86.9804347826087
48,beatbox+harrymetsally+unefille,ses-01_run-02_order-01_content-harrymetsally_chunk_0020.mp4,harrymetsally,40,42,2,ses-01,run-02,0.011,154.992,40.011,2,86.9804347826087,91.32826086956521
48,beatbox+harrymetsally+unefille,ses-01_run-02_order-01_content-harrymetsally_chunk_0014.mp4,harrymetsally,28,30,2,ses-01,run-02,0.011,154.992,28.011,2,60.893478260869564,65.24130434782609
48,beatbox+harrymetsally+unefille,ses-01_run-02_order-01_content-harrymetsally_chunk_0015.mp4,harrymetsally,30,32,2,ses-01,run-02,0.011,154.992,30.011,2,65.24130434782609,69.58913043478262
48,beatbox+harrymetsally+unefille,ses-01_run-02_order-01_content-harrymetsally_chunk_0016.mp4,harrymetsally,32,34,2,ses-01,run-02,0.011,154.992,32.011,2,69.58913043478262,73.93695652173913
48,beatbox+harrymetsally+unefille,ses-01_run-02_order-01_content-harrymetsally_chunk_0017.mp4,harrymetsally,34,36,2,ses-01,run-02,0.011,154.992,34.011,2,73.93695652173913,78.28478260869565
48,beatbox+harrymetsally+unefille,ses-01_run-02_order-01_content-harrymetsally_chunk_0018.mp4,harrymetsally,36,38,2,ses-01,run-02,0.011,154.992,36.011,2,78.28478260869565,82.63260869565218
49,normativeprosocial1+normativeprosocial2+normativeprosocial3,ses-03_run-03_order-01_content-normativeprosocial2_chunk_0040.mp4,normativeprosocial2,80,82,2,ses-03,run-03,2.767,106.519,82.767,2,179.9282608695652,184.2760869565217
49,normativeprosocial1+normativeprosocial2+normativeprosocial3,ses-03_run-03_order-01_content-normativeprosocial2_chunk_0041.mp4,normativeprosocial2,82,84,2,ses-03,run-03,2.767,106.519,84.767,2,184.2760869565217,188.62391304347824
49,normativeprosocial1+normativeprosocial2+normativeprosocial3,ses-03_run-03_order-01_content-normativeprosocial2_chunk_0042.mp4,normativeprosocial2,84,86,2,ses-03,run-03,2.767,106.519,86.767,2,188.62391304347824,192.97173913043477
49,normativeprosocial1+normativeprosocial2+normativeprosocial3,ses-03_run-03_order-01_content-normativeprosocial2_chunk_0037.mp4,normativeprosocial2,74,76,2,ses-03,run-03,2.767,106.519,76.767,2,166.88478260869564,171.23260869565215
49,normativeprosocial1+normativeprosocial2+normativeprosocial3,ses-03_run-03_order-01_content-normativeprosocial2_chunk_0038.mp4,normativeprosocial2,76,78,2,ses-03,run-03,2.767,106.519,78.767,2,171.23260869565215,175.58043478260868
49,normativeprosocial1+normativeprosocial2+normativeprosocial3,ses-03_run-03_order-01_content-normativeprosocial2_chunk_0039.mp4,normativeprosocial2,78,80,2,ses-03,run-03,2.767,106.519,80.767,2,175.58043478260868,179.9282608695652
49,normativeprosocial1+normativeprosocial2+normativeprosocial3,ses-03_run-03_order-01_content-normativeprosocial2_chunk_0034.mp4,normativeprosocial2,68,70,2,ses-03,run-03,2.767,106.519,70.767,2,153.84130434782608,158.18913043478258
49,normativeprosocial1+normativeprosocial2+normativeprosocial3,ses-03_run-03_order-01_content-normativeprosocial2_chunk_0035.mp4,normativeprosocial2,70,72,2,ses-03,run-03,2.767,106.519,72.767,2,158.18913043478258,162.5369565217391
49,normativeprosocial1+normativeprosocial2+normativeprosocial3,ses-03_run-03_order-01_content-normativeprosocial2_chunk_0036.mp4,normativeprosocial2,72,74,2,ses-03,run-03,2.767,106.519,74.767,2,162.5369565217391,166.88478260869564
49,normativeprosocial1+normativeprosocial2+normativeprosocial3,ses-03_run-03_order-01_content-normativeprosocial2_chunk_0051.mp4,normativeprosocial2,102,104,2,ses-03,run-03,2.767,106.519,104.767,2,227.75434782608693,232.10217391304346
49,normativeprosocial1+normativeprosocial2+normativeprosocial3,ses-03_run-03_order-01_content-normativeprosocial2_chunk_0049.mp4,normativeprosocial2,98,100,2,ses-03,run-03,2.767,106.519,100.767,2,219.0586956521739,223.40652173913043
49,normativeprosocial1+normativeprosocial2+normativeprosocial3,ses-03_run-03_order-01_content-normativeprosocial2_chunk_0050.mp4,normativeprosocial2,100,102,2,ses-03,run-03,2.767,106.519,102.767,2,223.40652173913043,227.75434782608693
49,normativeprosocial1+normativeprosocial2+normativeprosocial3,ses-03_run-03_order-01_content-normativeprosocial2_chunk_0043.mp4,normativeprosocial2,86,88,2,ses-03,run-03,2.767,106.519,88.767,2,192.97173913043477,197.3195652173913
49,normativeprosocial1+normativeprosocial2+normativeprosocial3,ses-03_run-03_order-01_content-normativeprosocial2_chunk_0044.mp4,normativeprosocial2,88,90,2,ses-03,run-03,2.767,106.519,90.767,2,197.3195652173913,201.6673913043478
49,normativeprosocial1+normativeprosocial2+normativeprosocial3,ses-03_run-03_order-01_content-normativeprosocial2_chunk_0047.mp4,normativeprosocial2,94,96,2,ses-03,run-03,2.767,106.519,96.767,2,210.36304347826086,214.71086956521737
49,normativeprosocial1+normativeprosocial2+normativeprosocial3,ses-03_run-03_order-01_content-normativeprosocial2_chunk_0048.mp4,normativeprosocial2,96,98,2,ses-03,run-03,2.767,106.519,98.767,2,214.71086956521737,219.0586956521739
49,normativeprosocial1+normativeprosocial2+normativeprosocial3,ses-03_run-03_order-01_content-normativeprosocial2_chunk_0045.mp4,normativeprosocial2,90,92,2,ses-03,run-03,2.767,106.519,92.767,2,201.6673913043478,206.01521739130433
49,normativeprosocial1+normativeprosocial2+normativeprosocial3,ses-03_run-03_order-01_content-normativeprosocial2_chunk_0046.mp4,normativeprosocial2,92,94,2,ses-03,run-03,2.767,106.519,94.767,2,206.01521739130433,210.36304347826086
49,normativeprosocial1+normativeprosocial2+normativeprosocial3,ses-03_run-03_order-01_content-normativeprosocial2_chunk_0004.mp4,normativeprosocial2,8,10,2,ses-03,run-03,2.767,106.519,10.767,2,23.406521739130433,27.754347826086953
49,normativeprosocial1+normativeprosocial2+normativeprosocial3,ses-03_run-03_order-01_content-normativeprosocial2_chunk_0005.mp4,normativeprosocial2,10,12,2,ses-03,run-03,2.767,106.519,12.767,2,27.754347826086953,32.10217391304347
49,normativeprosocial1+normativeprosocial2+normativeprosocial3,ses-03_run-03_order-01_content-normativeprosocial2_chunk_0000.mp4,normativeprosocial2,0,2,2,ses-03,run-03,2.767,106.519,2.767,2,6.015217391304347,10.363043478260868
49,normativeprosocial1+normativeprosocial2+normativeprosocial3,ses-03_run-03_order-01_content-normativeprosocial2_chunk_0001.mp4,normativeprosocial2,2,4,2,ses-03,run-03,2.767,106.519,4.7669999999999995,2,10.363043478260868,14.71086956521739
49,normativeprosocial1+normativeprosocial2+normativeprosocial3,ses-03_run-03_order-01_content-normativeprosocial2_chunk_0002.mp4,normativeprosocial2,4,6,2,ses-03,run-03,2.767,106.519,6.7669999999999995,2,14.71086956521739,19.05869565217391
49,normativeprosocial1+normativeprosocial2+normativeprosocial3,ses-03_run-03_order-01_content-normativeprosocial2_chunk_0003.mp4,normativeprosocial2,6,8,2,ses-03,run-03,2.767,106.519,8.767,2,19.05869565217391,23.406521739130433
49,normativeprosocial1+normativeprosocial2+normativeprosocial3,ses-03_run-03_order-01_content-normativeprosocial2_chunk_0024.mp4,normativeprosocial2,48,50,2,ses-03,run-03,2.767,106.519,50.767,2,110.36304347826088,114.7108695652174
49,normativeprosocial1+normativeprosocial2+normativeprosocial3,ses-03_run-03_order-01_content-normativeprosocial2_chunk_0022.mp4,normativeprosocial2,44,46,2,ses-03,run-03,2.767,106.519,46.767,2,101.66739130434783,106.01521739130435
49,normativeprosocial1+normativeprosocial2+normativeprosocial3,ses-03_run-03_order-01_content-normativeprosocial2_chunk_0023.mp4,normativeprosocial2,46,48,2,ses-03,run-03,2.767,106.519,48.767,2,106.01521739130435,110.36304347826088
49,normativeprosocial1+normativeprosocial2+normativeprosocial3,ses-03_run-03_order-01_content-normativeprosocial2_chunk_0025.mp4,normativeprosocial2,50,52,2,ses-03,run-03,2.767,106.519,52.767,2,114.7108695652174,119.05869565217391
49,normativeprosocial1+normativeprosocial2+normativeprosocial3,ses-03_run-03_order-01_content-normativeprosocial2_chunk_0026.mp4,normativeprosocial2,52,54,2,ses-03,run-03,2.767,106.519,54.767,2,119.05869565217391,123.40652173913044
49,normativeprosocial1+normativeprosocial2+normativeprosocial3,ses-03_run-03_order-01_content-normativeprosocial2_chunk_0027.mp4,normativeprosocial2,54,56,2,ses-03,run-03,2.767,106.519,56.767,2,123.40652173913044,127.75434782608696
49,normativeprosocial1+normativeprosocial2+normativeprosocial3,ses-03_run-03_order-01_content-normativeprosocial2_chunk_0028.mp4,normativeprosocial2,56,58,2,ses-03,run-03,2.767,106.519,58.767,2,127.75434782608696,132.1021739130435
49,normativeprosocial1+normativeprosocial2+normativeprosocial3,ses-03_run-03_order-01_content-normativeprosocial2_chunk_0029.mp4,normativeprosocial2,58,60,2,ses-03,run-03,2.767,106.519,60.767,2,132.1021739130435,136.45
49,normativeprosocial1+normativeprosocial2+normativeprosocial3,ses-03_run-03_order-01_content-normativeprosocial2_chunk_0030.mp4,normativeprosocial2,60,62,2,ses-03,run-03,2.767,106.519,62.767,2,136.45,140.79782608695652
49,normativeprosocial1+normativeprosocial2+normativeprosocial3,ses-03_run-03_order-01_content-normativeprosocial2_chunk_0033.mp4,normativeprosocial2,66,68,2,ses-03,run-03,2.767,106.519,68.767,2,149.49347826086955,153.84130434782608
49,normativeprosocial1+normativeprosocial2+normativeprosocial3,ses-03_run-03_order-01_content-normativeprosocial2_chunk_0031.mp4,normativeprosocial2,62,64,2,ses-03,run-03,2.767,106.519,64.767,2,140.79782608695652,145.14565217391302
49,normativeprosocial1+normativeprosocial2+normativeprosocial3,ses-03_run-03_order-01_content-normativeprosocial2_chunk_0032.mp4,normativeprosocial2,64,66,2,ses-03,run-03,2.767,106.519,66.767,2,145.14565217391302,149.49347826086955
49,normativeprosocial1+normativeprosocial2+normativeprosocial3,ses-03_run-03_order-01_content-normativeprosocial2_chunk_0008.mp4,normativeprosocial2,16,18,2,ses-03,run-03,2.767,106.519,18.767,2,40.79782608695652,45.14565217391304
49,normativeprosocial1+normativeprosocial2+normativeprosocial3,ses-03_run-03_order-01_content-normativeprosocial2_chunk_0009.mp4,normativeprosocial2,18,20,2,ses-03,run-03,2.767,106.519,20.767,2,45.14565217391304,49.49347826086956
49,normativeprosocial1+normativeprosocial2+normativeprosocial3,ses-03_run-03_order-01_content-normativeprosocial2_chunk_0006.mp4,normativeprosocial2,12,14,2,ses-03,run-03,2.767,106.519,14.767,2,32.10217391304347,36.449999999999996
49,normativeprosocial1+normativeprosocial2+normativeprosocial3,ses-03_run-03_order-01_content-normativeprosocial2_chunk_0007.mp4,normativeprosocial2,14,16,2,ses-03,run-03,2.767,106.519,16.767,2,36.449999999999996,40.79782608695652
49,normativeprosocial1+normativeprosocial2+normativeprosocial3,ses-03_run-03_order-01_content-normativeprosocial2_chunk_0012.mp4,normativeprosocial2,24,26,2,ses-03,run-03,2.767,106.519,26.767,2,58.189130434782605,62.53695652173913
49,normativeprosocial1+normativeprosocial2+normativeprosocial3,ses-03_run-03_order-01_content-normativeprosocial2_chunk_0013.mp4,normativeprosocial2,26,28,2,ses-03,run-03,2.767,106.519,28.767,2,62.53695652173913,66.88478260869564
49,normativeprosocial1+normativeprosocial2+normativeprosocial3,ses-03_run-03_order-01_content-normativeprosocial2_chunk_0010.mp4,normativeprosocial2,20,22,2,ses-03,run-03,2.767,106.519,22.767,2,49.49347826086956,53.84130434782608
49,normativeprosocial1+normativeprosocial2+normativeprosocial3,ses-03_run-03_order-01_content-normativeprosocial2_chunk_0011.mp4,normativeprosocial2,22,24,2,ses-03,run-03,2.767,106.519,24.767,2,53.84130434782608,58.189130434782605
49,normativeprosocial1+normativeprosocial2+normativeprosocial3,ses-03_run-03_order-01_content-normativeprosocial2_chunk_0020.mp4,normativeprosocial2,40,42,2,ses-03,run-03,2.767,106.519,42.767,2,92.97173913043478,97.3195652173913
49,normativeprosocial1+normativeprosocial2+normativeprosocial3,ses-03_run-03_order-01_content-normativeprosocial2_chunk_0021.mp4,normativeprosocial2,42,44,2,ses-03,run-03,2.767,106.519,44.767,2,97.3195652173913,101.66739130434783
49,normativeprosocial1+normativeprosocial2+normativeprosocial3,ses-03_run-03_order-01_content-normativeprosocial2_chunk_0016.mp4,normativeprosocial2,32,34,2,ses-03,run-03,2.767,106.519,34.767,2,75.5804347826087,79.92826086956522
49,normativeprosocial1+normativeprosocial2+normativeprosocial3,ses-03_run-03_order-01_content-normativeprosocial2_chunk_0017.mp4,normativeprosocial2,34,36,2,ses-03,run-03,2.767,106.519,36.767,2,79.92826086956522,84.27608695652174
49,normativeprosocial1+normativeprosocial2+normativeprosocial3,ses-03_run-03_order-01_content-normativeprosocial2_chunk_0018.mp4,normativeprosocial2,36,38,2,ses-03,run-03,2.767,106.519,38.767,2,84.27608695652174,88.62391304347827
49,normativeprosocial1+normativeprosocial2+normativeprosocial3,ses-03_run-03_order-01_content-normativeprosocial2_chunk_0019.mp4,normativeprosocial2,38,40,2,ses-03,run-03,2.767,106.519,40.767,2,88.62391304347827,92.97173913043478
49,normativeprosocial1+normativeprosocial2+normativeprosocial3,ses-03_run-03_order-01_content-normativeprosocial2_chunk_0014.mp4,normativeprosocial2,28,30,2,ses-03,run-03,2.767,106.519,30.767,2,66.88478260869564,71.23260869565217
49,normativeprosocial1+normativeprosocial2+normativeprosocial3,ses-03_run-03_order-01_content-normativeprosocial2_chunk_0015.mp4,normativeprosocial2,30,32,2,ses-03,run-03,2.767,106.519,32.767,2,71.23260869565217,75.5804347826087
49,normativeprosocial1+normativeprosocial2+normativeprosocial3,ses-03_run-03_order-02_content-normativeprosocial1_chunk_0034.mp4,normativeprosocial1,68,70,2,ses-03,run-03,144.467,74.836,212.467,2,461.8847826086957,466.2326086956522
49,normativeprosocial1+normativeprosocial2+normativeprosocial3,ses-03_run-03_order-02_content-normativeprosocial1_chunk_0035.mp4,normativeprosocial1,70,72,2,ses-03,run-03,144.467,74.836,214.467,2,466.2326086956522,470.5804347826087
49,normativeprosocial1+normativeprosocial2+normativeprosocial3,ses-03_run-03_order-02_content-normativeprosocial1_chunk_0036.mp4,normativeprosocial1,72,74,2,ses-03,run-03,144.467,74.836,216.467,2,470.5804347826087,474.92826086956524
49,normativeprosocial1+normativeprosocial2+normativeprosocial3,ses-03_run-03_order-02_content-normativeprosocial1_chunk_0027.mp4,normativeprosocial1,54,56,2,ses-03,run-03,144.467,74.836,198.467,2,431.45,435.79782608695655
49,normativeprosocial1+normativeprosocial2+normativeprosocial3,ses-03_run-03_order-02_content-normativeprosocial1_chunk_0028.mp4,normativeprosocial1,56,58,2,ses-03,run-03,144.467,74.836,200.467,2,435.79782608695655,440.14565217391305
49,normativeprosocial1+normativeprosocial2+normativeprosocial3,ses-03_run-03_order-02_content-normativeprosocial1_chunk_0029.mp4,normativeprosocial1,58,60,2,ses-03,run-03,144.467,74.836,202.467,2,440.14565217391305,444.49347826086955
49,normativeprosocial1+normativeprosocial2+normativeprosocial3,ses-03_run-03_order-02_content-normativeprosocial1_chunk_0030.mp4,normativeprosocial1,60,62,2,ses-03,run-03,144.467,74.836,204.467,2,444.49347826086955,448.8413043478261
49,normativeprosocial1+normativeprosocial2+normativeprosocial3,ses-03_run-03_order-02_content-normativeprosocial1_chunk_0033.mp4,normativeprosocial1,66,68,2,ses-03,run-03,144.467,74.836,210.467,2,457.5369565217391,461.8847826086957
49,normativeprosocial1+normativeprosocial2+normativeprosocial3,ses-03_run-03_order-02_content-normativeprosocial1_chunk_0031.mp4,normativeprosocial1,62,64,2,ses-03,run-03,144.467,74.836,206.467,2,448.8413043478261,453.1891304347826
49,normativeprosocial1+normativeprosocial2+normativeprosocial3,ses-03_run-03_order-02_content-normativeprosocial1_chunk_0032.mp4,normativeprosocial1,64,66,2,ses-03,run-03,144.467,74.836,208.467,2,453.1891304347826,457.5369565217391
49,normativeprosocial1+normativeprosocial2+normativeprosocial3,ses-03_run-03_order-02_content-normativeprosocial1_chunk_0025.mp4,normativeprosocial1,50,52,2,ses-03,run-03,144.467,74.836,194.467,2,422.754347826087,427.1021739130435
49,normativeprosocial1+normativeprosocial2+normativeprosocial3,ses-03_run-03_order-02_content-normativeprosocial1_chunk_0026.mp4,normativeprosocial1,52,54,2,ses-03,run-03,144.467,74.836,196.467,2,427.1021739130435,431.45
49,normativeprosocial1+normativeprosocial2+normativeprosocial3,ses-03_run-03_order-02_content-normativeprosocial1_chunk_0024.mp4,normativeprosocial1,48,50,2,ses-03,run-03,144.467,74.836,192.467,2,418.4065217391304,422.754347826087
49,normativeprosocial1+normativeprosocial2+normativeprosocial3,ses-03_run-03_order-02_content-normativeprosocial1_chunk_0022.mp4,normativeprosocial1,44,46,2,ses-03,run-03,144.467,74.836,188.467,2,409.7108695652174,414.0586956521739
49,normativeprosocial1+normativeprosocial2+normativeprosocial3,ses-03_run-03_order-02_content-normativeprosocial1_chunk_0023.mp4,normativeprosocial1,46,48,2,ses-03,run-03,144.467,74.836,190.467,2,414.0586956521739,418.4065217391304
49,normativeprosocial1+normativeprosocial2+normativeprosocial3,ses-03_run-03_order-02_content-normativeprosocial1_chunk_0020.mp4,normativeprosocial1,40,42,2,ses-03,run-03,144.467,74.836,184.467,2,401.01521739130436,405.36304347826086
49,normativeprosocial1+normativeprosocial2+normativeprosocial3,ses-03_run-03_order-02_content-normativeprosocial1_chunk_0021.mp4,normativeprosocial1,42,44,2,ses-03,run-03,144.467,74.836,186.467,2,405.36304347826086,409.7108695652174
49,normativeprosocial1+normativeprosocial2+normativeprosocial3,ses-03_run-03_order-02_content-normativeprosocial1_chunk_0015.mp4,normativeprosocial1,30,32,2,ses-03,run-03,144.467,74.836,174.467,2,379.27608695652174,383.6239130434783
49,normativeprosocial1+normativeprosocial2+normativeprosocial3,ses-03_run-03_order-02_content-normativeprosocial1_chunk_0016.mp4,normativeprosocial1,32,34,2,ses-03,run-03,144.467,74.836,176.467,2,383.6239130434783,387.9717391304348
49,normativeprosocial1+normativeprosocial2+normativeprosocial3,ses-03_run-03_order-02_content-normativeprosocial1_chunk_0017.mp4,normativeprosocial1,34,36,2,ses-03,run-03,144.467,74.836,178.467,2,387.9717391304348,392.3195652173913
49,normativeprosocial1+normativeprosocial2+normativeprosocial3,ses-03_run-03_order-02_content-normativeprosocial1_chunk_0018.mp4,normativeprosocial1,36,38,2,ses-03,run-03,144.467,74.836,180.467,2,392.3195652173913,396.66739130434786
49,normativeprosocial1+normativeprosocial2+normativeprosocial3,ses-03_run-03_order-02_content-normativeprosocial1_chunk_0019.mp4,normativeprosocial1,38,40,2,ses-03,run-03,144.467,74.836,182.467,2,396.66739130434786,401.01521739130436
49,normativeprosocial1+normativeprosocial2+normativeprosocial3,ses-03_run-03_order-02_content-normativeprosocial1_chunk_0000.mp4,normativeprosocial1,0,2,2,ses-03,run-03,144.467,74.836,144.467,2,314.0586956521739,318.4065217391304
49,normativeprosocial1+normativeprosocial2+normativeprosocial3,ses-03_run-03_order-02_content-normativeprosocial1_chunk_0004.mp4,normativeprosocial1,8,10,2,ses-03,run-03,144.467,74.836,152.467,2,331.45,335.79782608695655
49,normativeprosocial1+normativeprosocial2+normativeprosocial3,ses-03_run-03_order-02_content-normativeprosocial1_chunk_0001.mp4,normativeprosocial1,2,4,2,ses-03,run-03,144.467,74.836,146.467,2,318.4065217391304,322.754347826087
49,normativeprosocial1+normativeprosocial2+normativeprosocial3,ses-03_run-03_order-02_content-normativeprosocial1_chunk_0002.mp4,normativeprosocial1,4,6,2,ses-03,run-03,144.467,74.836,148.467,2,322.754347826087,327.1021739130435
49,normativeprosocial1+normativeprosocial2+normativeprosocial3,ses-03_run-03_order-02_content-normativeprosocial1_chunk_0003.mp4,normativeprosocial1,6,8,2,ses-03,run-03,144.467,74.836,150.467,2,327.1021739130435,331.45
49,normativeprosocial1+normativeprosocial2+normativeprosocial3,ses-03_run-03_order-02_content-normativeprosocial1_chunk_0007.mp4,normativeprosocial1,14,16,2,ses-03,run-03,144.467,74.836,158.467,2,344.49347826086955,348.8413043478261
49,normativeprosocial1+normativeprosocial2+normativeprosocial3,ses-03_run-03_order-02_content-normativeprosocial1_chunk_0008.mp4,normativeprosocial1,16,18,2,ses-03,run-03,144.467,74.836,160.467,2,348.8413043478261,353.1891304347826
49,normativeprosocial1+normativeprosocial2+normativeprosocial3,ses-03_run-03_order-02_content-normativeprosocial1_chunk_0005.mp4,normativeprosocial1,10,12,2,ses-03,run-03,144.467,74.836,154.467,2,335.79782608695655,340.14565217391305
49,normativeprosocial1+normativeprosocial2+normativeprosocial3,ses-03_run-03_order-02_content-normativeprosocial1_chunk_0006.mp4,normativeprosocial1,12,14,2,ses-03,run-03,144.467,74.836,156.467,2,340.14565217391305,344.49347826086955
49,normativeprosocial1+normativeprosocial2+normativeprosocial3,ses-03_run-03_order-02_content-normativeprosocial1_chunk_0009.mp4,normativeprosocial1,18,20,2,ses-03,run-03,144.467,74.836,162.467,2,353.1891304347826,357.53695652173917
49,normativeprosocial1+normativeprosocial2+normativeprosocial3,ses-03_run-03_order-02_content-normativeprosocial1_chunk_0010.mp4,normativeprosocial1,20,22,2,ses-03,run-03,144.467,74.836,164.467,2,357.53695652173917,361.8847826086957
49,normativeprosocial1+normativeprosocial2+normativeprosocial3,ses-03_run-03_order-02_content-normativeprosocial1_chunk_0011.mp4,normativeprosocial1,22,24,2,ses-03,run-03,144.467,74.836,166.467,2,361.8847826086957,366.2326086956522
49,normativeprosocial1+normativeprosocial2+normativeprosocial3,ses-03_run-03_order-02_content-normativeprosocial1_chunk_0012.mp4,normativeprosocial1,24,26,2,ses-03,run-03,144.467,74.836,168.467,2,366.2326086956522,370.58043478260873
49,normativeprosocial1+normativeprosocial2+normativeprosocial3,ses-03_run-03_order-02_content-normativeprosocial1_chunk_0013.mp4,normativeprosocial1,26,28,2,ses-03,run-03,144.467,74.836,170.467,2,370.58043478260873,374.92826086956524
49,normativeprosocial1+normativeprosocial2+normativeprosocial3,ses-03_run-03_order-02_content-normativeprosocial1_chunk_0014.mp4,normativeprosocial1,28,30,2,ses-03,run-03,144.467,74.836,172.467,2,374.92826086956524,379.27608695652174
49,normativeprosocial1+normativeprosocial2+normativeprosocial3,ses-03_run-02_order-02_content-normativeprosocial3_chunk_0036.mp4,normativeprosocial3,72,74,2,ses-03,run-02,185.982,86.531,257.98199999999997,2,560.8304347826086,565.1782608695652
49,normativeprosocial1+normativeprosocial2+normativeprosocial3,ses-03_run-02_order-02_content-normativeprosocial3_chunk_0037.mp4,normativeprosocial3,74,76,2,ses-03,run-02,185.982,86.531,259.98199999999997,2,565.1782608695652,569.5260869565217
49,normativeprosocial1+normativeprosocial2+normativeprosocial3,ses-03_run-02_order-02_content-normativeprosocial3_chunk_0034.mp4,normativeprosocial3,68,70,2,ses-03,run-02,185.982,86.531,253.982,2,552.1347826086957,556.4826086956522
49,normativeprosocial1+normativeprosocial2+normativeprosocial3,ses-03_run-02_order-02_content-normativeprosocial3_chunk_0035.mp4,normativeprosocial3,70,72,2,ses-03,run-02,185.982,86.531,255.982,2,556.4826086956522,560.8304347826086
49,normativeprosocial1+normativeprosocial2+normativeprosocial3,ses-03_run-02_order-02_content-normativeprosocial3_chunk_0038.mp4,normativeprosocial3,76,78,2,ses-03,run-02,185.982,86.531,261.98199999999997,2,569.5260869565217,573.8739130434782
49,normativeprosocial1+normativeprosocial2+normativeprosocial3,ses-03_run-02_order-02_content-normativeprosocial3_chunk_0039.mp4,normativeprosocial3,78,80,2,ses-03,run-02,185.982,86.531,263.98199999999997,2,573.8739130434782,578.2217391304347
49,normativeprosocial1+normativeprosocial2+normativeprosocial3,ses-03_run-02_order-02_content-normativeprosocial3_chunk_0042.mp4,normativeprosocial3,84,86,2,ses-03,run-02,185.982,86.531,269.98199999999997,2,586.9173913043477,591.2652173913043
49,normativeprosocial1+normativeprosocial2+normativeprosocial3,ses-03_run-02_order-02_content-normativeprosocial3_chunk_0040.mp4,normativeprosocial3,80,82,2,ses-03,run-02,185.982,86.531,265.98199999999997,2,578.2217391304347,582.5695652173912
49,normativeprosocial1+normativeprosocial2+normativeprosocial3,ses-03_run-02_order-02_content-normativeprosocial3_chunk_0041.mp4,normativeprosocial3,82,84,2,ses-03,run-02,185.982,86.531,267.98199999999997,2,582.5695652173912,586.9173913043477
49,normativeprosocial1+normativeprosocial2+normativeprosocial3,ses-03_run-02_order-02_content-normativeprosocial3_chunk_0029.mp4,normativeprosocial3,58,60,2,ses-03,run-02,185.982,86.531,243.982,2,530.395652173913,534.7434782608696
49,normativeprosocial1+normativeprosocial2+normativeprosocial3,ses-03_run-02_order-02_content-normativeprosocial3_chunk_0030.mp4,normativeprosocial3,60,62,2,ses-03,run-02,185.982,86.531,245.982,2,534.7434782608696,539.091304347826
49,normativeprosocial1+normativeprosocial2+normativeprosocial3,ses-03_run-02_order-02_content-normativeprosocial3_chunk_0033.mp4,normativeprosocial3,66,68,2,ses-03,run-02,185.982,86.531,251.982,2,547.7869565217391,552.1347826086957
49,normativeprosocial1+normativeprosocial2+normativeprosocial3,ses-03_run-02_order-02_content-normativeprosocial3_chunk_0031.mp4,normativeprosocial3,62,64,2,ses-03,run-02,185.982,86.531,247.982,2,539.091304347826,543.4391304347826
49,normativeprosocial1+normativeprosocial2+normativeprosocial3,ses-03_run-02_order-02_content-normativeprosocial3_chunk_0032.mp4,normativeprosocial3,64,66,2,ses-03,run-02,185.982,86.531,249.982,2,543.4391304347826,547.7869565217391
49,normativeprosocial1+normativeprosocial2+normativeprosocial3,ses-03_run-02_order-02_content-normativeprosocial3_chunk_0015.mp4,normativeprosocial3,30,32,2,ses-03,run-02,185.982,86.531,215.982,2,469.52608695652174,473.87391304347824
49,normativeprosocial1+normativeprosocial2+normativeprosocial3,ses-03_run-02_order-02_content-normativeprosocial3_chunk_0016.mp4,normativeprosocial3,32,34,2,ses-03,run-02,185.982,86.531,217.982,2,473.87391304347824,478.22173913043474
49,normativeprosocial1+normativeprosocial2+normativeprosocial3,ses-03_run-02_order-02_content-normativeprosocial3_chunk_0019.mp4,normativeprosocial3,38,40,2,ses-03,run-02,185.982,86.531,223.982,2,486.9173913043478,491.2652173913043
49,normativeprosocial1+normativeprosocial2+normativeprosocial3,ses-03_run-02_order-02_content-normativeprosocial3_chunk_0020.mp4,normativeprosocial3,40,42,2,ses-03,run-02,185.982,86.531,225.982,2,491.2652173913043,495.61304347826086
49,normativeprosocial1+normativeprosocial2+normativeprosocial3,ses-03_run-02_order-02_content-normativeprosocial3_chunk_0017.mp4,normativeprosocial3,34,36,2,ses-03,run-02,185.982,86.531,219.982,2,478.22173913043474,482.5695652173913
49,normativeprosocial1+normativeprosocial2+normativeprosocial3,ses-03_run-02_order-02_content-normativeprosocial3_chunk_0018.mp4,normativeprosocial3,36,38,2,ses-03,run-02,185.982,86.531,221.982,2,482.5695652173913,486.9173913043478
49,normativeprosocial1+normativeprosocial2+normativeprosocial3,ses-03_run-02_order-02_content-normativeprosocial3_chunk_0023.mp4,normativeprosocial3,46,48,2,ses-03,run-02,185.982,86.531,231.982,2,504.30869565217387,508.6565217391304
49,normativeprosocial1+normativeprosocial2+normativeprosocial3,ses-03_run-02_order-02_content-normativeprosocial3_chunk_0024.mp4,normativeprosocial3,48,50,2,ses-03,run-02,185.982,86.531,233.982,2,508.6565217391304,513.0043478260869
49,normativeprosocial1+normativeprosocial2+normativeprosocial3,ses-03_run-02_order-02_content-normativeprosocial3_chunk_0021.mp4,normativeprosocial3,42,44,2,ses-03,run-02,185.982,86.531,227.982,2,495.61304347826086,499.96086956521737
49,normativeprosocial1+normativeprosocial2+normativeprosocial3,ses-03_run-02_order-02_content-normativeprosocial3_chunk_0022.mp4,normativeprosocial3,44,46,2,ses-03,run-02,185.982,86.531,229.982,2,499.96086956521737,504.30869565217387
49,normativeprosocial1+normativeprosocial2+normativeprosocial3,ses-03_run-02_order-02_content-normativeprosocial3_chunk_0027.mp4,normativeprosocial3,54,56,2,ses-03,run-02,185.982,86.531,239.982,2,521.6999999999999,526.0478260869565
49,normativeprosocial1+normativeprosocial2+normativeprosocial3,ses-03_run-02_order-02_content-normativeprosocial3_chunk_0028.mp4,normativeprosocial3,56,58,2,ses-03,run-02,185.982,86.531,241.982,2,526.0478260869565,530.395652173913
49,normativeprosocial1+normativeprosocial2+normativeprosocial3,ses-03_run-02_order-02_content-normativeprosocial3_chunk_0025.mp4,normativeprosocial3,50,52,2,ses-03,run-02,185.982,86.531,235.982,2,513.0043478260869,517.3521739130434
49,normativeprosocial1+normativeprosocial2+normativeprosocial3,ses-03_run-02_order-02_content-normativeprosocial3_chunk_0026.mp4,normativeprosocial3,52,54,2,ses-03,run-02,185.982,86.531,237.982,2,517.3521739130434,521.6999999999999
49,normativeprosocial1+normativeprosocial2+normativeprosocial3,ses-03_run-02_order-02_content-normativeprosocial3_chunk_0013.mp4,normativeprosocial3,26,28,2,ses-03,run-02,185.982,86.531,211.982,2,460.8304347826087,465.1782608695652
49,normativeprosocial1+normativeprosocial2+normativeprosocial3,ses-03_run-02_order-02_content-normativeprosocial3_chunk_0014.mp4,normativeprosocial3,28,30,2,ses-03,run-02,185.982,86.531,213.982,2,465.1782608695652,469.52608695652174
49,normativeprosocial1+normativeprosocial2+normativeprosocial3,ses-03_run-02_order-02_content-normativeprosocial3_chunk_0010.mp4,normativeprosocial3,20,22,2,ses-03,run-02,185.982,86.531,205.982,2,447.7869565217391,452.1347826086956
49,normativeprosocial1+normativeprosocial2+normativeprosocial3,ses-03_run-02_order-02_content-normativeprosocial3_chunk_0011.mp4,normativeprosocial3,22,24,2,ses-03,run-02,185.982,86.531,207.982,2,452.1347826086956,456.4826086956522
49,normativeprosocial1+normativeprosocial2+normativeprosocial3,ses-03_run-02_order-02_content-normativeprosocial3_chunk_0012.mp4,normativeprosocial3,24,26,2,ses-03,run-02,185.982,86.531,209.982,2,456.4826086956522,460.8304347826087
49,normativeprosocial1+normativeprosocial2+normativeprosocial3,ses-03_run-02_order-02_content-normativeprosocial3_chunk_0001.mp4,normativeprosocial3,2,4,2,ses-03,run-02,185.982,86.531,187.982,2,408.6565217391304,413.0043478260869
49,normativeprosocial1+normativeprosocial2+normativeprosocial3,ses-03_run-02_order-02_content-normativeprosocial3_chunk_0002.mp4,normativeprosocial3,4,6,2,ses-03,run-02,185.982,86.531,189.982,2,413.0043478260869,417.3521739130435
49,normativeprosocial1+normativeprosocial2+normativeprosocial3,ses-03_run-02_order-02_content-normativeprosocial3_chunk_0009.mp4,normativeprosocial3,18,20,2,ses-03,run-02,185.982,86.531,203.982,2,443.4391304347826,447.7869565217391
49,normativeprosocial1+normativeprosocial2+normativeprosocial3,ses-03_run-02_order-02_content-normativeprosocial3_chunk_0007.mp4,normativeprosocial3,14,16,2,ses-03,run-02,185.982,86.531,199.982,2,434.74347826086955,439.09130434782605
49,normativeprosocial1+normativeprosocial2+normativeprosocial3,ses-03_run-02_order-02_content-normativeprosocial3_chunk_0008.mp4,normativeprosocial3,16,18,2,ses-03,run-02,185.982,86.531,201.982,2,439.09130434782605,443.4391304347826
49,normativeprosocial1+normativeprosocial2+normativeprosocial3,ses-03_run-02_order-02_content-normativeprosocial3_chunk_0003.mp4,normativeprosocial3,6,8,2,ses-03,run-02,185.982,86.531,191.982,2,417.3521739130435,421.7
49,normativeprosocial1+normativeprosocial2+normativeprosocial3,ses-03_run-02_order-02_content-normativeprosocial3_chunk_0004.mp4,normativeprosocial3,8,10,2,ses-03,run-02,185.982,86.531,193.982,2,421.7,426.0478260869565
49,normativeprosocial1+normativeprosocial2+normativeprosocial3,ses-03_run-02_order-02_content-normativeprosocial3_chunk_0005.mp4,normativeprosocial3,10,12,2,ses-03,run-02,185.982,86.531,195.982,2,426.0478260869565,430.39565217391305
49,normativeprosocial1+normativeprosocial2+normativeprosocial3,ses-03_run-02_order-02_content-normativeprosocial3_chunk_0006.mp4,normativeprosocial3,12,14,2,ses-03,run-02,185.982,86.531,197.982,2,430.39565217391305,434.74347826086955
50,mediabias,ses-02_run-02_order-01_content-mediabias_chunk_0048.mp4,mediabias,96,98,2,ses-02,run-02,2.771,119.089,98.771,2,214.7195652173913,219.0673913043478
50,mediabias,ses-02_run-02_order-01_content-mediabias_chunk_0049.mp4,mediabias,98,100,2,ses-02,run-02,2.771,119.089,100.771,2,219.0673913043478,223.41521739130434
50,mediabias,ses-02_run-02_order-01_content-mediabias_chunk_0052.mp4,mediabias,104,106,2,ses-02,run-02,2.771,119.089,106.771,2,232.11086956521737,236.4586956521739
50,mediabias,ses-02_run-02_order-01_content-mediabias_chunk_0050.mp4,mediabias,100,102,2,ses-02,run-02,2.771,119.089,102.771,2,223.41521739130434,227.76304347826087
50,mediabias,ses-02_run-02_order-01_content-mediabias_chunk_0051.mp4,mediabias,102,104,2,ses-02,run-02,2.771,119.089,104.771,2,227.76304347826087,232.11086956521737
50,mediabias,ses-02_run-02_order-01_content-mediabias_chunk_0055.mp4,mediabias,110,112,2,ses-02,run-02,2.771,119.089,112.771,2,245.15434782608693,249.50217391304346
50,mediabias,ses-02_run-02_order-01_content-mediabias_chunk_0056.mp4,mediabias,112,114,2,ses-02,run-02,2.771,119.089,114.771,2,249.50217391304346,253.85
50,mediabias,ses-02_run-02_order-01_content-mediabias_chunk_0057.mp4,mediabias,114,116,2,ses-02,run-02,2.771,119.089,116.771,2,253.85,258.1978260869565
50,mediabias,ses-02_run-02_order-01_content-mediabias_chunk_0058.mp4,mediabias,116,118,2,ses-02,run-02,2.771,119.089,118.771,2,258.1978260869565,262.545652173913
50,mediabias,ses-02_run-02_order-01_content-mediabias_chunk_0053.mp4,mediabias,106,108,2,ses-02,run-02,2.771,119.089,108.771,2,236.4586956521739,240.80652173913043
50,mediabias,ses-02_run-02_order-01_content-mediabias_chunk_0054.mp4,mediabias,108,110,2,ses-02,run-02,2.771,119.089,110.771,2,240.80652173913043,245.15434782608693
50,mediabias,ses-02_run-02_order-01_content-mediabias_chunk_0042.mp4,mediabias,84,86,2,ses-02,run-02,2.771,119.089,86.771,2,188.63260869565218,192.98043478260868
50,mediabias,ses-02_run-02_order-01_content-mediabias_chunk_0043.mp4,mediabias,86,88,2,ses-02,run-02,2.771,119.089,88.771,2,192.98043478260868,197.3282608695652
50,mediabias,ses-02_run-02_order-01_content-mediabias_chunk_0046.mp4,mediabias,92,94,2,ses-02,run-02,2.771,119.089,94.771,2,206.02391304347825,210.37173913043478
50,mediabias,ses-02_run-02_order-01_content-mediabias_chunk_0047.mp4,mediabias,94,96,2,ses-02,run-02,2.771,119.089,96.771,2,210.37173913043478,214.7195652173913
50,mediabias,ses-02_run-02_order-01_content-mediabias_chunk_0044.mp4,mediabias,88,90,2,ses-02,run-02,2.771,119.089,90.771,2,197.3282608695652,201.67608695652174
50,mediabias,ses-02_run-02_order-01_content-mediabias_chunk_0045.mp4,mediabias,90,92,2,ses-02,run-02,2.771,119.089,92.771,2,201.67608695652174,206.02391304347825
50,mediabias,ses-02_run-02_order-01_content-mediabias_chunk_0041.mp4,mediabias,82,84,2,ses-02,run-02,2.771,119.089,84.771,2,184.28478260869565,188.63260869565218
50,mediabias,ses-02_run-02_order-01_content-mediabias_chunk_0039.mp4,mediabias,78,80,2,ses-02,run-02,2.771,119.089,80.771,2,175.5891304347826,179.93695652173912
50,mediabias,ses-02_run-02_order-01_content-mediabias_chunk_0040.mp4,mediabias,80,82,2,ses-02,run-02,2.771,119.089,82.771,2,179.93695652173912,184.28478260869565
50,mediabias,ses-02_run-02_order-01_content-mediabias_chunk_0035.mp4,mediabias,70,72,2,ses-02,run-02,2.771,119.089,72.771,2,158.19782608695652,162.54565217391303
50,mediabias,ses-02_run-02_order-01_content-mediabias_chunk_0036.mp4,mediabias,72,74,2,ses-02,run-02,2.771,119.089,74.771,2,162.54565217391303,166.89347826086956
50,mediabias,ses-02_run-02_order-01_content-mediabias_chunk_0037.mp4,mediabias,74,76,2,ses-02,run-02,2.771,119.089,76.771,2,166.89347826086956,171.2413043478261
50,mediabias,ses-02_run-02_order-01_content-mediabias_chunk_0038.mp4,mediabias,76,78,2,ses-02,run-02,2.771,119.089,78.771,2,171.2413043478261,175.5891304347826
50,mediabias,ses-02_run-02_order-01_content-mediabias_chunk_0031.mp4,mediabias,62,64,2,ses-02,run-02,2.771,119.089,64.771,2,140.80652173913043,145.15434782608696
50,mediabias,ses-02_run-02_order-01_content-mediabias_chunk_0032.mp4,mediabias,64,66,2,ses-02,run-02,2.771,119.089,66.771,2,145.15434782608696,149.50217391304346
50,mediabias,ses-02_run-02_order-01_content-mediabias_chunk_0033.mp4,mediabias,66,68,2,ses-02,run-02,2.771,119.089,68.771,2,149.50217391304346,153.85
50,mediabias,ses-02_run-02_order-01_content-mediabias_chunk_0034.mp4,mediabias,68,70,2,ses-02,run-02,2.771,119.089,70.771,2,153.85,158.19782608695652
50,mediabias,ses-02_run-02_order-01_content-mediabias_chunk_0025.mp4,mediabias,50,52,2,ses-02,run-02,2.771,119.089,52.771,2,114.7195652173913,119.06739130434782
50,mediabias,ses-02_run-02_order-01_content-mediabias_chunk_0026.mp4,mediabias,52,54,2,ses-02,run-02,2.771,119.089,54.771,2,119.06739130434782,123.41521739130434
50,mediabias,ses-02_run-02_order-01_content-mediabias_chunk_0027.mp4,mediabias,54,56,2,ses-02,run-02,2.771,119.089,56.771,2,123.41521739130434,127.76304347826087
50,mediabias,ses-02_run-02_order-01_content-mediabias_chunk_0028.mp4,mediabias,56,58,2,ses-02,run-02,2.771,119.089,58.771,2,127.76304347826087,132.1108695652174
50,mediabias,ses-02_run-02_order-01_content-mediabias_chunk_0029.mp4,mediabias,58,60,2,ses-02,run-02,2.771,119.089,60.771,2,132.1108695652174,136.4586956521739
50,mediabias,ses-02_run-02_order-01_content-mediabias_chunk_0030.mp4,mediabias,60,62,2,ses-02,run-02,2.771,119.089,62.771,2,136.4586956521739,140.80652173913043
50,mediabias,ses-02_run-02_order-01_content-mediabias_chunk_0020.mp4,mediabias,40,42,2,ses-02,run-02,2.771,119.089,42.771,2,92.9804347826087,97.32826086956521
50,mediabias,ses-02_run-02_order-01_content-mediabias_chunk_0021.mp4,mediabias,42,44,2,ses-02,run-02,2.771,119.089,44.771,2,97.32826086956521,101.67608695652174
50,mediabias,ses-02_run-02_order-01_content-mediabias_chunk_0022.mp4,mediabias,44,46,2,ses-02,run-02,2.771,119.089,46.771,2,101.67608695652174,106.02391304347826
50,mediabias,ses-02_run-02_order-01_content-mediabias_chunk_0023.mp4,mediabias,46,48,2,ses-02,run-02,2.771,119.089,48.771,2,106.02391304347826,110.37173913043478
50,mediabias,ses-02_run-02_order-01_content-mediabias_chunk_0024.mp4,mediabias,48,50,2,ses-02,run-02,2.771,119.089,50.771,2,110.37173913043478,114.7195652173913
50,mediabias,ses-02_run-02_order-01_content-mediabias_chunk_0000.mp4,mediabias,0,2,2,ses-02,run-02,2.771,119.089,2.771,2,6.02391304347826,10.371739130434783
50,mediabias,ses-02_run-02_order-01_content-mediabias_chunk_0001.mp4,mediabias,2,4,2,ses-02,run-02,2.771,119.089,4.771,2,10.371739130434783,14.719565217391304
50,mediabias,ses-02_run-02_order-01_content-mediabias_chunk_0002.mp4,mediabias,4,6,2,ses-02,run-02,2.771,119.089,6.771,2,14.719565217391304,19.067391304347826
50,mediabias,ses-02_run-02_order-01_content-mediabias_chunk_0003.mp4,mediabias,6,8,2,ses-02,run-02,2.771,119.089,8.771,2,19.067391304347826,23.41521739130435
50,mediabias,ses-02_run-02_order-01_content-mediabias_chunk_0004.mp4,mediabias,8,10,2,ses-02,run-02,2.771,119.089,10.771,2,23.41521739130435,27.76304347826087
50,mediabias,ses-02_run-02_order-01_content-mediabias_chunk_0005.mp4,mediabias,10,12,2,ses-02,run-02,2.771,119.089,12.771,2,27.76304347826087,32.11086956521739
50,mediabias,ses-02_run-02_order-01_content-mediabias_chunk_0006.mp4,mediabias,12,14,2,ses-02,run-02,2.771,119.089,14.771,2,32.11086956521739,36.458695652173915
50,mediabias,ses-02_run-02_order-01_content-mediabias_chunk_0007.mp4,mediabias,14,16,2,ses-02,run-02,2.771,119.089,16.771,2,36.458695652173915,40.80652173913043
50,mediabias,ses-02_run-02_order-01_content-mediabias_chunk_0016.mp4,mediabias,32,34,2,ses-02,run-02,2.771,119.089,34.771,2,75.5891304347826,79.93695652173913
50,mediabias,ses-02_run-02_order-01_content-mediabias_chunk_0017.mp4,mediabias,34,36,2,ses-02,run-02,2.771,119.089,36.771,2,79.93695652173913,84.28478260869565
50,mediabias,ses-02_run-02_order-01_content-mediabias_chunk_0018.mp4,mediabias,36,38,2,ses-02,run-02,2.771,119.089,38.771,2,84.28478260869565,88.63260869565217
50,mediabias,ses-02_run-02_order-01_content-mediabias_chunk_0019.mp4,mediabias,38,40,2,ses-02,run-02,2.771,119.089,40.771,2,88.63260869565217,92.9804347826087
50,mediabias,ses-02_run-02_order-01_content-mediabias_chunk_0014.mp4,mediabias,28,30,2,ses-02,run-02,2.771,119.089,30.771,2,66.89347826086956,71.24130434782609
50,mediabias,ses-02_run-02_order-01_content-mediabias_chunk_0015.mp4,mediabias,30,32,2,ses-02,run-02,2.771,119.089,32.771,2,71.24130434782609,75.5891304347826
50,mediabias,ses-02_run-02_order-01_content-mediabias_chunk_0013.mp4,mediabias,26,28,2,ses-02,run-02,2.771,119.089,28.771,2,62.54565217391304,66.89347826086956
50,mediabias,ses-02_run-02_order-01_content-mediabias_chunk_0011.mp4,mediabias,22,24,2,ses-02,run-02,2.771,119.089,24.771,2,53.85,58.19782608695652
50,mediabias,ses-02_run-02_order-01_content-mediabias_chunk_0012.mp4,mediabias,24,26,2,ses-02,run-02,2.771,119.089,26.771,2,58.19782608695652,62.54565217391304
50,mediabias,ses-02_run-02_order-01_content-mediabias_chunk_0010.mp4,mediabias,20,22,2,ses-02,run-02,2.771,119.089,22.771,2,49.50217391304348,53.85
50,mediabias,ses-02_run-02_order-01_content-mediabias_chunk_0008.mp4,mediabias,16,18,2,ses-02,run-02,2.771,119.089,18.771,2,40.80652173913043,45.154347826086955
50,mediabias,ses-02_run-02_order-01_content-mediabias_chunk_0009.mp4,mediabias,18,20,2,ses-02,run-02,2.771,119.089,20.771,2,45.154347826086955,49.50217391304348
51,gangan,ses-04_run-02_order-03_content-gangan_chunk_0042.mp4,gangan,84,86,2,ses-04,run-02,187.049,138.731,271.049,2,589.2369565217391,593.5847826086956
51,gangan,ses-04_run-02_order-03_content-gangan_chunk_0040.mp4,gangan,80,82,2,ses-04,run-02,187.049,138.731,267.049,2,580.541304347826,584.8891304347825
51,gangan,ses-04_run-02_order-03_content-gangan_chunk_0041.mp4,gangan,82,84,2,ses-04,run-02,187.049,138.731,269.049,2,584.8891304347825,589.2369565217391
51,gangan,ses-04_run-02_order-03_content-gangan_chunk_0038.mp4,gangan,76,78,2,ses-04,run-02,187.049,138.731,263.049,2,571.845652173913,576.1934782608695
51,gangan,ses-04_run-02_order-03_content-gangan_chunk_0039.mp4,gangan,78,80,2,ses-04,run-02,187.049,138.731,265.049,2,576.1934782608695,580.541304347826
51,gangan,ses-04_run-02_order-03_content-gangan_chunk_0035.mp4,gangan,70,72,2,ses-04,run-02,187.049,138.731,257.049,2,558.8021739130434,563.15
51,gangan,ses-04_run-02_order-03_content-gangan_chunk_0036.mp4,gangan,72,74,2,ses-04,run-02,187.049,138.731,259.049,2,563.15,567.4978260869565
51,gangan,ses-04_run-02_order-03_content-gangan_chunk_0037.mp4,gangan,74,76,2,ses-04,run-02,187.049,138.731,261.049,2,567.4978260869565,571.845652173913
51,gangan,ses-04_run-02_order-03_content-gangan_chunk_0049.mp4,gangan,98,100,2,ses-04,run-02,187.049,138.731,285.049,2,619.6717391304347,624.0195652173912
51,gangan,ses-04_run-02_order-03_content-gangan_chunk_0050.mp4,gangan,100,102,2,ses-04,run-02,187.049,138.731,287.049,2,624.0195652173912,628.3673913043477
51,gangan,ses-04_run-02_order-03_content-gangan_chunk_0051.mp4,gangan,102,104,2,ses-04,run-02,187.049,138.731,289.049,2,628.3673913043477,632.7152173913042
51,gangan,ses-04_run-02_order-03_content-gangan_chunk_0052.mp4,gangan,104,106,2,ses-04,run-02,187.049,138.731,291.049,2,632.7152173913042,637.0630434782607
51,gangan,ses-04_run-02_order-03_content-gangan_chunk_0047.mp4,gangan,94,96,2,ses-04,run-02,187.049,138.731,281.049,2,610.9760869565216,615.3239130434782
51,gangan,ses-04_run-02_order-03_content-gangan_chunk_0048.mp4,gangan,96,98,2,ses-04,run-02,187.049,138.731,283.049,2,615.3239130434782,619.6717391304347
51,gangan,ses-04_run-02_order-03_content-gangan_chunk_0045.mp4,gangan,90,92,2,ses-04,run-02,187.049,138.731,277.049,2,602.2804347826086,606.6282608695651
51,gangan,ses-04_run-02_order-03_content-gangan_chunk_0046.mp4,gangan,92,94,2,ses-04,run-02,187.049,138.731,279.049,2,606.6282608695651,610.9760869565216
51,gangan,ses-04_run-02_order-03_content-gangan_chunk_0043.mp4,gangan,86,88,2,ses-04,run-02,187.049,138.731,273.049,2,593.5847826086956,597.9326086956521
51,gangan,ses-04_run-02_order-03_content-gangan_chunk_0044.mp4,gangan,88,90,2,ses-04,run-02,187.049,138.731,275.049,2,597.9326086956521,602.2804347826086
52,gangan,ses-04_run-02_order-03_content-gangan_chunk_0067.mp4,gangan,134,136,2,ses-04,run-02,187.049,138.731,321.049,2,697.9326086956521,702.2804347826086
52,gangan,ses-04_run-02_order-03_content-gangan_chunk_0068.mp4,gangan,136,138,2,ses-04,run-02,187.049,138.731,323.049,2,702.2804347826086,706.6282608695651
52,gangan,ses-04_run-02_order-03_content-gangan_chunk_0065.mp4,gangan,130,132,2,ses-04,run-02,187.049,138.731,317.049,2,689.2369565217391,693.5847826086956
52,gangan,ses-04_run-02_order-03_content-gangan_chunk_0066.mp4,gangan,132,134,2,ses-04,run-02,187.049,138.731,319.049,2,693.5847826086956,697.9326086956521
52,gangan,ses-04_run-02_order-03_content-gangan_chunk_0062.mp4,gangan,124,126,2,ses-04,run-02,187.049,138.731,311.049,2,676.1934782608695,680.541304347826
52,gangan,ses-04_run-02_order-03_content-gangan_chunk_0063.mp4,gangan,126,128,2,ses-04,run-02,187.049,138.731,313.049,2,680.541304347826,684.8891304347825
52,gangan,ses-04_run-02_order-03_content-gangan_chunk_0064.mp4,gangan,128,130,2,ses-04,run-02,187.049,138.731,315.049,2,684.8891304347825,689.2369565217391
52,gangan,ses-04_run-02_order-03_content-gangan_chunk_0053.mp4,gangan,106,108,2,ses-04,run-02,187.049,138.731,293.049,2,637.0630434782607,641.4108695652174
52,gangan,ses-04_run-02_order-03_content-gangan_chunk_0054.mp4,gangan,108,110,2,ses-04,run-02,187.049,138.731,295.049,2,641.4108695652174,645.7586956521739
52,gangan,ses-04_run-02_order-03_content-gangan_chunk_0055.mp4,gangan,110,112,2,ses-04,run-02,187.049,138.731,297.049,2,645.7586956521739,650.1065217391304
52,gangan,ses-04_run-02_order-03_content-gangan_chunk_0058.mp4,gangan,116,118,2,ses-04,run-02,187.049,138.731,303.049,2,658.8021739130434,663.15
52,gangan,ses-04_run-02_order-03_content-gangan_chunk_0056.mp4,gangan,112,114,2,ses-04,run-02,187.049,138.731,299.049,2,650.1065217391304,654.4543478260869
52,gangan,ses-04_run-02_order-03_content-gangan_chunk_0057.mp4,gangan,114,116,2,ses-04,run-02,187.049,138.731,301.049,2,654.4543478260869,658.8021739130434
52,gangan,ses-04_run-02_order-03_content-gangan_chunk_0061.mp4,gangan,122,124,2,ses-04,run-02,187.049,138.731,309.049,2,671.845652173913,676.1934782608695
52,gangan,ses-04_run-02_order-03_content-gangan_chunk_0059.mp4,gangan,118,120,2,ses-04,run-02,187.049,138.731,305.049,2,663.15,667.4978260869565
52,gangan,ses-04_run-02_order-03_content-gangan_chunk_0060.mp4,gangan,120,122,2,ses-04,run-02,187.049,138.731,307.049,2,667.4978260869565,671.845652173913
53,gangan,ses-04_run-02_order-03_content-gangan_chunk_0005.mp4,gangan,10,12,2,ses-04,run-02,187.049,138.731,197.049,2,428.36739130434785,432.71521739130435
53,gangan,ses-04_run-02_order-03_content-gangan_chunk_0006.mp4,gangan,12,14,2,ses-04,run-02,187.049,138.731,199.049,2,432.71521739130435,437.06304347826085
53,gangan,ses-04_run-02_order-03_content-gangan_chunk_0009.mp4,gangan,18,20,2,ses-04,run-02,187.049,138.731,205.049,2,445.7586956521739,450.1065217391304
53,gangan,ses-04_run-02_order-03_content-gangan_chunk_0010.mp4,gangan,20,22,2,ses-04,run-02,187.049,138.731,207.049,2,450.1065217391304,454.454347826087
53,gangan,ses-04_run-02_order-03_content-gangan_chunk_0007.mp4,gangan,14,16,2,ses-04,run-02,187.049,138.731,201.049,2,437.06304347826085,441.4108695652174
53,gangan,ses-04_run-02_order-03_content-gangan_chunk_0008.mp4,gangan,16,18,2,ses-04,run-02,187.049,138.731,203.049,2,441.4108695652174,445.7586956521739
53,gangan,ses-04_run-02_order-03_content-gangan_chunk_0003.mp4,gangan,6,8,2,ses-04,run-02,187.049,138.731,193.049,2,419.6717391304348,424.0195652173913
53,gangan,ses-04_run-02_order-03_content-gangan_chunk_0004.mp4,gangan,8,10,2,ses-04,run-02,187.049,138.731,195.049,2,424.0195652173913,428.36739130434785
53,gangan,ses-04_run-02_order-03_content-gangan_chunk_0002.mp4,gangan,4,6,2,ses-04,run-02,187.049,138.731,191.049,2,415.3239130434783,419.6717391304348
53,gangan,ses-04_run-02_order-03_content-gangan_chunk_0000.mp4,gangan,0,2,2,ses-04,run-02,187.049,138.731,187.049,2,406.6282608695652,410.9760869565217
53,gangan,ses-04_run-02_order-03_content-gangan_chunk_0001.mp4,gangan,2,4,2,ses-04,run-02,187.049,138.731,189.049,2,410.9760869565217,415.3239130434783
53,gangan,ses-04_run-02_order-03_content-gangan_chunk_0020.mp4,gangan,40,42,2,ses-04,run-02,187.049,138.731,227.049,2,493.58478260869566,497.93260869565216
53,gangan,ses-04_run-02_order-03_content-gangan_chunk_0021.mp4,gangan,42,44,2,ses-04,run-02,187.049,138.731,229.049,2,497.93260869565216,502.28043478260867
53,gangan,ses-04_run-02_order-03_content-gangan_chunk_0022.mp4,gangan,44,46,2,ses-04,run-02,187.049,138.731,231.049,2,502.28043478260867,506.6282608695652
53,gangan,ses-04_run-02_order-03_content-gangan_chunk_0023.mp4,gangan,46,48,2,ses-04,run-02,187.049,138.731,233.049,2,506.6282608695652,510.9760869565217
53,gangan,ses-04_run-02_order-03_content-gangan_chunk_0034.mp4,gangan,68,70,2,ses-04,run-02,187.049,138.731,255.049,2,554.454347826087,558.8021739130434
53,gangan,ses-04_run-02_order-03_content-gangan_chunk_0031.mp4,gangan,62,64,2,ses-04,run-02,187.049,138.731,249.049,2,541.4108695652174,545.7586956521739
53,gangan,ses-04_run-02_order-03_content-gangan_chunk_0032.mp4,gangan,64,66,2,ses-04,run-02,187.049,138.731,251.049,2,545.7586956521739,550.1065217391305
53,gangan,ses-04_run-02_order-03_content-gangan_chunk_0033.mp4,gangan,66,68,2,ses-04,run-02,187.049,138.731,253.049,2,550.1065217391305,554.454347826087
53,gangan,ses-04_run-02_order-03_content-gangan_chunk_0024.mp4,gangan,48,50,2,ses-04,run-02,187.049,138.731,235.049,2,510.9760869565217,515.3239130434782
53,gangan,ses-04_run-02_order-03_content-gangan_chunk_0025.mp4,gangan,50,52,2,ses-04,run-02,187.049,138.731,237.049,2,515.3239130434782,519.6717391304347
53,gangan,ses-04_run-02_order-03_content-gangan_chunk_0026.mp4,gangan,52,54,2,ses-04,run-02,187.049,138.731,239.049,2,519.6717391304347,524.0195652173913
53,gangan,ses-04_run-02_order-03_content-gangan_chunk_0027.mp4,gangan,54,56,2,ses-04,run-02,187.049,138.731,241.049,2,524.0195652173913,528.3673913043478
53,gangan,ses-04_run-02_order-03_content-gangan_chunk_0028.mp4,gangan,56,58,2,ses-04,run-02,187.049,138.731,243.049,2,528.3673913043478,532.7152173913043
53,gangan,ses-04_run-02_order-03_content-gangan_chunk_0029.mp4,gangan,58,60,2,ses-04,run-02,187.049,138.731,245.049,2,532.7152173913043,537.0630434782609
53,gangan,ses-04_run-02_order-03_content-gangan_chunk_0030.mp4,gangan,60,62,2,ses-04,run-02,187.049,138.731,247.049,2,537.0630434782609,541.4108695652174
53,gangan,ses-04_run-02_order-03_content-gangan_chunk_0018.mp4,gangan,36,38,2,ses-04,run-02,187.049,138.731,223.049,2,484.8891304347826,489.2369565217391
53,gangan,ses-04_run-02_order-03_content-gangan_chunk_0019.mp4,gangan,38,40,2,ses-04,run-02,187.049,138.731,225.049,2,489.2369565217391,493.58478260869566
53,gangan,ses-04_run-02_order-03_content-gangan_chunk_0016.mp4,gangan,32,34,2,ses-04,run-02,187.049,138.731,219.049,2,476.19347826086954,480.5413043478261
53,gangan,ses-04_run-02_order-03_content-gangan_chunk_0017.mp4,gangan,34,36,2,ses-04,run-02,187.049,138.731,221.049,2,480.5413043478261,484.8891304347826
53,gangan,ses-04_run-02_order-03_content-gangan_chunk_0011.mp4,gangan,22,24,2,ses-04,run-02,187.049,138.731,209.049,2,454.454347826087,458.8021739130435
53,gangan,ses-04_run-02_order-03_content-gangan_chunk_0012.mp4,gangan,24,26,2,ses-04,run-02,187.049,138.731,211.049,2,458.8021739130435,463.15
53,gangan,ses-04_run-02_order-03_content-gangan_chunk_0015.mp4,gangan,30,32,2,ses-04,run-02,187.049,138.731,217.049,2,471.84565217391304,476.19347826086954
53,gangan,ses-04_run-02_order-03_content-gangan_chunk_0013.mp4,gangan,26,28,2,ses-04,run-02,187.049,138.731,213.049,2,463.15,467.49782608695654
53,gangan,ses-04_run-02_order-03_content-gangan_chunk_0014.mp4,gangan,28,30,2,ses-04,run-02,187.049,138.731,215.049,2,467.49782608695654,471.84565217391304
